surname,area,probability
A           ,VM,0.5991
AAMER       ,SAS,0.6363
AAMIR       ,SAS,0.9666
ABABA       ,RP,0.8889
ABABON      ,RP,0.8944
ABAC        ,RP,0.5517
ABACA       ,RP,0.8285
ABACAN      ,RP,0.9492
ABAD        ,RP,0.5112
ABADAM      ,RP,1
ABADIANO    ,RP,0.9211
ABADILLA    ,RP,0.9701
ABADSANTOS  ,RP,1
ABAGA       ,RP,0.871
ABAGAT      ,RP,1
ABAIGAR     ,RP,1
ABALLE      ,RP,0.5897
ABALOS      ,RP,0.8116
ABAN        ,RP,0.7309
ABANDO      ,RP,0.9574
ABANES      ,RP,1
ABANG       ,RP,0.5223
ABANGAN     ,RP,0.9305
ABANILLA    ,RP,1
ABANO       ,RP,1
ABANTE      ,RP,0.9444
ABAO        ,RP,1
ABAPO       ,RP,1
ABARA       ,RP,0.5504
ABARIENTOS  ,RP,1
ABARQUEZ    ,RP,1
ABARRA      ,RP,0.8723
ABARRO      ,RP,1
ABARY       ,RP,0.9998
ABASOLO     ,RP,0.6843
ABASSI      ,AF,0.6694
ABASTA      ,RP,0.5297
ABASTILLAS  ,RP,1
ABAT        ,RP,0.9577
ABATAYO     ,RP,0.9998
ABAWI       ,AF,0.6847
ABAYA       ,RP,0.9717
ABAYAN      ,RP,0.8493
ABAYON      ,RP,0.97
ABBARAJU    ,SAS,1
ABBASI      ,SAS,0.6572
ABBI        ,SAS,0.5484
ABBURI      ,SAS,1
ABCEDE      ,RP,1
ABDAZIZ     ,MY,0.9508
ABDHAMID    ,MY,1
ABDON       ,RP,0.7224
ABDRAHIM    ,MY,0.8889
ABDRAHMAN   ,MY,0.9778
ABDULHALIM  ,MY,0.6491
ABDULHAMID  ,MY,0.7406
ABDULMAJID  ,MY,0.5614
ABDULMALEK  ,MY,0.5333
ABDULRASHEE ,SAS,0.942
ABDULRASHID ,MY,0.6545
ABDULZAHIR  ,AF,0.7759
ABE         ,JA,0.9229
ABEAR       ,RP,0.7492
ABEDIN      ,SAS,0.8527
ABEJAR      ,RP,1
ABEJERO     ,RP,1
ABEJO       ,RP,1
ABEJON      ,RP,0.8804
ABEJUELA    ,RP,1
ABELARDE    ,RP,0.8064
ABELARDO    ,RP,0.7466
ABELEDA     ,RP,1
ABELGAS     ,RP,1
ABELLA      ,RP,0.7119
ABELLANA    ,RP,1
ABELLANO    ,RP,0.9143
ABELLANOSA  ,RP,1
ABELLAR     ,RP,1
ABELLERA    ,RP,0.9872
ABELLON     ,RP,0.8953
ABELON      ,RP,0.999
ABEN        ,RP,0.7705
ABENA       ,RP,0.5691
ABENDANIO   ,RP,0.9952
ABENDANO    ,RP,0.5749
ABENES      ,RP,0.9996
ABENOJA     ,RP,0.9999
ABENOJAR    ,RP,0.9808
ABERGAS     ,RP,0.9023
ABERILLA    ,RP,0.9717
ABERIN      ,RP,0.9745
ABERO       ,RP,0.9381
ABES        ,RP,0.9557
ABESAMIS    ,RP,0.9853
ABETO       ,RP,1
ABEYRATNE   ,CE,1
ABEYSEKERA  ,CE,0.8
ABEYSINGHE  ,CE,0.9054
ABHISHEK    ,SAS,1
ABHYANKAR   ,SAS,0.9838
ABICHANDANI ,SAS,0.9221
ABID        ,SAS,0.6534
ABIDI       ,SAS,0.7804
ABIERA      ,RP,1
ABIGANIA    ,RP,1
ABIKO       ,JA,1
ABILLA      ,RP,0.632
ABILLE      ,RP,1
ABINALES    ,RP,1
ABING       ,RP,0.9085
ABINSAY     ,RP,1
ABIOG       ,RP,1
ABIS        ,RP,0.8852
ABITO       ,RP,0.9992
ABITONG     ,RP,0.6429
ABIVA       ,RP,0.9694
ABLAN       ,RP,0.7607
ABLANG      ,RP,0.9208
ABLAO       ,RP,0.9998
ABLAZA      ,RP,0.9999
ABLING      ,RP,0.8087
ABLOG       ,RP,0.9955
ABLOLA      ,RP,0.9333
ABOGADO     ,RP,0.7581
ABOITIZ     ,RP,0.7561
ABONG       ,RP,0.5829
ABORDO      ,RP,0.9993
ABOT        ,RP,0.9999
ABOY        ,RP,0.8483
ABRAHAN     ,RP,0.66
ABRAHMAN    ,MY,1
ABRAJANO    ,RP,1
ABRAR       ,SAS,0.7283
ABRAZADO    ,RP,0.9999
ABREA       ,RP,0.961
ABREGANA    ,RP,0.9102
ABRENA      ,RP,1
ABRENICA    ,RP,1
ABRENILLA   ,RP,1
ABRERA      ,RP,1
ABRIAM      ,RP,0.9999
ABRIGO      ,RP,0.7858
ABRIOL      ,RP,0.9032
ABROGAR     ,RP,1
ABROL       ,SAS,0.9618
ABSALON     ,RP,0.5549
ABSAR       ,SAS,0.95
ABUAN       ,RP,0.984
ABUBO       ,RP,0.9472
ABUCAY      ,RP,1
ABUCEJO     ,RP,0.9999
ABUDA       ,RP,0.8846
ABUEG       ,RP,0.9999
ABUEL       ,RP,0.9784
ABUGAN      ,RP,0.9166
ABULENCIA   ,RP,1
ABUNDO      ,RP,0.9494
ABUSTAN     ,RP,1
ABUT        ,RP,0.7343
ABUTIN      ,RP,0.981
ABUYEN      ,RP,0.9989
ABUYO       ,RP,1
ABUYUAN     ,RP,1
ABY         ,SAS,0.571
ACAB        ,RP,0.9964
ACACIO      ,RP,0.8433
ACADEMIA    ,RP,1
ACAIN       ,RP,0.9987
ACALA       ,RP,0.8809
ACAMPADO    ,RP,1
ACANTILADO  ,RP,0.9982
ACAS        ,RP,0.8104
ACASIO      ,RP,0.8905
ACAYAN      ,RP,1
ACAYLAR     ,RP,1
ACCAD       ,RP,0.5862
ACDAL       ,RP,0.9734
ACDAN       ,RP,0.9994
ACEBEDO     ,RP,0.5051
ACEDERA     ,RP,1
ACEDILLO    ,RP,1
ACEJO       ,RP,0.9864
ACENA       ,RP,0.9198
ACENAS      ,RP,0.9667
ACERA       ,RP,0.925
ACERET      ,RP,0.9047
ACERON      ,RP,1
ACEVEDA     ,RP,0.8349
ACHACOSO    ,RP,1
ACHANTA     ,SAS,1
ACHANZAR    ,RP,0.9996
ACHAR       ,SAS,0.8971
ACHARI      ,SAS,0.75
ACHARJEE    ,SAS,1
ACHARY      ,SAS,0.9736
ACHAS       ,RP,1
ACHMAD      ,BIA,0.9577
ACHURRA     ,RP,0.6071
ACHUTHAN    ,SAS,1
ACIDERA     ,RP,0.999
ACIDO       ,RP,1
ACIERTO     ,RP,0.9843
ACIO        ,RP,1
ACLAN       ,RP,1
ACO         ,RP,0.6285
ACOB        ,RP,1
ACOBA       ,RP,0.9902
ACOL        ,RP,0.9676
ACOMPANADO  ,RP,1
ACORDA      ,RP,1
ACU         ,RP,0.6216
ACUAVERA    ,RP,0.9918
ACUESTA     ,RP,1
ACUPAN      ,RP,1
ACZON       ,RP,0.9999
ADABALA     ,SAS,1
ADACHI      ,JA,0.9479
ADAD        ,RP,0.5946
ADAJAR      ,RP,1
ADAK        ,SAS,0.5231
ADALAT      ,AF,0.8095
ADAMJEE     ,SAS,0.7333
ADAMOS      ,RP,0.8448
ADANIYA     ,JA,0.7055
ADANZA      ,RP,1
ADAO        ,RP,0.5587
ADAOAG      ,RP,1
ADAP        ,RP,1
ADAPA       ,SAS,1
ADAPALA     ,SAS,1
ADAPON      ,RP,0.9552
ADARI       ,SAS,0.5732
ADARME      ,RP,0.7585
ADAYA       ,RP,0.8174
ADAZA       ,RP,0.9999
ADDALA      ,SAS,1
ADDANKI     ,SAS,1
ADDENBROOKE ,RP,0.962
ADDEPALLI   ,SAS,1
ADEA        ,RP,0.6622
ADEEL       ,SAS,0.9706
ADELA       ,RP,0.5897
ADENWALA    ,SAS,1
ADEPU       ,SAS,1
ADEVA       ,RP,1
ADHIKARI    ,NP,0.5192
ADHIKARY    ,SAS,0.5462
ADHVARYU    ,SAS,1
ADIA        ,RP,0.9996
ADIGA       ,SAS,0.9048
ADIL        ,SAS,0.7479
ADIMULAM    ,SAS,1
ADIRAJU     ,SAS,1
ADITYA      ,SAS,0.7126
ADLAKHA     ,SAS,0.9508
ADLAO       ,RP,1
ADLAWAN     ,RP,0.9999
ADMANI      ,SAS,0.9375
ADNAN       ,SAS,0.5548
ADOLFO      ,RP,0.8333
ADONA       ,RP,0.9591
ADONAY      ,RP,1
ADONI       ,SAS,0.545
ADOPTANTE   ,RP,1
ADOR        ,RP,0.5676
ADORABLE    ,RP,0.9999
ADORADOR    ,RP,0.9939
ADORNA      ,RP,0.7258
ADRANEDA    ,RP,1
ADRIANO     ,RP,0.7257
ADRIAS      ,RP,1
ADRIATICO   ,RP,1
ADRID       ,RP,0.9941
ADRONG      ,VM,1
ADSUARA     ,RP,0.9938
ADUNA       ,RP,0.5985
ADUSUMALLI  ,SAS,1
ADUSUMILLI  ,SAS,1
ADVANI      ,SAS,0.9201
ADVERSALO   ,RP,0.872
ADVIENTO    ,RP,0.9721
ADVINCULA   ,RP,0.9203
ADYA        ,SAS,0.9314
AENLLE      ,RP,0.517
AERY        ,SAS,0.531
AFABLE      ,RP,0.9839
AFAGA       ,RP,1
AFALLA      ,RP,0.9997
AFAN        ,RP,1
AFAQ        ,SAS,0.9365
AFGHAN      ,SAS,0.5
AFICIAL     ,RP,1
AFREEN      ,SAS,1
AFRICA      ,RP,0.9108
AFRIDI      ,SAS,0.9323
AFRIN       ,SAS,0.967
AFROZ       ,SAS,0.9589
AFROZE      ,SAS,1
AFSAR       ,SAS,0.7437
AFSHAN      ,SAS,0.9365
AFTAB       ,SAS,0.9566
AFUANG      ,RP,1
AFUSO       ,JA,0.8352
AFZA        ,SAS,1
AFZAAL      ,SAS,1
AFZAL       ,SAS,0.884
AFZALI      ,AF,0.632
AGABIN      ,RP,0.9976
AGABON      ,RP,1
AGAG        ,RP,0.7777
AGAGAS      ,RP,1
AGAHAN      ,RP,0.9268
AGAMAO      ,RP,0.9903
AGAMATA     ,RP,0.9998
AGANA       ,RP,0.938
AGANON      ,RP,1
AGANOS      ,RP,0.9115
AGAPAY      ,RP,0.9805
AGAPITO     ,RP,0.6908
AGARAN      ,RP,1
AGARPAO     ,RP,0.9999
AGARWAL     ,SAS,0.9711
AGARWALA    ,SAS,0.9259
AGARWALLA   ,SAS,1
AGAS        ,RP,0.8192
AGASHE      ,SAS,1
AGATA       ,JA,0.8
AGATEP      ,RP,0.9528
AGATON      ,RP,0.8287
AGAY        ,RP,0.7496
AGBALOG     ,RP,0.7508
AGBANLOG    ,RP,1
AGBAY       ,RP,0.9881
AGBAYANI    ,RP,0.9875
AGBIGAY     ,RP,0.8125
AGBISIT     ,RP,0.9983
AGBULOS     ,RP,0.9996
AGBUNAG     ,RP,0.9995
AGBUYA      ,RP,1
AGCANAS     ,RP,1
AGCAOILI    ,RP,0.9748
AGCOPRA     ,RP,0.9782
AGDEPPA     ,RP,1
AGDINAOAY   ,RP,1
AGGABAO     ,RP,1
AGGARWAL    ,SAS,0.939
AGGASID     ,RP,1
AGHA        ,SAS,0.5154
AGHERA      ,SAS,1
AGLIAM      ,RP,0.9977
AGLIBOT     ,RP,1
AGLIPAY     ,RP,0.9662
AGLORO      ,RP,0.9993
AGLUBAT     ,RP,1
AGLUGUB     ,RP,1
AGMATA      ,RP,1
AGNES       ,RP,0.5987
AGNGARAYNGAY,RP,1
AGNI        ,RP,0.7811
AGNIHOTRI   ,SAS,0.9834
AGNIR       ,RP,1
AGNO        ,RP,0.9827
AGOES       ,BIA,0.9948
AGOJO       ,RP,1
AGONCILLO   ,RP,1
AGONIAS     ,RP,1
AGONOY      ,RP,1
AGOO        ,RP,0.9617
AGOOT       ,RP,0.8876
AGOR        ,RP,0.5958
AGORILLA    ,RP,1
AGOT        ,RP,0.6047
AGPALO      ,RP,1
AGPALZA     ,RP,0.9999
AGPAOA      ,RP,1
AGPAWA      ,RP,0.9999
AGPOON      ,RP,0.9999
AGRA        ,RP,0.6364
AGRAAN      ,RP,0.9998
AGRAVANTE   ,RP,0.9706
AGRAVIADOR  ,RP,1
AGRAWAL     ,SAS,0.951
AGRAWALA    ,SAS,1
AGREGADO    ,RP,1
AGRES       ,RP,0.5913
AGRIAM      ,RP,1
AGSALDA     ,RP,0.9997
AGSALUD     ,RP,1
AGSAOAY     ,RP,1
AGSAULIO    ,RP,1
AGTANG      ,RP,0.9998
AGTARAP     ,RP,0.9868
AGTUCA      ,RP,0.9128
AGUADA      ,RP,0.8395
AGUAS       ,RP,0.5649
AGUBA       ,RP,1
AGUDA       ,RP,0.8369
AGUIL       ,RP,0.9792
AGUILAN     ,RP,0.9107
AGUILING    ,RP,1
AGUILON     ,RP,0.5094
AGUILOS     ,RP,1
AGUINALDO   ,RP,0.9908
AGUISANDA   ,RP,1
AGULAY      ,RP,0.9999
AGULLANA    ,RP,0.998
AGULTO      ,RP,0.8052
AGUNG       ,BIA,0.9362
AGUSTIN     ,RP,0.8072
AGUSTO      ,RP,0.512
AHAD        ,SAS,0.6647
AHADI       ,AF,0.559
AHAMED      ,SAS,0.8098
AHAMMAD     ,SAS,1
AHAMMED     ,SAS,1
AHASAN      ,SAS,1
AHER        ,SAS,0.9997
AHIR        ,SAS,0.9219
AHIRE       ,SAS,1
AHLAWAT     ,SAS,1
AHLUWALIA   ,SAS,0.8747
AHMAD       ,SAS,0.6299
AHMADY      ,AF,0.7086
AHMADYAR    ,AF,0.9254
AHMADZAI    ,AF,0.946
AHMED       ,SAS,0.5567
AHMER       ,SAS,0.8034
AHMMED      ,SAS,0.8352
AHN         ,XK,0.9724
AHRARI      ,AF,0.5574
AHSAN       ,SAS,0.9397
AHUJA       ,SAS,0.9387
AI          ,GCA,0.8817
AIBA        ,JA,0.9748
AICH        ,SAS,0.7246
AIDA        ,JA,0.9339
AIDASANI    ,SAS,0.8205
AIHARA      ,JA,0.9776
AIJAZ       ,SAS,0.9732
AIKAWA      ,JA,0.9814
AIN         ,SAS,0.8543
AING        ,CB,0.9512
AISOLA      ,SAS,0.9012
AITHA       ,SAS,1
AITHAL      ,SAS,1
AIYAR       ,SAS,1
AIYER       ,SAS,0.9464
AIZAWA      ,JA,0.9067
AJANI       ,SAS,0.65
AJAY        ,SAS,0.9784
AJAZ        ,SAS,0.9512
AJEL        ,RP,0.6216
AJERO       ,RP,0.9388
AJETO       ,RP,0.9636
AJGAONKAR   ,SAS,1
AJIT        ,SAS,1
AJITH       ,SAS,0.8602
AJJARAPU    ,SAS,1
AJMAL       ,SAS,0.9435
AJMANI      ,SAS,1
AJMERA      ,SAS,0.9873
AJMERI      ,SAS,0.978
AJOLO       ,RP,0.9999
AJOSTE      ,RP,1
AJWANI      ,SAS,1
AKABANE     ,JA,1
AKADA       ,JA,0.9999
AKAGAWA     ,JA,1
AKAGI       ,JA,0.94
AKAHANE     ,JA,1
AKAHORI     ,JA,1
AKAHOSHI    ,JA,0.9838
AKAI        ,JA,0.8514
AKAISHI     ,JA,0.9605
AKAMA       ,JA,0.9384
AKAMATSU    ,JA,0.984
AKAMINE     ,JA,0.7434
AKAND       ,SAS,0.9268
AKANDA      ,SAS,0.942
AKAO        ,JA,0.9586
AKASAKA     ,JA,1
AKASAKI     ,JA,0.9657
AKASH       ,SAS,0.6667
AKASHI      ,JA,0.9867
AKATSU      ,JA,1
AKATSUKA    ,JA,1
AKAZAWA     ,JA,1
AKBAR       ,SAS,0.7133
AKBARALI    ,SAS,1
AKBARY      ,AF,0.7831
AKBER       ,SAS,0.9307
AKELLA      ,SAS,1
AKHAND      ,SAS,1
AKHLAQ      ,SAS,0.9491
AKHOON      ,BM,0.6512
AKHTAR      ,SAS,0.9512
AKHTER      ,SAS,0.9459
AKHUND      ,SAS,0.9999
AKIBA       ,JA,0.9142
AKIMA       ,JA,0.9642
AKIMOTO     ,JA,0.9795
AKINAGA     ,JA,0.7
AKINO       ,JA,0.9998
AKIOKA      ,JA,0.9807
AKIRA       ,JA,0.6471
AKITA       ,JA,0.9392
AKIYA       ,JA,1
AKIYAMA     ,JA,0.9584
AKIYOSHI    ,JA,0.9991
AKIZUKI     ,JA,0.9999
AKKALA      ,SAS,0.9999
AKKARAJU    ,SAS,1
AKKINA      ,SAS,1
AKKINENI    ,SAS,1
AKKIRAJU    ,SAS,1
AKMAL       ,SAS,0.7838
AKON        ,SAS,0.5148
AKRAM       ,SAS,0.8678
AKTAR       ,SAS,0.9665
AKTER       ,SAS,0.9892
AKTHAR      ,SAS,1
AKTHER      ,SAS,0.9873
AKULA       ,SAS,1
AKUNURI     ,SAS,1
AKUTAGAWA   ,JA,0.9879
AKUTSU      ,JA,0.9838
ALAAN       ,RP,1
ALABA       ,RP,0.6747
ALABADO     ,RP,0.9444
ALABANZA    ,RP,0.9999
ALABASTRO   ,RP,1
ALACAR      ,RP,1
ALAG        ,RP,0.6364
ALAGAO      ,RP,0.9999
ALAGAPPAN   ,SAS,1
ALAGAR      ,RP,0.871
ALAGARSAMY  ,SAS,1
ALAIR       ,RP,0.9738
ALAM        ,SAS,0.8865
ALAMARES    ,RP,0.9999
ALAMGIR     ,SAS,0.9717
ALANDY      ,RP,1
ALANES      ,RP,0.842
ALANO       ,RP,0.957
ALAPARTHI   ,SAS,1
ALAPATI     ,SAS,0.9372
ALAPATT     ,SAS,1
ALARAS      ,RP,1
ALARCA      ,RP,0.6666
ALARCIO     ,RP,1
ALARILLA    ,RP,1
ALAUDDIN    ,SAS,0.8981
ALAURA      ,RP,0.9201
ALAVAZO     ,RP,0.9866
ALAYVILLA   ,RP,0.968
ALBALOS     ,RP,0.9723
ALBANA      ,RP,0.5208
ALBANIA     ,RP,1
ALBANO      ,RP,0.6535
ALBAO       ,RP,0.9978
ALBARAN     ,RP,0.8964
ALBARICO    ,RP,0.956
ALBARILLO   ,RP,0.9997
ALBAY       ,RP,0.8542
ALBAYALDE   ,RP,1
ALBIS       ,RP,0.6745
ALBURO      ,RP,1
ALCAIN      ,RP,0.9022
ALCAIRO     ,RP,0.9999
ALCANTRA    ,RP,0.8683
ALCASID     ,RP,0.9664
ALCAYDE     ,RP,0.9398
ALCEDO      ,RP,0.5402
ALCERA      ,RP,0.9189
ALCID       ,RP,0.928
ALCOBENDAS  ,RP,0.9993
ALCOBER     ,RP,0.8095
ALCONCEL    ,RP,0.995
ALCONES     ,RP,1
ALCONTIN    ,RP,1
ALCORAN     ,RP,0.9976
ALCORDO     ,RP,0.9999
ALCORIZA    ,RP,0.9999
ALCOS       ,RP,0.9965
ALCUDIA     ,RP,0.627
ALDA        ,RP,0.6142
ALDE        ,RP,0.9363
ALDEGUER    ,RP,0.9611
ALDON       ,RP,0.6998
ALDOVER     ,RP,1
ALEDIA      ,RP,0.9997
ALEEM       ,SAS,0.8109
ALEGADO     ,RP,1
ALEGARBES   ,RP,1
ALEGRE      ,RP,0.5201
ALEJANDRIA  ,RP,0.8902
ALEJANDRINO ,RP,0.9447
ALEMANIA    ,RP,0.9963
ALER        ,RP,0.9841
ALERTA      ,RP,1
ALESNA      ,RP,0.9676
ALETA       ,RP,1
ALETI       ,SAS,1
ALFAFARA    ,RP,0.9987
ALFAJORA    ,RP,1
ALFECHE     ,RP,1
ALFELOR     ,RP,1
ALFEROS     ,RP,0.9973
ALFILER     ,RP,0.9984
ALFON       ,RP,0.8684
ALFORQUE    ,RP,1
ALGENIO     ,RP,1
ALGOSO      ,RP,0.9979
ALHAMBRA    ,RP,0.9788
ALICANTE    ,RP,1
ALICDAN     ,RP,0.9211
ALIDO       ,RP,1
ALIDON      ,RP,0.999
ALIF        ,SAS,0.5411
ALIGADA     ,RP,1
ALIGNAY     ,RP,1
ALIGO       ,RP,0.7545
ALIKHAN     ,SAS,0.811
ALIMAGNO    ,RP,1
ALIMBOYOGUEN,RP,0.9998
ALIMORONG   ,RP,0.9966
ALINA       ,RP,0.9344
ALINDOGAN   ,RP,1
ALINEA      ,RP,1
ALINO       ,RP,0.8761
ALIP        ,RP,0.9516
ALIPIO      ,RP,0.8858
ALISASIS    ,RP,0.8611
ALISHAH     ,SAS,0.8461
ALITA       ,RP,0.7945
ALIVIA      ,RP,1
ALIVIO      ,RP,1
ALIWALAS    ,RP,1
ALIZADA     ,AF,0.7179
ALIZAI      ,SAS,0.5455
ALLA        ,SAS,0.7419
ALLADA      ,SAS,0.9403
ALLADI      ,SAS,1
ALLADO      ,RP,1
ALLANA      ,SAS,1
ALLANIGUE   ,RP,1
ALLARDE     ,RP,0.9999
ALLAS       ,RP,0.9455
ALLAUDDIN   ,SAS,0.9423
ALLAWALA    ,SAS,1
ALLAY       ,BT,0.7176
ALLE        ,SAS,0.6427
ALLERA      ,RP,0.9806
ALLU        ,SAS,0.9541
ALLURI      ,SAS,1
ALLURU      ,SAS,1
ALMACEN     ,RP,0.9589
ALMADEN     ,RP,0.997
ALMAMUN     ,SAS,1
ALMANZOR    ,RP,1
ALMAREZ     ,RP,0.5057
ALMARIA     ,RP,1
ALMARIO     ,RP,0.9294
ALMAS       ,SAS,0.5486
ALMAZAR     ,RP,0.9556
ALMEDA      ,RP,0.5996
ALMENDRAL   ,RP,0.9019
ALMENDRAS   ,RP,0.8559
ALMERIA     ,RP,0.8922
ALMERO      ,RP,0.9712
ALMIROL     ,RP,0.9995
ALMOGELA    ,RP,1
ALMOITE     ,RP,1
ALMOJERA    ,RP,0.999
ALMOJUELA   ,RP,0.92490000000000006
ALMORADIE   ,RP,1
ALMUETE     ,RP,1
ALNAS       ,RP,0.7884
ALOB        ,RP,1
ALOG        ,RP,1
ALOJADO     ,RP,0.9996
ALOJIPAN    ,RP,1
ALOM        ,SAS,0.8936
ALOMBRO     ,RP,0.8881
ALONTE      ,RP,1
ALOP        ,RP,0.9999
ALORA       ,RP,1
ALORRO      ,RP,0.9998
ALOTA       ,RP,0.9999
ALOYSIUS    ,SAS,0.7369
ALPAS       ,RP,1
ALPUERTO    ,RP,0.9534
ALQUEZA     ,RP,1
ALQUIZA     ,RP,0.9985
ALTAF       ,SAS,0.969
ALTANGEREL  ,MG,0.9457
ALTAR       ,RP,0.7837
ALTAREJOS   ,RP,1
ALTARES     ,RP,0.9999
ALTEZ       ,RP,0.56
ALTONAGA    ,RP,0.7128
ALTURA      ,RP,0.9227
ALUNAN      ,RP,0.9999
ALUPAY      ,RP,1
ALUR        ,SAS,1
ALURI       ,SAS,1
ALURU       ,SAS,1
ALVANO      ,RP,0.9757
ALVAR       ,RP,0.7881
ALVARAN     ,RP,0.785
ALVARICO    ,RP,0.971
ALVE        ,RP,0.525
ALVENDIA    ,RP,0.9999
ALVERO      ,RP,0.753
ALVI        ,SAS,0.9391
ALVIAR      ,RP,0.802
ALVIOLA     ,RP,1
ALVIOR      ,RP,0.9333
ALVIR       ,RP,0.7391
ALVIZ       ,RP,0.8503
ALWANI      ,SAS,0.8851
ALWI        ,BIA,0.5121
ALZONA      ,RP,0.9705
AM          ,CB,0.8346
AMACIO      ,RP,0.9988
AMADA       ,JA,0.5
AMAGO       ,RP,0.7563
AMAKI       ,JA,0.9948
AMALRAJ     ,SAS,1
AMANNA      ,SAS,0.7759
AMANO       ,JA,0.9214
AMANONCE    ,RP,0.9319
AMANSEC     ,RP,1
AMANTE      ,RP,0.7767
AMANULLAH   ,SAS,0.8462
AMARAM      ,SAS,0.7187
AMARANTO    ,RP,0.8169
AMARASINGHE ,CE,0.8903
AMARAVADI   ,SAS,1
AMARGO      ,RP,0.9164
AMARNANI    ,SAS,0.8684
AMARNATH    ,SAS,1
AMATYA      ,NP,0.9712
AMBANI      ,SAS,0.7778
AMBARDEKAR  ,SAS,1
AMBAS       ,RP,0.9508
AMBAT       ,RP,0.7395
AMBATI      ,SAS,1
AMBATIPUDI  ,SAS,1
AMBEKAR     ,SAS,1
AMBIA       ,SAS,0.7021
AMBION      ,RP,1
AMBOS       ,RP,0.7297
AMBOY       ,RP,0.9982
AMBRE       ,SAS,0.9622
AMBREEN     ,SAS,1
AMBULO      ,RP,0.9211
AMBY        ,RP,0.7916
AMELIA      ,BIA,0.7678
AMEMIYA     ,JA,1
AMERICA     ,RP,0.5622
AMIAN       ,RP,0.8062
AMIGABLE    ,RP,1
AMIGLEO     ,RP,0.9994
AMIMOTO     ,JA,0.8473
AMIN        ,SAS,0.6779
AMINA       ,SAS,0.7451
AMINO       ,JA,1
AMINY       ,AF,0.8998
AMIO        ,RP,1
AMIRALI     ,SAS,0.9634
AMIRTHALINGA,SAS,0.8222
AMISTAD     ,RP,1
AMISTOSO    ,RP,0.9997
AMITH       ,RP,0.641
AMJAD       ,SAS,0.9184
AMJED       ,SAS,0.9999
AMLANI      ,SAS,0.779
AMODIA      ,RP,0.95
AMODO       ,RP,0.9924
AMOG        ,RP,1
AMOGUIS     ,RP,1
AMORA       ,RP,0.9161
AMORANTO    ,RP,1
AMORSOLO    ,RP,1
AMPER       ,RP,0.9977
AMPHONEPHONG,LA,0.9284
AMPIL       ,RP,1
AMPON       ,RP,0.9998
AMPONIN     ,RP,0.9333
AMPOSTA     ,RP,0.9103
AMURAO      ,RP,1
AN          ,XK,0.6805
ANABO       ,RP,1
ANACAY      ,RP,0.9999
ANAGARAN    ,RP,1
ANAM        ,SAS,0.5037
ANAMA       ,RP,0.9347
ANAND       ,SAS,0.9039
ANANDA      ,SAS,0.6788
ANANDAKUMAR ,SAS,0.7429
ANANDAN     ,SAS,0.9618
ANANDKUMAR  ,SAS,0.9999
ANANT       ,SAS,0.5192
ANANTH      ,SAS,0.9997
ANANTHA     ,SAS,1
ANANTHAKRISH,SAS,1
ANANTHAN    ,SAS,0.8936
ANANTHANARAY,SAS,1
ANANTHAPADMA,SAS,1
ANANTHARAMAN,SAS,0.9848
ANANTHULA   ,SAS,1
ANARWALA    ,SAS,1
ANASCO      ,RP,0.8812
ANASTACIO   ,RP,0.5463
ANAZAWA     ,JA,1
ANBALAGAN   ,SAS,1
ANBAZHAGAN  ,SAS,1
ANCAYAN     ,RP,0.9993
ANCHA       ,SAS,1
ANCHAN      ,SAS,1
ANCHETA     ,RP,0.9176
ANCHO       ,RP,0.9999
ANCIANO     ,RP,0.7719
ANCOG       ,RP,0.8609
ANDAL       ,RP,0.9684
ANDALES     ,RP,1
ANDALIS     ,RP,0.9331
ANDAM       ,RP,0.9041
ANDAN       ,RP,0.8293
ANDANI      ,SAS,0.7692
ANDAYA      ,RP,0.9237
ANDE        ,SAS,0.6614
ANDHA       ,SAS,0.9998
ANDHAVARAPU ,SAS,1
ANDICO      ,RP,0.9361
ANDO        ,JA,0.9235
ANDORA      ,RP,0.9722
ANDOY       ,RP,1
ANDRA       ,SAS,0.6381
ANDRABI     ,SAS,1
ANDRADA     ,RP,0.861
ANDRES      ,RP,0.5157
ANDRION     ,RP,0.9294
ANEES       ,SAS,0.8312
ANEJA       ,SAS,0.931
ANGADI      ,SAS,0.9571
ANGAL       ,SAS,0.9804
ANGALA      ,RP,0.9999
ANGARA      ,RP,0.6142
ANGAT       ,RP,0.8947
ANGCO       ,RP,1
ANGELES     ,RP,0.534
ANGELITO    ,RP,0.8376
ANGKASA     ,BIA,0.8125
ANGLO       ,RP,0.8461
ANGRISH     ,SAS,0.9859
ANGUSTIA    ,RP,0.6579
ANH         ,VM,0.6854
ANIAG       ,RP,0.9999
ANIBAN      ,RP,0.94
ANICAS      ,RP,0.9976
ANICETE     ,RP,1
ANICETO     ,RP,0.5335
ANICIETE    ,RP,1
ANIEL       ,RP,0.8658
ANIES       ,RP,0.8556
ANIKA       ,SAS,0.6444
ANIL        ,SAS,0.6575
ANILAO      ,RP,1
ANILKUMAR   ,SAS,1
ANINION     ,RP,0.9534
ANINZO      ,RP,0.913
ANISH       ,SAS,0.6923
ANJARIA     ,SAS,1
ANJUM       ,SAS,0.9809
ANKAM       ,SAS,1
ANKEM       ,SAS,1
ANKLESARIA  ,SAS,1
ANKOLA      ,SAS,1
ANN         ,XK,0.5857
ANNADURAI   ,SAS,1
ANNAM       ,SAS,0.8403
ANNAMALAI   ,SAS,0.9731
ANNAMANENI  ,SAS,1
ANNAMRAJU   ,SAS,1
ANNAPAREDDY ,SAS,1
ANNAPUREDDY ,SAS,1
ANNAVARAPU  ,SAS,1
ANNE        ,SAS,0.6888
ANNO        ,JA,0.527
ANO         ,RP,0.5228
ANOLIN      ,RP,0.9989
ANONAS      ,RP,1
ANONGDETH   ,LA,0.9062
ANONUEVO    ,RP,0.9877
ANOOP       ,SAS,0.5923
ANOS        ,RP,0.9956
ANSAGAY     ,RP,0.9998
ANSAR       ,SAS,0.8129
ANSARI      ,SAS,0.6964
ANSARY      ,AF,0.5151
ANSAY       ,RP,0.7899
ANTALA      ,SAS,0.9998
ANTALAN     ,RP,0.9998
ANTANI      ,SAS,1
ANTAZO      ,RP,1
ANTENORCRUZ ,RP,0.9996
ANTEOLA     ,RP,1
ANTERO      ,RP,0.7143
ANTES       ,RP,0.5036
ANTIOQUIA   ,RP,0.9989
ANTIPOLO    ,RP,1
ANTIPORDA   ,RP,1
ANTIPUESTO  ,RP,1
ANTOKU      ,JA,0.9592
ANTOLIN     ,RP,0.7271
ANTONA      ,RP,0.5502
ANTONIO     ,RP,0.5607
ANTONY      ,SAS,0.8748
ANUAR       ,MY,1
ANUGU       ,SAS,1
ANULAO      ,RP,1
ANUMOLU     ,SAS,1
ANUMULA     ,SAS,1
ANUNCIACION ,RP,1
ANUPINDI    ,SAS,1
ANWAR       ,SAS,0.7902
ANWARI      ,AF,0.8777
ANWARY      ,AF,0.9296
ANWER       ,SAS,0.8774
ANZAI       ,JA,0.9434
AO          ,GCA,0.8834
AOANAN      ,RP,1
AOCHI       ,JA,0.9782
AOI         ,JA,1
AOKI        ,JA,0.9516
AONO        ,JA,0.9829
AONUMA      ,JA,1
AOSHIMA     ,JA,1
AOTA        ,JA,1
AOTO        ,JA,0.9998
AOYAGI      ,JA,0.9847
AOYAMA      ,JA,0.9881
APACIBLE    ,RP,1
APAN        ,RP,0.6096
APAO        ,RP,0.9069
APAR        ,RP,0.6073
APARIS      ,RP,0.9915
APELES      ,RP,0.8863
APELLANES   ,RP,1
APELO       ,RP,0.9444
APEROCHO    ,RP,1
APHAY       ,LA,0.8999
APHAYVONG   ,LA,0.9995
API         ,RP,0.5447
APIADO      ,RP,1
APIGO       ,RP,0.9998
APILADO     ,RP,0.9761
APO         ,RP,0.5747
APOLONIO    ,RP,0.6948
APON        ,RP,0.5605
APOR        ,RP,1
APOSTOL     ,RP,0.8244
APPANA      ,SAS,0.6176
APSAY       ,RP,1
APTE        ,SAS,0.9915
APUAN       ,RP,0.9816
APULI       ,RP,0.9992
APURA       ,RP,1
APUSEN      ,RP,1
APUYA       ,RP,0.9998
AQEEL       ,SAS,0.807
AQIL        ,SAS,0.5862
AQUE        ,RP,0.9101
AQUI        ,RP,0.639
AQUILIZAN   ,RP,1
AQUINDE     ,RP,0.9999
AQUINO      ,RP,0.5706
AQUIPEL     ,RP,1
AQUISAP     ,RP,1
AQUITANIA   ,RP,1
ARA         ,SAS,0.8031
ARABE       ,RP,0.9012
ARABEJO     ,RP,1
ARABIT      ,RP,1
ARACKAL     ,SAS,1
ARADA       ,RP,0.8333
ARADANAS    ,RP,1
ARADHYA     ,SAS,1
ARADO       ,RP,0.5984
ARAFILES    ,RP,0.9995
ARAGA       ,RP,0.661
ARAGAKI     ,JA,0.946
ARAGO       ,RP,0.8301
ARAGONES    ,RP,0.5445
ARAI        ,JA,0.9729
ARAIN       ,SAS,0.9427
ARAKAKI     ,JA,0.5912
ARAKAWA     ,JA,0.9445
ARAKI       ,JA,0.9531
ARALAR      ,RP,0.9399
ARAMAKI     ,JA,0.9519
ARAMBULO    ,RP,0.6944
ARANAS      ,RP,0.9526
ARANDELA    ,RP,0.9999
ARANDIA     ,RP,0.5149
ARANETA     ,RP,0.9714
ARANEZ      ,RP,1
ARANHA      ,SAS,0.5515
ARANTE      ,RP,1
ARANTON     ,RP,0.8667
ARANZAMENDEZ,RP,0.9998
ARAO        ,RP,0.5344
ARASAKI     ,JA,0.8723
ARASE       ,JA,0.9981
ARASTU      ,SAS,0.9687
ARASU       ,SAS,0.9999
ARATANI     ,JA,0.9988
ARAULLO     ,RP,1
ARAVA       ,SAS,0.6
ARAVAMUDHAN ,SAS,1
ARAVAPALLI  ,SAS,1
ARAVIND     ,SAS,0.9984
ARAVINDAKSHA,SAS,1
ARAVINDAN   ,SAS,0.9998
ARAYATA     ,RP,1
ARAZA       ,RP,0.9992
ARBAN       ,RP,0.8969
ARBAS       ,RP,0.999
ARBIS       ,RP,0.9538
ARBUES      ,RP,0.9999
ARCA        ,RP,0.694
ARCADIO     ,RP,0.6933
ARCAINA     ,RP,1
ARCALA      ,RP,1
ARCALAS     ,RP,0.9998
ARCAMO      ,RP,1
ARCANGEL    ,RP,0.8826
ARCANO      ,RP,0.8071
ARCEGA      ,RP,0.7937
ARCELLANA   ,RP,1
ARCELO      ,RP,0.8077
ARCELONA    ,RP,0.9947
ARCENA      ,RP,1
ARCENAL     ,RP,1
ARCENAS     ,RP,1
ARCENO      ,RP,0.8965
ARCETA      ,RP,0.8
ARCHES      ,RP,0.9998
ARCIAGA     ,RP,0.9556
ARCIBAL     ,RP,1
ARCILLA     ,RP,1
ARCILLAS    ,RP,1
ARCINAS     ,RP,1
ARCINUE     ,RP,1
ARCON       ,RP,0.6341
ARCONADO    ,RP,0.9999
ARCOT       ,SAS,1
ARDI        ,BIA,0.9903
ARDIENTE    ,RP,1
AREFIN      ,SAS,0.9583
ARELLA      ,RP,0.6608
ARENDAIN    ,RP,0.9998
ARENO       ,RP,0.7634
ARENZANA    ,RP,0.7647
AREOLA      ,RP,0.7269
ARFAN       ,SAS,0.8749
ARFEEN      ,SAS,0.999
ARFIN       ,SAS,0.8908
ARGANA      ,RP,0.8889
ARGANDA     ,RP,0.5003
ARGAO       ,RP,1
ARGARIN     ,RP,0.9999
ARGEL       ,RP,0.905
ARGENTE     ,RP,0.8604
ARGHANDIWAL ,AF,0.7619
ARGONZA     ,RP,0.9999
ARGOSINO    ,RP,1
ARGUEZA     ,RP,0.8333
ARGUILLA    ,RP,0.9996
ARIANI      ,BIA,0.6333
ARIATE      ,RP,1
ARIEF       ,BIA,0.75
ARIF        ,SAS,0.8153
ARIFF       ,SAS,0.5595
ARIFFIN     ,MY,0.9593
ARIFIN      ,BIA,0.721
ARIGA       ,JA,0.8394
ARIGO       ,RP,0.7696
ARII        ,JA,0.8661
ARIIZUMI    ,JA,1
ARIKAWA     ,JA,0.9663
ARILLO      ,RP,0.8002
ARIMA       ,JA,0.9555
ARIMOTO     ,JA,1
ARIMURA     ,JA,0.9514
ARIOLA      ,RP,0.7973
ARIOS       ,RP,0.8823
ARISAWA     ,JA,1
ARISTON     ,RP,0.693
ARITONANG   ,BIA,0.9107
ARIYOSHI    ,JA,1
ARIZABAL    ,RP,0.9219
ARIZALA     ,RP,0.7631
ARIZO       ,RP,0.9832
ARJA        ,SAS,0.7576
ARJUNAN     ,SAS,1
ARLANTICO   ,RP,0.9992
ARLES       ,RP,0.633
ARMADA      ,RP,0.5465
ARMAMENTO   ,RP,1
ARNADO      ,RP,0.9549
ARNALDO     ,RP,0.805
ARNAN       ,RP,0.5333
ARNEJA      ,SAS,1
ARNESTO     ,RP,0.725
ARNI        ,SAS,0.9045
ARNOBIT     ,RP,1
AROCKIASAMY ,SAS,1
AROKIASAMY  ,SAS,0.75
AROMIN      ,RP,0.9999
ARONCE      ,RP,0.9231
ARONG       ,RP,0.9994
ARORA       ,SAS,0.9519
ARPA        ,RP,0.6831
ARPON       ,RP,0.9565
ARQUERO     ,RP,0.999
ARQUILLO    ,RP,0.9873
ARQUINES    ,RP,0.9994
ARQUISOLA   ,RP,1
ARQUIZA     ,RP,1
ARRADAZA    ,RP,1
ARRE        ,RP,0.6779
ARREZA      ,RP,1
ARRIBA      ,RP,0.791
ARRIVAS     ,RP,0.9812
ARRO        ,RP,0.7543
ARROCENA    ,RP,0.9994
ARROGANTE   ,RP,1
ARROJADO    ,RP,0.7451
ARROZ       ,RP,0.9062
ARROZAL     ,RP,1
ARRUIZA     ,RP,0.962
ARSALA      ,AF,0.8657
ARSALAN     ,SAS,0.5806
ARSENAL     ,RP,1
ARSENIO     ,RP,0.5238
ARSHAD      ,SAS,0.8972
ARSHED      ,SAS,0.9286
ARSHI       ,SAS,0.5246
ARSUA       ,RP,1
ARTATES     ,RP,1
ARTHER      ,SAS,0.5017
ARTUZ       ,RP,0.8106
ARUCAN      ,RP,0.9642
ARUGA       ,JA,1
ARUGAY      ,RP,1
ARUL        ,SAS,0.7618
ARULRAJ     ,SAS,1
ARUMUGAM    ,SAS,0.9042
ARUMUGHAM   ,SAS,1
ARUN        ,SAS,0.9509
ARUNACHALAM ,SAS,0.981
ARUNAGIRI   ,SAS,1
ARUNASALAM  ,MY,0.5128
ARUNKUMAR   ,SAS,0.9991
ARUTA       ,RP,0.8021
ARVIND      ,SAS,0.9972
ARVISU      ,RP,0.6153
ARYA        ,SAS,0.8378
ARYAL       ,NP,0.9303
ARZADON     ,RP,0.9888
ASABA       ,JA,0.6118
ASADA       ,JA,0.9763
ASADULLAH   ,SAS,0.7499
ASADUZZAMAN ,SAS,0.9545
ASAHARA     ,JA,1
ASAHI       ,JA,1
ASAHINA     ,JA,1
ASAI        ,JA,0.9864
ASAKA       ,JA,1
ASAKAWA     ,JA,1
ASAKURA     ,JA,1
ASAMI       ,JA,1
ASAMOTO     ,JA,0.8836
ASAMURA     ,JA,0.9968
ASANO       ,JA,0.9826
ASANUMA     ,JA,0.8238
ASANZA      ,RP,0.5405
ASAO        ,JA,0.964
ASAOKA      ,JA,1
ASAR        ,SAS,0.5506
ASARI       ,JA,0.7209
ASATO       ,JA,0.6417
ASAWA       ,SAS,0.5142
ASAYAMA     ,JA,1
ASCALON     ,RP,0.9322
ASCANO      ,RP,0.8571
ASEFI       ,AF,0.7566
ASEJO       ,RP,1
ASENCION    ,RP,0.5881
ASERCION    ,RP,0.9863
ASERON      ,RP,1
ASGAR       ,SAS,0.5949
ASGHAR      ,SAS,0.9275
ASHA        ,SAS,0.5082
ASHAI       ,SAS,0.8823
ASHAR       ,SAS,0.9841
ASHFAQ      ,SAS,0.9533
ASHIDA      ,JA,0.9728
ASHIKAWA    ,JA,1
ASHIQ       ,SAS,0.9192
ASHIZAWA    ,JA,0.9703
ASHOK       ,SAS,0.9695
ASHOKKUMAR  ,SAS,1
ASHRAF      ,SAS,0.8831
ASHWIN      ,SAS,0.8135
ASIATICO    ,RP,0.5677
ASIDO       ,RP,0.9074
ASIF        ,SAS,0.9396
ASIJA       ,SAS,0.9362
ASILO       ,RP,1
ASIM        ,SAS,0.9447
ASINAS      ,RP,1
ASIO        ,RP,0.9298
ASIRVATHAM  ,SAS,1
ASIS        ,RP,0.8818
ASISTIN     ,RP,0.9999
ASISTIO     ,RP,1
ASLAM       ,SAS,0.944
ASLAMI      ,AF,0.8654
ASLAMY      ,AF,1
ASMA        ,SAS,0.8029
ASNANI      ,SAS,0.8542
ASO         ,JA,0.8063
ASOKAN      ,SAS,0.9592
ASPA        ,RP,0.8076
ASPACIO     ,RP,0.904
ASPERIN     ,RP,0.9993
ASPIRAS     ,RP,1
ASPREC      ,RP,1
ASPRER      ,RP,1
ASPURIA     ,RP,1
ASRANI      ,SAS,1
ASRAR       ,SAS,0.7273
ASSUDANI    ,SAS,0.9333
ASTHANA     ,SAS,1
ASTILLA     ,RP,0.9999
ASTILLERO   ,RP,0.9987
ASTRERO     ,RP,1
ASTRONOMO   ,RP,0.9347
ASTUTI      ,BIA,0.8837
ASUELO      ,RP,1
ASUNCION    ,RP,0.9324
ASUNTO      ,RP,0.9957
ASWANI      ,SAS,0.8225
ATAD        ,RP,0.7893
ATADERO     ,RP,0.9699
ATAGI       ,JA,0.8556
ATAL        ,SAS,0.5116
ATANACIO    ,RP,0.809
ATANGAN     ,RP,0.975
ATAPATTU    ,CE,0.9302
ATARASHI    ,JA,1
ATCHA       ,SAS,0.5152
ATENDIDO    ,RP,1
ATENGCO     ,RP,1
ATH         ,CB,0.8112
ATHAIDE     ,SAS,0.9739
ATHALYE     ,SAS,1
ATHAR       ,SAS,0.9781
ATHAVALE    ,SAS,1
ATHER       ,SAS,0.9759
ATHOTA      ,SAS,1
ATHREYA     ,SAS,0.9987
ATHWAL      ,SAS,0.8845
ATIENZA     ,RP,0.9553
ATIF        ,SAS,0.771
ATIGA       ,RP,0.9972
ATIJERA     ,RP,1
ATILLO      ,RP,1
ATIQ        ,SAS,0.666
ATIQUE      ,SAS,1
ATLA        ,SAS,1
ATLURI      ,SAS,1
ATLURU      ,SAS,1
ATMADJA     ,BIA,0.9412
ATMAKURI    ,SAS,1
ATMAR       ,AF,0.9595
ATOLE       ,RP,0.8812
ATON        ,RP,0.5784
ATOS        ,RP,0.9998
ATRE        ,SAS,1
ATREYA      ,SAS,0.7656
ATSUMI      ,JA,0.9824
ATSUTA      ,JA,1
ATTAI       ,AF,0.5385
ATTAIE      ,AF,0.6046
ATTALURI    ,SAS,1
ATTARWALA   ,SAS,1
ATTILI      ,SAS,0.6112
ATTIQUE     ,SAS,1
ATTRI       ,SAS,1
ATUD        ,RP,0.8936
ATWAL       ,SAS,0.8681
AU          ,GCA,0.6052
AUDITOR     ,RP,0.9947
AUDUONG     ,VM,0.9449
AUGUSTY     ,SAS,0.6027
AUH         ,XK,1
AUJERO      ,RP,1
AUJLA       ,SAS,0.8388
AULAKH      ,SAS,0.9558
AUM         ,XK,0.8254
AUMENTADO   ,RP,0.9999
AUNG        ,BM,0.8142
AURANGZEB   ,SAS,1
AURE        ,RP,0.9438
AURELIO     ,RP,0.8093
AURELLANO   ,RP,1
AURORA      ,SAS,0.7689
AUSAN       ,RP,0.9996
AUSTERO     ,RP,1
AUSTRIA     ,RP,0.9768
AUSTRIACO   ,RP,0.9999
AUT         ,CB,0.6906
AUTOR       ,RP,0.7131
AUW         ,BIA,0.633
AUYANG      ,GCA,1
AUYEUNG     ,GCA,0.9419
AUYONG      ,MY,0.833
AUYOUNG     ,GCA,0.8262
AUZA        ,RP,0.5931
AV          ,CB,0.9993
AVADHANI    ,SAS,1
AVADHANULA  ,SAS,1
AVALA       ,SAS,0.8135
AVANCENA    ,RP,1
AVANZADO    ,RP,1
AVASARALA   ,SAS,1
AVASTHI     ,SAS,1
AVE         ,RP,0.655
AVECILLA    ,RP,0.913
AVELINO     ,RP,0.5048
AVELLANA    ,RP,0.8708
AVELLANO    ,RP,0.7186
AVELLANOSA  ,RP,1
AVENIDO     ,RP,1
AVENO       ,RP,0.9927
AVERILLA    ,RP,1
AVERION     ,RP,1
AVES        ,RP,0.7222
AVESTRUZ    ,RP,0.9997
AVIADO      ,RP,1
AVICHAL     ,SAS,1
AVIGUETERO  ,RP,0.9485
AVILLANOZA  ,RP,0.9997
AVINASH     ,SAS,0.8928
AVIRNENI    ,SAS,1
AVISO       ,RP,1
AVULA       ,SAS,1
AVVARU      ,SAS,1
AWAIS       ,SAS,0.9415
AWAL        ,SAS,0.82
AWAN        ,SAS,0.9355
AWANG       ,MY,0.8095
AWANO       ,JA,0.8636
AWASTHI     ,SAS,0.9542
AWATE       ,SAS,0.5577
AWAYA       ,JA,0.9161
AWAYAN      ,RP,1
AWI         ,BM,0.7347
AWWAL       ,SAS,0.8527
AXIBAL      ,RP,0.9996
AYABE       ,JA,0.9999
AYALASOMAYAJ,SAS,1
AYAP        ,RP,0.9998
AYAZ        ,SAS,0.5788
AYE         ,BM,0.7962
AYEN        ,RP,0.5544
AYENTO      ,RP,0.9998
AYESHA      ,SAS,1
AYONAYON    ,RP,0.6507
AYRAN       ,RP,0.9491
AYROSO      ,RP,1
AYSON       ,RP,0.9815
AYTONA      ,RP,1
AYUB        ,SAS,0.6923
AYUBI       ,AF,0.6438
AYUKAWA     ,JA,0.8372
AYUN        ,VM,0.9048
AYUYAO      ,RP,1
AYYAGARI    ,SAS,1
AYYALASOMAYA,SAS,1
AYYAPPAN    ,SAS,1
AYYAR       ,SAS,0.8928
AYYAZ       ,SAS,1
AYYUB       ,SAS,0.6102
AZAD        ,SAS,0.698
AZADA       ,RP,0.9464
AZAM        ,SAS,0.8649
AZAMA       ,JA,0.6883
AZAMI       ,AF,0.5074
AZAMY       ,AF,1
AZARCON     ,RP,1
AZARES      ,RP,0.9999
AZARIAH     ,SAS,0.6792
AZARIAS     ,RP,0.8436
AZARRAGA    ,RP,1
AZCUETA     ,RP,1
AZEEM       ,SAS,0.9011
AZFAR       ,SAS,1
AZHAR       ,SAS,0.8703
AZHER       ,SAS,0.9434
AZIM        ,SAS,0.6593
AZIS        ,BIA,0.5909
AZIZUDDIN   ,SAS,0.9143
AZMAN       ,MY,0.7068
AZMAT       ,SAS,0.9605
AZORES      ,RP,1
AZUCENAS    ,RP,1
AZUELA      ,RP,0.5304
AZUL        ,RP,0.8588
AZUMA       ,JA,0.9155
AZUMI       ,JA,1
AZUR        ,RP,0.99
AZURIN      ,RP,0.8083
BAAL        ,RP,0.5979
BAANG       ,XK,0.7746
BAATAR      ,MG,0.9459
BAATH       ,SAS,0.75
BAAY        ,RP,0.8561
BABA        ,JA,0.5206
BABAO       ,RP,0.9333
BABAR       ,SAS,0.9634
BABARAN     ,RP,0.9579
BABARIA     ,SAS,1
BABAS       ,RP,0.9854
BABASA      ,RP,1
BABBAR      ,SAS,0.9637
BABBER      ,SAS,0.8269
BABIA       ,RP,0.8947
BABIERA     ,RP,1
BABON       ,RP,0.6406
BABOO       ,SAS,0.9999
BABOR       ,RP,0.6538
BABRA       ,SAS,1
BABU        ,SAS,0.9192
BABUL       ,SAS,0.8417
BABURY      ,AF,0.6458
BABWANI     ,SAS,1
BABY        ,SAS,0.8864
BACAL       ,RP,0.5249
BACALA      ,RP,0.992
BACALLA     ,RP,0.9481
BACALSO     ,RP,1
BACALTOS    ,RP,1
BACALZO     ,RP,0.9974
BACANI      ,RP,0.9861
BACARRO     ,RP,1
BACAY       ,RP,1
BACCAM      ,LA,0.6737
BACCAY      ,RP,1
BACERRA     ,RP,0.7576
BACHANI     ,SAS,0.8333
BACHILLER   ,RP,0.666
BACHINI     ,RP,0.8151
BACHO       ,RP,0.6585
BACHTIAR    ,BIA,0.8889
BACHU       ,SAS,0.6368
BACLAAN     ,RP,0.9875
BACLAGAN    ,RP,1
BACLAY      ,RP,0.9999
BACLAYON    ,RP,0.9956
BACLIG      ,RP,0.9999
BACOLOD     ,RP,1
BACOLOR     ,RP,1
BACORRO     ,RP,1
BACOSA      ,RP,0.997
BACTAD      ,RP,0.9778
BACUD       ,RP,0.9528
BACULI      ,RP,0.96
BACUNGAN    ,RP,1
BACUS       ,RP,0.6898
BADAJOS     ,RP,0.7033
BADAM       ,SAS,0.7727
BADAMI      ,SAS,0.8478
BADANI      ,SAS,0.5407
BADAR       ,SAS,0.7614
BADARPURA   ,SAS,1
BADAT       ,SAS,0.5929
BADAYOS     ,RP,0.9802
BADDAM      ,SAS,1
BADESHA     ,SAS,0.8737
BADHAN      ,SAS,0.9719
BADHESHA    ,SAS,1
BADHWAR     ,SAS,0.9437
BADIANG     ,RP,0.9995
BADIOLA     ,RP,0.7672
BADLANI     ,SAS,1
BADONG      ,RP,1
BADONI      ,SAS,0.622
BADOY       ,RP,1
BADRINARAYAN,SAS,0.9184
BADRINATH   ,SAS,1
BADRUDDIN   ,SAS,0.8433
BADSHAH     ,SAS,1
BADUA       ,RP,0.9921
BADURIA     ,RP,0.9997
BADWAL      ,SAS,0.8989
BADYAL      ,SAS,0.9
BAE         ,XK,0.9652
BAECK       ,XK,0.5349
BAEG        ,XK,1
BAEK        ,XK,0.9667
BAEL        ,RP,0.9999
BAELLO      ,RP,0.9992
BAES        ,RP,0.7256
BAESA       ,RP,0.7322
BAET        ,RP,1
BAETIONG    ,RP,1
BAFNA       ,SAS,1
BAGA        ,RP,0.6721
BAGADE      ,SAS,1
BAGADIONG   ,RP,1
BAGAI       ,SAS,1
BAGAIN      ,RP,0.7544
BAGAL       ,SAS,0.9285
BAGALAWIS   ,RP,0.9516
BAGALAY     ,RP,0.9939
BAGALSO     ,RP,1
BAGAMASPAD  ,RP,1
BAGANG      ,RP,1
BAGAOISAN   ,RP,1
BAGAPORO    ,RP,1
BAGARIA     ,SAS,1
BAGASOL     ,RP,1
BAGAY       ,RP,0.9999
BAGAYAS     ,RP,0.9988
BAGCAL      ,RP,1
BAGCHI      ,SAS,0.9666
BAGGA       ,SAS,0.9595
BAGGAO      ,RP,0.9977
BAGGIA      ,SAS,0.538
BAGLA       ,SAS,1
BAGLAN      ,RP,0.6938
BAGNAS      ,RP,0.9978
BAGNOL      ,RP,0.8302
BAGO        ,RP,0.7138
BAGON       ,RP,0.8943
BAGORIO     ,RP,0.9951
BAGOS       ,RP,0.681
BAGOYO      ,RP,0.9985
BAGRI       ,SAS,0.8662
BAGSIC      ,RP,1
BAGTAS      ,RP,1
BAGUE       ,RP,0.7087
BAGUINON    ,RP,1
BAGUIO      ,RP,0.9897
BAGUL       ,SAS,1
BAGUM       ,SAS,1
BAGUNU      ,RP,1
BAGUYO      ,RP,1
BAGWE       ,SAS,1
BAHA        ,AF,0.66
BAHADAR     ,SAS,0.9997
BAHAL       ,SAS,0.7692
BAHARUDDIN  ,MY,0.7077
BAHARUDIN   ,MY,0.8772
BAHEL       ,SAS,0.9823
BAHETI      ,SAS,1
BAHK        ,XK,0.9845
BAHL        ,SAS,0.8498
BAHN        ,XK,0.5591
BAHNG       ,XK,1
BAHRA       ,SAS,0.5606
BAHUGUNA    ,SAS,1
BAI         ,GCA,0.8511
BAICK       ,XK,0.9999
BAID        ,SAS,1
BAIDWAN     ,SAS,0.951
BAIDYA      ,SAS,0.7244
BAIG        ,SAS,0.9168
BAIJAL      ,SAS,1
BAIJU       ,SAS,0.5918
BAIK        ,XK,0.9743
BAINS       ,SAS,0.8481
BAIRAN      ,RP,0.6863
BAISA       ,RP,0.8302
BAJA        ,RP,0.8644
BAJAJ       ,SAS,0.9419
BAJAO       ,RP,1
BAJAR       ,RP,0.5254
BAJARIA     ,SAS,0.8095
BAJARIAS    ,RP,1
BAJET       ,RP,0.9064
BAJGAI      ,BT,0.6779
BAJORIA     ,SAS,1
BAJPAI      ,SAS,0.9613
BAJRACHARYA ,NP,0.9501
BAJWA       ,SAS,0.9486
BAKALI      ,SAS,0.923
BAKANE      ,SAS,0.8183
BAKHRU      ,SAS,1
BAKHT       ,SAS,0.8267
BAKHTARI    ,AF,0.5818
BAKRE       ,SAS,0.5757
BAKSHI      ,SAS,0.9148
BAKSI       ,SAS,0.7638
BAL         ,SAS,0.6305
BALA        ,SAS,0.5016
BALAAN      ,RP,1
BALABA      ,RP,0.7567
BALABIS     ,RP,0.9992
BALACHANDAR ,SAS,0.9999
BALACHANDER ,SAS,0.9998
BALACHANDRAN,SAS,0.8416
BALADAD     ,RP,0.9998
BALAGA      ,RP,0.6154
BALAGAT     ,RP,0.9999
BALAGOPAL   ,SAS,0.9333
BALAGOT     ,RP,0.9877
BALAGSO     ,RP,1
BALAGTAS    ,RP,0.9877
BALAHADIA   ,RP,1
BALAIS      ,RP,0.9154
BALAJADIA   ,RP,0.9562
BALAJI      ,SAS,0.9912
BALAKRISHNA ,SAS,1
BALAKRISHNAN,SAS,0.9446
BALAKUMAR   ,SAS,0.7887
BALALA      ,RP,0.7717
BALALLO     ,RP,1
BALAMURUGAN ,SAS,0.9912
BALANA      ,RP,0.7273
BALANAG     ,RP,0.9998
BALANAY     ,RP,0.983
BALANCE     ,RP,0.6753
BALANCIO    ,RP,0.9754
BALANDRA    ,RP,0.7354
BALANE      ,RP,1
BALANGA     ,RP,0.9668
BALANGUE    ,RP,1
BALANI      ,SAS,0.747
BALANO      ,RP,0.9741
BALANON     ,RP,0.982
BALANSAG    ,RP,1
BALANSAY    ,RP,1
BALANTAC    ,RP,1
BALANZA     ,RP,0.8773
BALAO       ,RP,0.9999
BALAOING    ,RP,1
BALAORO     ,RP,0.9999
BALAR       ,SAS,1
BALARAM     ,SAS,0.8033
BALARAMAN   ,SAS,1
BALASABAS   ,RP,1
BALASBAS    ,RP,0.9948
BALASI      ,RP,0.7163
BALASINGAM  ,CE,0.814
BALASUBRAMAN,SAS,0.9543
BALASUNDARAM,SAS,0.908
BALASURIYA  ,CE,0.9344
BALATBAT    ,RP,1
BALATICO    ,RP,0.9998
BALAUAG     ,RP,1
BALAURO     ,RP,0.9994
BALBA       ,RP,0.9206
BALBARINO   ,RP,1
BALBAS      ,RP,0.7881
BALBIN      ,RP,0.5749
BALCE       ,RP,1
BALCHANDANI ,SAS,1
BALCITA     ,RP,0.9985
BALCOS      ,RP,0.9994
BALDADO     ,RP,0.9999
BALDEMOR    ,RP,1
BALDERAMA   ,RP,0.6549
BALDEVARONA ,RP,0.9143
BALDIVINO   ,RP,1
BALDOMAR    ,RP,0.5293
BALDOMERO   ,RP,0.6085
BALDONADO   ,RP,0.8081
BALDOS      ,RP,0.9997
BALDOVI     ,RP,0.9998
BALDOVINO   ,RP,0.7499
BALDOZ      ,RP,0.9995
BALDOZA     ,RP,0.9999
BALDUEZA    ,RP,1
BALDUGO     ,RP,1
BALECHA     ,RP,0.5436
BALENTON    ,RP,0.9347
BALEVA      ,RP,0.5833
BALGOS      ,RP,1
BALI        ,SAS,0.5976
BALICO      ,RP,0.8908
BALICOCO    ,RP,1
BALIDO      ,RP,0.5109
BALIGA      ,SAS,0.8962
BALIGAD     ,RP,0.9982
BALIGNASAY  ,RP,0.9999
BALIGOD     ,RP,1
BALIJEPALLI ,SAS,1
BALILA      ,RP,0.6667
BALILI      ,RP,0.642
BALILO      ,RP,1
BALINA      ,RP,0.5789
BALINAS     ,RP,0.7896
BALINBIN    ,RP,0.9661
BALINGIT    ,RP,1
BALINO      ,RP,0.8129
BALIOLA     ,RP,1
BALIOS      ,RP,0.6433
BALISACAN   ,RP,1
BALISI      ,RP,1
BALITAAN    ,RP,1
BALITON     ,RP,1
BALIWAG     ,RP,1
BALKHI      ,SAS,0.525
BALLADO     ,RP,0.5555
BALLAL      ,SAS,0.9125
BALLAR      ,RP,0.6316
BALLARTA    ,RP,0.7185
BALLECER    ,RP,0.9998
BALLEM      ,SAS,0.9676
BALLERAS    ,RP,0.9997
BALLESTA    ,RP,0.7939
BALLOS      ,RP,0.6388
BALMEO      ,RP,1
BALMES      ,RP,0.8131
BALMILERO   ,RP,0.9996
BALMOJA     ,RP,0.9927
BALMONTE    ,RP,1
BALMORES    ,RP,0.999
BALOCH      ,SAS,0.954
BALOLONG    ,RP,1
BALORAN     ,RP,1
BALOT       ,RP,0.8959
BALOUCH     ,SAS,0.73
BALOY       ,RP,0.8759
BALRAJ      ,SAS,0.5035
BALSARA     ,SAS,0.9286
BALTASAR    ,RP,0.5208
BALTERO     ,RP,0.9984
BALU        ,SAS,0.85
BALUBAR     ,RP,0.9996
BALUCA      ,RP,0.9999
BALUCAN     ,RP,0.9972
BALUCH      ,SAS,0.7057
BALURAN     ,RP,1
BALUSU      ,SAS,1
BALUYOT     ,RP,0.9795
BALUYUT     ,RP,1
BALWANI     ,SAS,1
BAMBAO      ,RP,0.9703
BAMBICO     ,RP,0.9518
BAMER       ,RP,0.5168
BANAAG      ,RP,1
BANABAN     ,RP,1
BANAG       ,RP,0.9375
BANAGA      ,RP,0.6916
BANAGAN     ,RP,0.8838
BANAL       ,RP,0.9604
BANALA      ,SAS,1
BANANA      ,RP,0.7582
BANANI      ,SAS,0.5849
BANANIA     ,RP,1
BANARES     ,RP,0.943
BANARIA     ,RP,1
BANATAO     ,RP,1
BANAWA      ,RP,1
BANAYAT     ,RP,0.9998
BANCALE     ,RP,0.9214
BANCOD      ,RP,1
BANDALAN    ,RP,0.8832
BANDARA     ,CE,1
BANDARI     ,SAS,0.5172
BANDARU     ,SAS,0.9927
BANDARUPALLI,SAS,1
BANDAY      ,SAS,0.7952
BANDAYREL   ,RP,1
BANDEKAR    ,SAS,1
BANDELA     ,SAS,1
BANDI       ,SAS,0.8794
BANDITH     ,LA,0.8947
BANDLA      ,SAS,1
BANDLAMUDI  ,SAS,1
BANDO       ,JA,0.8314
BANDOLA     ,RP,0.6147
BANDONG     ,RP,1
BANDOY      ,RP,1
BANDUKWALA  ,SAS,1
BANDYOPADHYA,SAS,0.9942
BANERJEA    ,SAS,1
BANERJEE    ,SAS,0.953
BANERJI     ,SAS,0.9148
BANEZ       ,RP,0.9914
BANG        ,XK,0.8035
BANGA       ,SAS,0.7292
BANGALAN    ,RP,1
BANGALORE   ,SAS,1
BANGAR      ,SAS,0.8962
BANGARU     ,SAS,0.7317
BANGASH     ,SAS,0.9655
BANGAYAN    ,RP,1
BANGER      ,SAS,0.812
BANGERA     ,SAS,0.9647
BANGI       ,RP,0.6533
BANGIA      ,SAS,1
BANGIT      ,RP,1
BANGLORIA   ,SAS,1
BANGLOY     ,RP,0.9997
BANGOY      ,RP,1
BANGUIS     ,RP,1
BANH        ,VM,0.93
BANIAGA     ,RP,0.9993
BANIAS      ,RP,0.6959
BANIK       ,SAS,0.8691
BANIPAL     ,SAS,0.9455
BANIQUED    ,RP,1
BANIYA      ,NP,0.5902
BANKAR      ,SAS,1
BANNAI      ,JA,0.8167
BANNAVONG   ,LA,0.9997
BANNO       ,JA,0.7665
BANO        ,SAS,0.8785
BANOGON     ,RP,0.9998
BANOUVONG   ,LA,0.9999
BANSAL      ,SAS,0.953
BANSIL      ,RP,0.8894
BANSKOTA    ,NP,1
BANTAY      ,RP,1
BANTHIA     ,SAS,1
BANTIGUE    ,RP,1
BANTILAN    ,RP,0.9992
BANTING     ,RP,0.8306
BANTOLINA   ,RP,0.9799
BANTUG      ,RP,1
BANTUGAN    ,RP,1
BANU        ,SAS,0.8327
BANUA       ,RP,0.8513
BANWAIT     ,SAS,0.8812
BANZALI     ,RP,0.999
BANZON      ,RP,1
BANZUELA    ,RP,1
BANZUELO    ,RP,1
BAO         ,GCA,0.8556
BAON        ,RP,0.9989
BAPAT       ,SAS,0.9863
BAPATLA     ,SAS,1
BAPNA       ,SAS,1
BAQAI       ,SAS,1
BAQAR       ,SAS,0.9318
BAQI        ,AF,0.6206
BAQUI       ,SAS,0.9314
BAQUIR      ,RP,0.9667
BAQUIRAN    ,RP,0.9811
BARAAN      ,RP,0.9997
BARACEROS   ,RP,1
BARACHINA   ,RP,1
BARAD       ,SAS,0.5214
BARADI      ,RP,0.8352
BARAI       ,SAS,1
BARAKZAI    ,AF,0.8452
BARAL       ,NP,0.5337
BARANDA     ,RP,0.6073
BARANGAN    ,RP,1
BARANWAL    ,SAS,1
BARAO       ,RP,0.5288
BARAOIDAN   ,RP,0.9991
BARAYUGA    ,RP,1
BARBADILLO  ,RP,0.6054
BARBASA     ,RP,1
BARBAZA     ,RP,0.9989
BARBERS     ,RP,0.9973
BARBIETO    ,RP,0.9362
BARCARSE    ,RP,0.9998
BARCAS      ,RP,0.6447
BARCE       ,RP,0.9931
BARCEGA     ,RP,1
BARCELLANO  ,RP,1
BARCELON    ,RP,0.999
BARCELONA   ,RP,0.8326
BARCENILLA  ,RP,0.8985
BARDAI      ,SAS,0.9268
BARDAY      ,SAS,0.7851
BARDHAN     ,SAS,1
BAREKZAI    ,AF,1
BARENG      ,RP,1
BARGAMENTO  ,RP,0.9722
BARI        ,SAS,0.7648
BARIA       ,RP,0.5581
BARIANA     ,SAS,0.9804
BARICUATRO  ,RP,0.8953
BARIK       ,SAS,0.8947
BARILLO     ,RP,0.8812
BARIN       ,RP,0.5447
BARINO      ,RP,0.6403
BARINQUE    ,RP,0.9971
BARISO      ,RP,0.6863
BARIT       ,RP,0.969
BARK        ,XK,0.6458
BARKAT      ,SAS,0.7921
BARLA       ,SAS,0.8284
BARLAAN     ,RP,0.969
BARLAHAN    ,RP,1
BARLAN      ,RP,0.8692
BARLES      ,RP,0.9992
BARLIS      ,RP,0.875
BARMA       ,SAS,0.5238
BARMAN      ,SAS,0.7987
BARN        ,SAS,0.8355
BARNACHEA   ,RP,1
BARNACHIA   ,RP,0.5706
BARNEDO     ,RP,1
BARNUEVO    ,RP,0.5455
BAROI       ,SAS,0.9273
BARONGAN    ,RP,1
BARONIA     ,RP,0.8
BAROT       ,SAS,0.8745
BARRACA     ,RP,0.7856
BARRAMEDA   ,RP,0.9459
BARREDO     ,RP,0.7205
BARRETTO    ,RP,0.662
BARRIDO     ,RP,1
BARRIL      ,RP,0.7055
BARRING     ,SAS,0.6068
BARRION     ,RP,0.9999
BARROGA     ,RP,1
BARROQUILLO ,RP,0.9996
BARROSA     ,RP,0.5312
BARROZO     ,RP,0.6153
BARRUGA     ,RP,0.9994
BARSANA     ,RP,1
BARSATAN    ,RP,0.9999
BARTE       ,RP,0.9534
BARTHOLOMEUS,CE,0.64
BARTIDO     ,RP,1
BARTOLOME   ,RP,0.8601
BARUA       ,SAS,0.947
BARUAH      ,SAS,1
BARUELA     ,RP,1
BARUS       ,BIA,0.7462
BARUT       ,RP,0.6026
BARVE       ,SAS,1
BARZA       ,RP,0.5384
BASA        ,RP,0.8414
BASACA      ,RP,0.5581
BASADA      ,RP,0.9999
BASAK       ,SAS,0.7636
BASALLO     ,RP,0.6935
BASALO      ,RP,0.6341
BASANES     ,RP,1
BASANI      ,SAS,1
BASAPPA     ,SAS,1
BASARIA     ,SAS,0.907
BASAS       ,RP,0.933
BASAVA      ,SAS,0.9111
BASAVARAJ   ,SAS,1
BASAVARAJU  ,SAS,1
BASBAS      ,RP,1
BASCARA     ,RP,0.9999
BASCO       ,RP,0.9258
BASCON      ,RP,0.9284
BASCONCILLO ,RP,1
BASCOS      ,RP,1
BASEER      ,SAS,0.9471
BASET       ,SAS,0.913
BASHAR      ,SAS,0.8658
BASHARAT    ,SAS,1
BASHER      ,SAS,0.5107
BASHIR      ,SAS,0.6105
BASHYAM     ,SAS,1
BASI        ,SAS,0.6822
BASILA      ,RP,0.9369
BASILAN     ,RP,1
BASILIO     ,RP,0.5725
BASIREDDY   ,SAS,1
BASIT       ,SAS,0.775
BASITH      ,SAS,1
BASKAR      ,SAS,0.9997
BASKARAN    ,SAS,0.9155
BASKER      ,SAS,0.6687
BASKOTA     ,BT,0.6047
BASNET      ,NP,0.5957
BASNYAT     ,NP,0.877
BASRA       ,SAS,0.8565
BASRAI      ,SAS,0.9999
BASSI       ,SAS,0.6622
BASSIG      ,RP,0.9674
BASTE       ,RP,0.6769
BASTOLA     ,BT,0.5908
BASU        ,SAS,0.9486
BASUEL      ,RP,0.9997
BASUG       ,RP,1
BASUIL      ,RP,0.9896
BASUKI      ,BIA,0.908
BATAC       ,RP,1
BATACAN     ,RP,1
BATACLAN    ,RP,1
BATAD       ,RP,0.9753
BATALLER    ,RP,0.7378
BATALLONES  ,RP,1
BATALON     ,RP,0.8395
BATANGAN    ,RP,0.965
BATARA      ,RP,0.9668
BATAS       ,RP,0.7358
BATAVIA     ,SAS,0.9442
BATAYOLA    ,RP,1
BATBAYAR    ,MG,1
BATBOLD     ,MG,1
BATCHU      ,SAS,1
BATCHULUUN  ,MG,1
BATEN       ,SAS,0.5677
BATENGA     ,RP,0.9434
BATERDENE   ,MG,1
BATERINA    ,RP,0.9524
BATH        ,SAS,0.5867
BATHALA     ,SAS,1
BATHAM      ,SAS,0.6481
BATHAN      ,RP,1
BATHEJA     ,SAS,1
BATHEY      ,SAS,0.9534
BATHIJA     ,SAS,0.7027
BATHINA     ,SAS,1
BATHINI     ,SAS,1
BATHLA      ,SAS,1
BATHULA     ,SAS,1
BATILLER    ,RP,1
BATILO      ,RP,0.9996
BATIN       ,RP,0.6701
BATINGA     ,RP,1
BATINO      ,RP,1
BATISH      ,SAS,0.9091
BATJARGAL   ,MG,0.9595
BATLA       ,SAS,0.9333
BATLIWALA   ,SAS,1
BATMUNKH    ,MG,0.8873
BATO        ,RP,0.7511
BATOL       ,RP,0.7959
BATOOL      ,SAS,0.9917
BATOON      ,RP,1
BATRA       ,SAS,0.9705
BATSAIKHAN  ,MG,1
BATSUKH     ,MG,1
BATTA       ,SAS,0.6595
BATTAD      ,RP,0.9762
BATTH       ,SAS,0.9257
BATTINA     ,SAS,1
BATTINI     ,SAS,0.7222
BATTU       ,SAS,0.969
BATTULA     ,SAS,1
BATTULGA    ,MG,1
BATTUNG     ,RP,0.9998
BATUGO      ,RP,0.9998
BATULA      ,RP,0.5851
BATULAN     ,RP,1
BATUNGBACAL ,RP,0.9813
BATUYONG    ,RP,0.9998
BATZORIG    ,MG,1
BAUL        ,RP,0.7525
BAULA       ,RP,1
BAUN        ,RP,0.7059
BAUSA       ,RP,0.9032
BAUZON      ,RP,1
BAVA        ,SAS,0.6051
BAVARIA     ,SAS,0.9853
BAVEJA      ,SAS,1
BAVIERA     ,RP,0.7128
BAVISHI     ,SAS,0.9579
BAVISKAR    ,SAS,1
BAW         ,BM,0.7591
BAWA        ,SAS,0.7645
BAWANI      ,SAS,1
BAWANY      ,SAS,1
BAWEJA      ,SAS,0.9743
BAWI        ,BM,0.8759
BAXA        ,RP,0.6691
BAXI        ,SAS,0.9902
BAYACA      ,RP,0.9998
BAYAN       ,RP,0.7909
BAYANG      ,RP,0.9999
BAYANGOS    ,RP,1
BAYANI      ,RP,0.8601
BAYARAA     ,MG,0.9375
BAYARSAIKHAN,MG,0.9746
BAYASGALAN  ,MG,0.8679
BAYAUA      ,RP,1
BAYAWA      ,RP,1
BAYBAY      ,RP,1
BAYBAYAN    ,RP,0.9765
BAYLE       ,RP,0.5671
BAYLEN      ,RP,0.9989
BAYLON      ,RP,0.6608
BAYLOSIS    ,RP,1
BAYNA       ,RP,0.9979
BAYOG       ,RP,1
BAYONETA    ,RP,0.9999
BAYOT       ,RP,0.9498
BAYQUEN     ,RP,1
BAYRO       ,RP,0.5261
BAYSA       ,RP,0.9819
BAYTAN      ,RP,0.8684
BAYUDAN     ,RP,0.9841
BAYUGA      ,RP,0.9538
BAYYA       ,SAS,0.6222
BAZAZ       ,SAS,0.6387
BEAK        ,XK,0.9582
BEAUTY      ,SAS,0.9749
BECTOR      ,SAS,0.9348
BEDAR       ,AF,0.5316
BEDEKAR     ,SAS,1
BEDI        ,SAS,0.8983
BEDRE       ,SAS,0.9505
BEERAM      ,SAS,0.8415
BEG         ,SAS,0.8309
BEGAM       ,SAS,0.9726
BEGOM       ,SAS,1
BEGONIA     ,RP,0.987
BEGUM       ,SAS,0.9752
BEHAL       ,SAS,0.8415
BEHARA      ,SAS,0.9995
BEHERA      ,SAS,0.9886
BEHL        ,SAS,0.8196
BEI         ,GCA,0.8683
BEIERLY     ,RP,0.9175
BEIG        ,SAS,0.9995
BEJASA      ,RP,0.925
BEJO        ,RP,0.5111
BELAMIDE    ,RP,0.9998
BELANDRES   ,RP,1
BELANI      ,SAS,1
BELANIO     ,RP,0.9499
BELARDE     ,RP,0.6628
BELARDO     ,RP,0.6775
BELARMINO   ,RP,0.972
BELBER      ,RP,0.708
BELDA       ,RP,0.5532
BELDE       ,SAS,0.9171
BELE        ,SAS,0.5454
BELEN       ,RP,0.7515
BELENA      ,RP,0.9816
BELENO      ,RP,0.6161
BELGA       ,RP,0.9998
BELIM       ,SAS,0.6439
BELINO      ,RP,0.9999
BELISARIO   ,RP,0.696
BELISO      ,RP,0.9754
BELIZARIO   ,RP,0.5454
BELLAM      ,SAS,0.9614
BELLAMKONDA ,SAS,1
BELLANI     ,SAS,0.5648
BELLARY     ,SAS,1
BELLEN      ,RP,0.6508
BELLEZA     ,RP,0.9347
BELLUR      ,SAS,1
BELMES      ,RP,0.9057
BELOCURA    ,RP,1
BELONG      ,RP,0.708
BELONIO     ,RP,1
BELOY       ,RP,0.9996
BELSARE     ,SAS,1
BELTRANO    ,RP,0.6919
BELUR       ,SAS,0.9999
BELUSO      ,RP,1
BELVIS      ,RP,0.908
BELZA       ,RP,0.6346
BEMBO       ,RP,0.9248
BENAS       ,RP,0.5857
BENCITO     ,RP,1
BENDIGO     ,RP,0.5734
BENDO       ,RP,0.6267
BENDRE      ,SAS,1
BENEDICTO   ,RP,0.8492
BENEDICTOS  ,RP,1
BENEDITO    ,RP,0.5392
BENEMERITO  ,RP,0.9985
BENG        ,CB,0.6039
BENGALI     ,SAS,0.9999
BENGCO      ,RP,1
BENGSON     ,RP,0.9699
BENGZON     ,RP,0.9143
BENIGNO     ,RP,0.6746
BENIPAL     ,SAS,0.96
BENIPAYO    ,RP,1
BENIWAL     ,SAS,1
BENNY       ,SAS,0.581
BENOSA      ,RP,0.9268
BENOZA      ,RP,0.875
BENSAN      ,RP,1
BENTING     ,RP,0.5198
BENTULAN    ,RP,0.9996
BENZON      ,RP,0.9043
BEPPU       ,JA,0.9273
BERA        ,SAS,0.5793
BERBA       ,RP,0.8788
BERBANO     ,RP,0.9999
BERBERABE   ,RP,1
BERCASIO    ,RP,1
BERCES      ,RP,0.6939
BERDAL      ,RP,0.8963
BERDE       ,SAS,0.6673
BERDIAGO    ,RP,0.9986
BERDIN      ,RP,0.844
BERDOS      ,RP,0.7658
BEREDO      ,RP,1
BERENA      ,RP,1
BERENGUEL   ,RP,0.517
BERGADO     ,RP,0.9685
BERGANIO    ,RP,0.9998
BERGANTINOS ,RP,0.9483
BERGENHOLTZ ,RP,0.6573
BERGONIA    ,RP,1
BERGONIO    ,RP,1
BERI        ,SAS,0.7697
BERINA      ,RP,0.7692
BERINO      ,RP,0.7479
BERMAS      ,RP,0.9993
BERMILLO    ,RP,0.9019
BERMOY      ,RP,0.9952
BERMUDO     ,RP,0.9217
BERMUNDO    ,RP,1
BERNAD      ,RP,0.5957
BERNADAS    ,RP,0.9995
BERNADOS    ,RP,0.9999
BERNALDEZ   ,RP,0.723
BERNALDO    ,RP,0.7718
BERNALES    ,RP,0.6469
BERNARDO    ,RP,0.675
BERNARTE    ,RP,1
BERNAS      ,RP,0.6483
BERNOS      ,RP,0.5379
BERONA      ,RP,0.9837
BERONILLA   ,RP,1
BERONIO     ,RP,0.7397
BERROYA     ,RP,1
BERSABE     ,RP,1
BERSALONA   ,RP,1
BERSAMIN    ,RP,0.9562
BERSAMINA   ,RP,0.9987
BERTULFO    ,RP,0.9687
BERTUMEN    ,RP,1
BERY        ,SAS,0.69
BESA        ,RP,0.7475
BESABE      ,RP,0.9988
BESANA      ,RP,0.9431
BESAS       ,RP,1
BESSHO      ,JA,1
BETHA       ,SAS,0.7199
BETHI       ,SAS,1
BETIONG     ,RP,1
BETITA      ,RP,0.9998
BETITO      ,RP,0.7183
BETONIO     ,RP,0.9972
BETRON      ,RP,0.9761
BETS        ,RP,0.6196
BEZAWADA    ,SAS,1
BHACHU      ,SAS,0.7
BHADAURIA   ,SAS,1
BHADRA      ,SAS,0.9451
BHADURI     ,SAS,1
BHAGAT      ,SAS,0.9318
BHAGAVAN    ,SAS,1
BHAGAVATHULA,SAS,1
BHAGAVATULA ,SAS,1
BHAGCHANDANI,SAS,1
BHAGIA      ,SAS,1
BHAGWAT     ,SAS,0.9088
BHAI        ,SAS,0.9375
BHAIDANI    ,SAS,1
BHAKTA      ,SAS,0.8762
BHALALA     ,SAS,1
BHALANI     ,SAS,1
BHALERAO    ,SAS,1
BHALLA      ,SAS,0.8916
BHALLI      ,SAS,1
BHALODIA    ,SAS,1
BHAM        ,SAS,0.9157
BHAMANI     ,SAS,0.9701
BHAMBHANI   ,SAS,1
BHAMBRA     ,SAS,0.8627
BHAMBRI     ,SAS,0.9444
BHAMIDIPATI ,SAS,1
BHAMRA      ,SAS,0.77
BHAN        ,SAS,0.5763
BHANDAL     ,SAS,0.9646
BHANDARE    ,SAS,1
BHANDARKAR  ,SAS,1
BHANDARU    ,SAS,1
BHANDARY    ,SAS,0.6214
BHANDERI    ,SAS,1
BHANG       ,XK,1
BHANGAL     ,SAS,0.8571
BHANGOO     ,SAS,0.8897
BHANGU      ,SAS,0.9444
BHANOT      ,SAS,0.945
BHANSALI    ,SAS,0.9838
BHANUSHALI  ,SAS,1
BHANVADIA   ,SAS,1
BHAR        ,SAS,1
BHARADWAJ   ,SAS,0.9902
BHARAJ      ,SAS,0.85
BHARANI     ,SAS,0.9996
BHARARA     ,SAS,1
BHARATHAN   ,SAS,0.9459
BHARATHI    ,SAS,1
BHARDWAJ    ,SAS,0.975
BHARGAV     ,SAS,1
BHARGAVA    ,SAS,0.967
BHARMAL     ,SAS,0.931
BHARTI      ,SAS,1
BHARTIYA    ,SAS,1
BHARUCHA    ,SAS,0.9706
BHARWANI    ,SAS,0.785
BHASHYAM    ,SAS,1
BHASIN      ,SAS,0.8874
BHASKAR     ,SAS,0.9734
BHASKARA    ,SAS,1
BHASKARAN   ,SAS,0.9674
BHASKER     ,SAS,1
BHAT        ,SAS,0.9833
BHATE       ,SAS,1
BHATHAL     ,SAS,0.8729
BHATHENA    ,SAS,1
BHATI       ,SAS,1
BHATIA      ,SAS,0.9299
BHATLA      ,SAS,1
BHATNAGAR   ,SAS,0.9726
BHATT       ,SAS,0.924
BHATTA      ,NP,0.7143
BHATTACHAN  ,NP,0.9091
BHATTACHARJE,SAS,0.976
BHATTACHARYA,SAS,0.9775
BHATTACHARYY,SAS,0.9643
BHATTAD     ,SAS,1
BHATTAL     ,SAS,0.9464
BHATTAR     ,SAS,1
BHATTARAI   ,NP,0.611
BHATTI      ,SAS,0.9276
BHATTIPROLU ,SAS,1
BHATTY      ,SAS,0.9842
BHAUMIK     ,SAS,1
BHAVANAM    ,SAS,1
BHAVANI     ,SAS,1
BHAVARAJU   ,SAS,1
BHAVE       ,SAS,1
BHAVNANI    ,SAS,0.7899
BHAVSAR     ,SAS,0.9628
BHAWNANI    ,SAS,1
BHAWSAR     ,SAS,1
BHAYANA     ,SAS,1
BHAYANI     ,SAS,0.9134
BHEDA       ,SAS,1
BHELA       ,SAS,1
BHENDE      ,SAS,1
BHETWAL     ,NP,0.8571
BHIDE       ,SAS,1
BHIMANI     ,SAS,0.9002
BHIMAVARAPU ,SAS,1
BHINDER     ,SAS,0.8827
BHISE       ,SAS,1
BHOGAL      ,SAS,0.7368
BHOGARAJU   ,SAS,1
BHOJANI     ,SAS,0.8571
BHOJWANI    ,SAS,0.784
BHOLAT      ,BM,0.5575
BHOLE       ,SAS,1
BHONSLE     ,SAS,1
BHOPAL      ,SAS,0.875
BHOSALE     ,SAS,1
BHOSLE      ,SAS,1
BHOWMICK    ,SAS,0.9855
BHOWMIK     ,SAS,0.9839
BHUIYA      ,SAS,0.9621
BHUIYAN     ,SAS,0.946
BHUJEL      ,BT,0.6834
BHULA       ,SAS,0.5249
BHULLAR     ,SAS,0.9102
BHULLER     ,SAS,0.8784
BHUPATHI    ,SAS,1
BHUPATHIRAJU,SAS,1
BHUPATIRAJU ,SAS,1
BHURA       ,SAS,1
BHURGRI     ,SAS,0.9998
BHUSAL      ,NP,0.9586
BHUSHAN     ,SAS,0.978
BHUT        ,SAS,1
BHUTA       ,SAS,1
BHUTADA     ,SAS,1
BHUTANI     ,SAS,0.9409
BHUTIA      ,SAS,0.9814
BHUTTA      ,SAS,0.9601
BHUTTO      ,SAS,0.9512
BHUVA       ,SAS,0.7738
BHUYAN      ,SAS,0.9819
BI          ,GCA,0.7691
BIACAN      ,RP,1
BIADO       ,RP,1
BIAG        ,RP,1
BIAGTAN     ,RP,1
BIALA       ,RP,0.6584
BIAN        ,GCA,0.9718
BIANES      ,RP,0.9099
BIANO       ,RP,0.84
BIASCA      ,RP,0.573
BIASCAN     ,RP,1
BIASON      ,RP,0.9997
BIBAT       ,RP,1
BIBI        ,SAS,0.8936
BICERA      ,RP,1
BICH        ,VM,0.6159
BICO        ,RP,0.5091
BICOMONG    ,RP,1
BIDES       ,RP,0.9986
BIETE       ,RP,0.9997
BIGALBAL    ,RP,0.9999
BIGAY       ,RP,0.7457
BIGLETE     ,RP,1
BIGORNIA    ,RP,0.9675
BIHAG       ,RP,1
BIHANI      ,SAS,1
BIHIS       ,RP,1
BIJLANI     ,SAS,0.9778
BIJU        ,SAS,0.9576
BIJUR       ,SAS,0.9797
BIK         ,BM,0.7868
BIKA        ,SAS,0.5368
BIKKINA     ,SAS,1
BILAL       ,SAS,0.5405
BILGRAMI    ,SAS,0.9691
BILIMORIA   ,SAS,0.8723
BILKIS      ,SAS,0.9997
BILLA       ,SAS,0.7745
BILLAH      ,SAS,0.9999
BILLEDO     ,RP,0.9969
BILLENA     ,RP,0.9998
BILLIMORIA  ,SAS,0.9405
BILLONES    ,RP,1
BILLOO      ,SAS,1
BILLOTE     ,RP,1
BILOG       ,RP,1
BINARAO     ,RP,1
BINAS       ,RP,0.875
BINCE       ,RP,0.8569
BINDAL      ,SAS,0.9474
BINDRA      ,SAS,0.9241
BINGCANG    ,RP,1
BINOY       ,SAS,0.9998
BINOYA      ,RP,0.9999
BINSOL      ,RP,0.9996
BINU        ,SAS,0.8879
BINUYA      ,RP,1
BIO         ,RP,0.632
BIOC        ,RP,1
BIRADAR     ,SAS,1
BIRDI       ,SAS,0.7073
BIRDIE      ,SAS,0.7868
BIRING      ,SAS,0.8688
BIRLA       ,SAS,1
BIRONDO     ,RP,0.9994
BIRRING     ,SAS,0.936
BISARIA     ,SAS,1
BISARRA     ,RP,0.9998
BISARYA     ,SAS,0.8073
BISCO       ,RP,0.8726
BISCOCHO    ,RP,1
BISDA       ,RP,1
BISEN       ,SAS,1
BISHNOI     ,SAS,0.9565
BISHT       ,SAS,0.8629
BISHWAKARMA ,NP,0.8846
BISLA       ,SAS,0.8539
BISMONTE    ,RP,1
BISNAR      ,RP,1
BISQUERA    ,RP,0.9972
BIST        ,SAS,0.6269
BISTA       ,NP,0.5903
BISWA       ,BT,0.6701
BISWAKARMA  ,BT,0.5851
BISWAL      ,SAS,1
BISWAS      ,SAS,0.9696
BITANGA     ,RP,0.9771
BITENG      ,RP,1
BITONG      ,RP,1
BITONIO     ,RP,0.9998
BITRA       ,SAS,1
BITUIN      ,RP,1
BIYANI      ,SAS,1
BLANCAFLOR  ,RP,0.9772
BLANDO      ,RP,0.6087
BLANZA      ,RP,1
BLAQUERA    ,RP,0.9988
BLASA       ,RP,0.7008
BLAZA       ,RP,1
BLEH        ,BM,0.5529
BLEZA       ,RP,0.8928
BLU         ,BM,0.6438
BLUT        ,BM,0.5972
BOAC        ,RP,0.7907
BOADO       ,RP,0.9133
BOBBA       ,SAS,0.9833
BOBBALA     ,SAS,1
BOBBILI     ,SAS,0.9434
BOBILA      ,RP,1
BOBILES     ,RP,0.9983
BOBIS       ,RP,0.9116
BOBY        ,SAS,0.9912
BOCALAN     ,RP,1
BOCALBOS    ,RP,1
BOCO        ,RP,0.802
BOCOBO      ,RP,1
BODALIA     ,SAS,0.9494
BODAPATI    ,SAS,1
BODAS       ,SAS,0.6655
BODDAPATI   ,SAS,1
BODDU       ,SAS,1
BODDUPALLI  ,SAS,1
BODEPUDI    ,SAS,1
BODINO      ,RP,0.9521
BODIWALA    ,SAS,1
BODLA       ,SAS,1
BOGATI      ,NP,0.9166
BOGGARAPU   ,SAS,1
BOGGAVARAPU ,SAS,1
BOGHANI     ,SAS,1
BOGNOT      ,RP,0.9589
BOHARA      ,NP,0.8236
BOHOL       ,RP,0.9997
BOHRA       ,SAS,0.8634
BOINPALLY   ,SAS,1
BOISER      ,RP,0.9971
BOJA        ,RP,0.6537
BOJJA       ,SAS,1
BOJO        ,RP,0.5406
BOKHARI     ,SAS,0.8395
BOKIL       ,SAS,1
BOKKA       ,SAS,1
BOLA        ,SAS,0.648
BOLANTE     ,RP,1
BOLDBAATAR  ,MG,0.956
BOLIBOL     ,RP,1
BOLIMA      ,RP,0.717
BOLINA      ,SAS,0.607
BOLISAY     ,RP,1
BOLISETTY   ,SAS,1
BOLLA       ,SAS,0.6405
BOLLAM      ,SAS,0.9975
BOLLAMPALLY ,SAS,1
BOLLAPRAGADA,SAS,1
BOLLINENI   ,SAS,1
BOLLOZOS    ,RP,1
BOLLU       ,SAS,1
BOLO        ,RP,0.8432
BOLOR       ,RP,0.7573
BOLOSAN     ,RP,0.9988
BOLUS       ,RP,0.6617
BOLUSAN     ,RP,1
BOMBAY      ,RP,0.6338
BOMBITA     ,RP,0.8275
BOMMA       ,SAS,1
BOMMAKANTI  ,SAS,1
BOMMANA     ,SAS,1
BOMMAREDDY  ,SAS,1
BOMMINENI   ,SAS,1
BOMMIREDDY  ,SAS,1
BOMMISETTY  ,SAS,1
BOMMU       ,SAS,1
BONACHITA   ,RP,0.9979
BONAFE      ,RP,0.8237
BONAGIRI    ,SAS,1
BONAM       ,SAS,0.8335
BONCATO     ,RP,0.9998
BONDA       ,SAS,0.6359
BONDAD      ,RP,1
BONDADA     ,SAS,1
BONDALAPATI ,SAS,1
BONDOC      ,RP,0.9815
BONDRE      ,SAS,1
BONDUGULA   ,SAS,1
BONETE      ,RP,0.5185
BONGA       ,RP,0.6173
BONGAT      ,RP,1
BONGATO     ,RP,1
BONGCARON   ,RP,1
BONGCAYAO   ,RP,0.9998
BONGCO      ,RP,1
BONGOLAN    ,RP,0.9999
BONGU       ,SAS,1
BONIFACIO   ,RP,0.674
BONITA      ,RP,0.9708
BONITE      ,RP,0.9973
BONJOC      ,RP,0.9483
BONNEVIE    ,RP,0.5791
BONOAN      ,RP,1
BONSOL      ,RP,1
BONTHA      ,SAS,1
BONTHALA    ,SAS,1
BONTHU      ,SAS,1
BONTILAO    ,RP,1
BONTO       ,RP,0.9999
BONTUYAN    ,RP,1
BONUS       ,RP,0.8616
BONZON      ,RP,0.5895
BOOC        ,RP,1
BOOL        ,RP,0.6624
BOONGALING  ,RP,1
BOONMA      ,TH,1
BOONMEE     ,TH,1
BOOPATHY    ,SAS,0.9388
BOOTA       ,SAS,0.9434
BOOTWALA    ,SAS,1
BOPARAI     ,SAS,0.941
BOPPANA     ,SAS,1
BOPPUDI     ,SAS,1
BOQUIREN    ,RP,0.9392
BORA        ,SAS,0.6071
BORAD       ,SAS,0.9999
BORAH       ,SAS,0.5244
BORBE       ,RP,0.9086
BORCE       ,RP,0.9973
BORDIA      ,SAS,1
BORDOLOI    ,SAS,1
BORDONADA   ,RP,0.8178
BORELA      ,RP,0.9143
BORGONIA    ,RP,1
BORIBOUN    ,LA,0.9054
BORIBOUNE   ,LA,0.7843
BORILLO     ,RP,0.9999
BORJAL      ,RP,1
BORJE       ,RP,0.9999
BORKAR      ,SAS,1
BORKER      ,SAS,0.7001
BORLAZA     ,RP,1
BORLONGAN   ,RP,1
BORRA       ,SAS,0.782
BORRES      ,RP,0.9772
BORRISON    ,SAS,0.6756
BORRO       ,RP,0.629
BORROMEO    ,RP,0.9727
BORSE       ,SAS,0.9922
BOSAS       ,RP,0.6811
BOSE        ,SAS,0.8479
BOSU        ,SAS,0.642
BOTARDO     ,RP,1
BOTE        ,RP,0.846
BOTER       ,RP,0.7857
BOTHRA      ,SAS,1
BOTONES     ,RP,1
BOU         ,CB,0.6887
BOUALAVONG  ,LA,0.8333
BOUAPHA     ,LA,0.9375
BOUAPHANH   ,LA,0.8605
BOUATHONG   ,LA,1
BOULOM      ,LA,0.9697
BOUN        ,CB,0.6699
BOUNKHONG   ,LA,0.9998
BOUNKHOUN   ,LA,0.8571
BOUNMA      ,LA,0.8571
BOUNMY      ,LA,0.8294
BOUNPHASAYSO,LA,0.9999
BOUNSANA    ,LA,0.656
BOUNSAVATH  ,LA,0.9999
BOUNTHAM    ,LA,0.9999
BOUNTHONG   ,LA,0.8229
BOUNYAVONG  ,LA,0.9263
BOUPHA      ,LA,0.9463
BOUPHASAVANH,LA,0.9996
BOUPHAVONG  ,LA,0.8787
BOUROMMAVONG,LA,1
BOUSA       ,LA,0.8701
BOUTAH      ,LA,0.9882
BOUTSADY    ,LA,0.9285
BOUTTAVONG  ,LA,0.9383
BOYAL       ,SAS,0.8999
BOYAPATI    ,SAS,1
BOZAI       ,SAS,0.8788
BRACEROS    ,RP,0.9777
BRAGADO     ,RP,0.8697
BRAGANZA    ,RP,0.5476
BRAGAS      ,RP,0.9944
BRAH        ,SAS,0.8716
BRAHMA      ,SAS,1
BRAHMBHATT  ,SAS,0.9401
BRAHME      ,SAS,0.8974
BRAICH      ,SAS,0.7203
BRANZUELA   ,RP,0.9952
BRAR        ,SAS,0.9188
BRAZA       ,RP,0.8709
BREIZ       ,RP,0.9947
BRETANA     ,RP,0.788
BRIGINO     ,RP,1
BRIGOLI     ,RP,0.984
BRILLANTE   ,RP,0.8627
BRILLANTES  ,RP,0.9904
BRILLO      ,RP,0.9914
BRINAS      ,RP,0.6984
BRION       ,RP,0.6509
BRIOSOS     ,RP,1
BRITANICO   ,RP,1
BROAS       ,RP,0.8557
BRODIT      ,RP,0.9993
BROHI       ,SAS,0.931
BROSAS      ,RP,1
BRUAL       ,RP,0.999
BRUAN       ,RP,0.9991
BRUCAL      ,RP,0.9538
BRUCELAS    ,RP,0.8619
BU          ,GCA,0.6119
BUADA       ,RP,1
BUADO       ,RP,0.8571
BUAL        ,SAS,0.6596
BUAN        ,RP,0.9676
BUBAN       ,RP,0.8714
BUBNA       ,SAS,0.9626
BUCAD       ,RP,1
BUCAGO      ,RP,0.9999
BUCANEG     ,RP,1
BUCAO       ,RP,0.9997
BUCASAS     ,RP,0.9946
BUCCAT      ,RP,0.923
BUCLATIN    ,RP,0.9999
BUCO        ,RP,0.6285
BUCOY       ,RP,1
BUCSIT      ,RP,1
BUCU        ,RP,0.8148
BUDANO      ,RP,0.795
BUDATHOKI   ,BT,0.6522
BUDDA       ,SAS,0.8293
BUDDHA      ,SAS,0.8276
BUDDHARAJU  ,SAS,1
BUDDHAVARAPU,SAS,1
BUDDI       ,SAS,0.9941
BUDHATHOKI  ,NP,0.7869
BUDHIRAJA   ,SAS,1
BUDHRAJA    ,SAS,1
BUDHRANI    ,SAS,0.62
BUDHWANI    ,SAS,0.9865
BUDI        ,BIA,0.6617
BUDIANTO    ,BIA,0.8488
BUDIAO      ,RP,0.9775
BUDIARTO    ,BIA,0.8333
BUDIHARDJO  ,BIA,0.8654
BUDIMAN     ,BIA,0.8867
BUDIONO     ,BIA,0.8571
BUDUAN      ,RP,0.9242
BUDWAL      ,SAS,0.9999
BUEN        ,RP,0.9641
BUENA       ,RP,0.8285
BUENAFE     ,RP,0.9803
BUENAFLOR   ,RP,0.9861
BUENAOBRA   ,RP,1
BUENASEDA   ,RP,1
BUENAVENTURA,RP,0.8484
BUENAVIDES  ,RP,0.8444
BUENAVISTA  ,RP,0.8902
BUENCAMINO  ,RP,1
BUENCONSEJO ,RP,0.9998
BUENSALIDA  ,RP,1
BUENSUCESO  ,RP,0.9785
BUENTIPO    ,RP,0.9966
BUENVENIDA  ,RP,0.9997
BUENVIAJE   ,RP,0.9897
BUERANO     ,RP,1
BUESER      ,RP,0.9978
BUGAL       ,RP,0.7883
BUGAS       ,RP,0.8706
BUGAY       ,RP,0.8107
BUGAYONG    ,RP,0.9896
BUGNA       ,RP,0.6862
BUGTONG     ,RP,1
BUHAIN      ,RP,1
BUHAT       ,RP,1
BUHAY       ,RP,0.9482
BUI         ,VM,0.9543
BUINGUYEN   ,VM,0.9997
BUISON      ,RP,1
BUKHARI     ,SAS,0.8295
BUKKAPATNAM ,SAS,1
BULACAN     ,RP,0.9993
BULACLAC    ,RP,1
BULAHAN     ,RP,0.8814
BULAN       ,RP,0.8464
BULANADI    ,RP,0.9758
BULANHAGUI  ,RP,1
BULAON      ,RP,1
BULAONG     ,RP,1
BULATAO     ,RP,0.9886
BULAWAN     ,RP,0.999
BULCHANDANI ,SAS,1
BULDA       ,RP,0.9996
BULLECER    ,RP,1
BULOS       ,RP,0.7077
BULOSAN     ,RP,0.9999
BULSARA     ,SAS,0.8673
BULSECO     ,RP,0.9982
BULURAN     ,RP,1
BULUSAN     ,RP,0.999
BULUSU      ,SAS,1
BUMACOD     ,RP,1
BUMAGAT     ,RP,1
BUMANGLAG   ,RP,0.9948
BUMANLAG    ,RP,1
BUMATAY     ,RP,0.9999
BUN         ,CB,0.7937
BUNA        ,RP,0.5678
BUNAC       ,RP,0.9859
BUNAG       ,RP,1
BUNAGAN     ,RP,1
BUNAL       ,RP,0.9592
BUNALES     ,RP,0.9999
BUNAO       ,RP,1
BUNCIO      ,RP,0.9348
BUNDA       ,RP,0.5655
BUNDALIAN   ,RP,0.9834
BUNDANG     ,RP,1
BUNDOC      ,RP,0.9383
BUNGAY      ,RP,0.8524
BUNGCAYAO   ,RP,0.9999
BUNI        ,RP,0.5238
BUNMA       ,CB,0.7428
BUNNAG      ,TH,0.9891
BUNO        ,RP,0.8814
BUNOAN      ,RP,0.9531
BUNUAN      ,RP,1
BUNYA       ,JA,0.6968
BUNYI       ,RP,1
BUONYA      ,VM,0.9258
BUOT        ,RP,0.9605
BURANASIRI  ,TH,1
BURCE       ,RP,0.9131
BURDEOS     ,RP,1
BURDIOS     ,RP,0.9984
BURGONIO    ,RP,1
BURGUILLOS  ,RP,0.7878
BURHANI     ,SAS,0.7755
BURKI       ,SAS,0.6589
BURLA       ,SAS,0.6201
BURLAS      ,RP,0.8563
BURLAZA     ,RP,0.9333
BURLE       ,SAS,0.5625
BURRA       ,SAS,1
BUSCAINO    ,RP,0.7459
BUSHRA      ,SAS,0.5496
BUSIREDDY   ,SAS,1
BUSLON      ,RP,1
BUSTARDE    ,RP,1
BUSTRIA     ,RP,1
BUSUEGO     ,RP,1
BUTAC       ,RP,1
BUTALA      ,SAS,0.9407
BUTALID     ,RP,1
BUTANI      ,SAS,0.8837
BUTAY       ,RP,0.9999
BUTED       ,RP,1
BUTH        ,CB,0.6884
BUTIU       ,RP,0.8039
BUTON       ,RP,0.6067
BUTOR       ,RP,0.7646
BUTT        ,SAS,0.8437
BUTTAR      ,SAS,0.9251
BUU         ,VM,0.9467
BUYCO       ,RP,0.92
BUZETA      ,RP,0.5455
BUZON       ,RP,0.8449
BY          ,CB,0.5785
BYA         ,VM,0.8448
BYEON       ,XK,0.9827
BYON        ,XK,0.9853
BYREDDY     ,SAS,1
BYSANI      ,SAS,1
BYUN        ,XK,0.9716
CA          ,VM,0.7308
CAALIM      ,RP,0.9999
CAAMPUED    ,RP,1
CAASI       ,RP,1
CABACCANG   ,RP,0.9969
CABACUNGAN  ,RP,0.9998
CABADING    ,RP,0.9888
CABAEL      ,RP,0.9956
CABAGBAG    ,RP,0.9999
CABAGNOT    ,RP,1
CABAHUG     ,RP,1
CABAIS      ,RP,0.9951
CABAL       ,RP,0.5271
CABALAR     ,RP,0.9596
CABALBAG    ,RP,0.9999
CABALE      ,RP,0.6087
CABALES     ,RP,0.9499
CABALFIN    ,RP,1
CABALLA     ,RP,0.9559
CABALLES    ,RP,0.988
CABALO      ,RP,0.8998
CABALONA    ,RP,1
CABALQUINTO ,RP,1
CABALSE     ,RP,0.9952
CABALTERA   ,RP,1
CABALTICA   ,RP,1
CABALU      ,RP,1
CABALUNA    ,RP,1
CABANADA    ,RP,1
CABANAG     ,RP,0.9999
CABANATAN   ,RP,1
CABANAYAN   ,RP,1
CABANBAN    ,RP,1
CABANELA    ,RP,0.913
CABANERO    ,RP,0.9583
CABANES     ,RP,0.5981
CABANEZ     ,RP,0.775
CABANG      ,RP,1
CABANGON    ,RP,1
CABANILLA   ,RP,0.7573
CABANIT     ,RP,1
CABANLIT    ,RP,1
CABANOS     ,RP,0.9583
CABANSAG    ,RP,0.9997
CABANTING   ,RP,0.9997
CABANTOG    ,RP,1
CABAONG     ,RP,0.9214
CABARDO     ,RP,1
CABARLE     ,RP,0.9347
CABARLES    ,RP,1
CABARLOC    ,RP,0.9632
CABARON     ,RP,0.9999
CABARRUS    ,RP,0.6791
CABASA      ,RP,1
CABASAG     ,RP,1
CABASAL     ,RP,1
CABASE      ,RP,1
CABASUG     ,RP,0.9985
CABATAN     ,RP,1
CABATBAT    ,RP,0.9995
CABATIC     ,RP,0.92490000000000006
CABATINGAN  ,RP,0.9737
CABATIT     ,RP,0.9995
CABATO      ,RP,0.9987
CABATU      ,RP,0.9996
CABAUATAN   ,RP,0.9703
CABAY       ,RP,0.5209
CABAYA      ,RP,0.9999
CABBAB      ,RP,0.9433
CABBAT      ,RP,1
CABEBE      ,RP,0.9808
CABEJE      ,RP,0.8793
CABEL       ,RP,0.7246
CABELLON    ,RP,0.9989
CABER       ,RP,0.7457
CABERO      ,RP,0.6547
CABERTE     ,RP,1
CABERTO     ,RP,0.9995
CABIAO      ,RP,0.9999
CABIAS      ,RP,0.9999
CABICO      ,RP,0.9521
CABIDA      ,RP,1
CABIE       ,RP,1
CABIGAO     ,RP,1
CABIGAS     ,RP,0.9994
CABIGON     ,RP,0.9995
CABIGTING   ,RP,1
CABILDO     ,RP,0.8928
CABILES     ,RP,0.9987
CABILING    ,RP,1
CABILLO     ,RP,0.999
CABILTES    ,RP,1
CABINGAS    ,RP,0.9998
CABINIAN    ,RP,0.9999
CABISON     ,RP,0.9908
CABITAC     ,RP,0.9999
CABLAY      ,RP,0.9629
CABLAYAN    ,RP,0.9864
CABLING     ,RP,1
CABONCE     ,RP,0.9999
CABOTAGE    ,RP,0.9994
CABOTAJE    ,RP,0.9621
CABOTE      ,RP,1
CABRADILLA  ,RP,1
CABRAS      ,RP,0.7916
CABREIRA    ,RP,0.709
CABREROS    ,RP,0.9885
CABREZA     ,RP,1
CABRILLAS   ,RP,1
CABRITO     ,RP,0.9259
CABUAG      ,RP,0.9784
CABUANG     ,RP,1
CABUAY      ,RP,1
CABUCO      ,RP,1
CABUDOL     ,RP,0.9999
CABUENA     ,RP,1
CABUG       ,RP,1
CABUGAO     ,RP,0.97
CABUGOS     ,RP,1
CABUHAT     ,RP,1
CABUNGCAL   ,RP,1
CABUNOC     ,RP,0.9955
CABURAL     ,RP,1
CABURIAN    ,RP,1
CABURNAY    ,RP,1
CABUS       ,RP,0.6089
CABUSAO     ,RP,1
CABUSAS     ,RP,1
CABUSORA    ,RP,0.8372
CABUTOTAN   ,RP,0.9333
CABUYADAO   ,RP,1
CACABELOS   ,RP,0.8324
CACACHO     ,RP,1
CACAL       ,RP,0.9746
CACANINDIN  ,RP,1
CACAO       ,RP,0.6786
CACAS       ,RP,0.9176
CACATIAN    ,RP,0.9726
CACAYAN     ,RP,1
CACAYORIN   ,RP,1
CACCAM      ,RP,0.9589
CACDAC      ,RP,1
CACHAPERO   ,RP,1
CACHERO     ,RP,0.9857
CACHOLA     ,RP,0.9906
CACHUELA    ,RP,1
CACNIO      ,RP,1
CACPAL      ,RP,1
CADA        ,RP,0.6428
CADACIO     ,RP,1
CADAG       ,RP,1
CADALZO     ,RP,0.6097
CADANG      ,RP,1
CADAOAS     ,RP,0.9996
CADAVONA    ,RP,0.9998
CADAWAS     ,RP,1
CADAY       ,RP,0.9999
CADELINA    ,RP,1
CADELINIA   ,RP,0.8768
CADIENTE    ,RP,0.9982
CADIZ       ,RP,0.8149
CADORNA     ,RP,0.9994
CADUA       ,RP,1
CADUNGOG    ,RP,0.9999
CAFE        ,RP,0.7894
CAGAANAN    ,RP,1
CAGADAS     ,RP,1
CAGAMPAN    ,RP,1
CAGAMPANG   ,RP,0.9881
CAGAOAN     ,RP,1
CAGARA      ,RP,0.6667
CAGAS       ,RP,1
CAGUIAT     ,RP,0.9794
CAGUIN      ,RP,1
CAGUIOA     ,RP,1
CAGULADA    ,RP,0.9999
CAGUNGUN    ,RP,1
CAHAYAG     ,RP,0.9989
CAHILIG     ,RP,1
CAHYADI     ,BIA,0.875
CAI         ,GCA,0.9575
CAIGOY      ,RP,0.9994
CAILAO      ,RP,1
CAILING     ,RP,0.9998
CAILLES     ,RP,1
CAINGLET    ,RP,1
CAINGLIT    ,RP,0.9996
CAINTIC     ,RP,0.9998
CAIREL      ,RP,0.9541
CAISIP      ,RP,1
CAJAYON     ,RP,1
CAJIGAL     ,RP,0.7659
CAJIMAT     ,RP,1
CAJUCOM     ,RP,1
CAJUDO      ,RP,0.9996
CAJUDOY     ,RP,0.9994
CAJULIS     ,RP,1
CALABIA     ,RP,0.9516
CALABIO     ,RP,0.9203
CALACAL     ,RP,0.9985
CALACSAN    ,RP,1
CALAGUAS    ,RP,1
CALAGUI     ,RP,0.9999
CALALANG    ,RP,0.9695
CALALAY     ,RP,0.9978
CALALO      ,RP,1
CALAMAYAN   ,RP,0.9999
CALAMBA     ,RP,1
CALANGAN    ,RP,0.9954
CALANGI     ,RP,1
CALANGIAN   ,RP,1
CALANO      ,RP,0.6994
CALANOC     ,RP,1
CALANOG     ,RP,1
CALANTAS    ,RP,0.9995
CALANTOC    ,RP,0.9458
CALAPINI    ,RP,1
CALARA      ,RP,0.9717
CALARO      ,RP,1
CALATA      ,RP,0.5514
CALATRAVA   ,RP,0.5405
CALAUNAN    ,RP,1
CALAUSTRO   ,RP,0.9955
CALAYAG     ,RP,1
CALAYAN     ,RP,1
CALAYCAY    ,RP,0.963
CALBERO     ,RP,0.9949
CALDA       ,RP,0.7305
CALDEJON    ,RP,1
CALDITO     ,RP,1
CALDO       ,RP,0.9999
CALDONA     ,RP,1
CALIBO      ,RP,0.9998
CALIBOSO    ,RP,0.983
CALIBUSO    ,RP,0.9999
CALICA      ,RP,0.9694
CALICDAN    ,RP,0.9655
CALIGAGAN   ,RP,0.9998
CALIJA      ,RP,0.7325
CALILAO     ,RP,1
CALILUNG    ,RP,1
CALIMA      ,RP,1
CALIMAG     ,RP,0.901
CALIMBAS    ,RP,1
CALIMLIM    ,RP,0.9765
CALIMPONG   ,RP,0.9301
CALIMQUIM   ,RP,0.9999
CALINA      ,RP,0.5735
CALINAO     ,RP,1
CALING      ,RP,0.92
CALINGASAN  ,RP,1
CALINGO     ,RP,1
CALINISAN   ,RP,1
CALIOLIO    ,RP,1
CALIP       ,RP,0.9495
CALISTERIO  ,RP,0.975
CALITIS     ,RP,1
CALIVA      ,RP,0.7626
CALIWAG     ,RP,1
CALIXTERIO  ,RP,1
CALIZO      ,RP,1
CALLANTA    ,RP,1
CALLAO      ,RP,0.6604
CALLEJO     ,RP,0.796
CALLO       ,RP,0.8661
CALLORINA   ,RP,0.9999
CALLOS      ,RP,0.9746
CALLUENG    ,RP,1
CALM        ,RP,0.7438
CALMA       ,RP,0.9683
CALON       ,RP,0.7295
CALONGE     ,RP,0.5162
CALONSAG    ,RP,1
CALPITO     ,RP,0.9998
CALPO       ,RP,0.9999
CALSO       ,RP,1
CALUAG      ,RP,1
CALUB       ,RP,0.9708
CALUBAQUIB  ,RP,1
CALUBAYAN   ,RP,1
CALUCAG     ,RP,1
CALUGAY     ,RP,1
CALUMPIT    ,RP,0.9333
CALUMPONG   ,RP,1
CALUNOD     ,RP,0.9993
CALUYA      ,RP,0.972
CALUZA      ,RP,0.9603
CALVAN      ,RP,0.6753
CALVELO     ,RP,0.8727
CALZO       ,RP,0.9369
CAM         ,VM,0.5139
CAMACLANG   ,RP,1
CAMAGAY     ,RP,1
CAMAGONG    ,RP,0.9492
CAMAMA      ,RP,1
CAMANGIAN   ,RP,1
CAMANTIGUE  ,RP,0.9387
CAMAQUIN    ,RP,1
CAMARCE     ,RP,1
CAMASURA    ,RP,1
CAMAT       ,RP,0.9336
CAMAYA      ,RP,1
CAMBA       ,RP,0.7671
CAMBAL      ,RP,0.9757
CAMBALIZA   ,RP,0.9794
CAMBE       ,RP,0.9976
CAMBEL      ,RP,0.9078
CAMBIA      ,RP,0.9988
CAMELLO     ,RP,0.7428
CAMERINO    ,RP,0.8616
CAMET       ,RP,0.5626
CAMIA       ,RP,0.9159
CAMILING    ,RP,1
CAMILON     ,RP,0.998
CAMINADE    ,RP,0.8
CAMINS      ,RP,0.9979
CAMIT       ,RP,0.9245
CAMPANERO   ,RP,0.6165
CAMPANIA    ,RP,0.9984
CAMPANILLA  ,RP,0.9996
CAMPANO     ,RP,0.5535
CAMPOLLO    ,RP,0.5599
CAMPOMANES  ,RP,0.8679
CAMPOSAGRADO,RP,1
CAMU        ,RP,0.8662
CAMUA       ,RP,0.96
CANALITA    ,RP,0.9994
CANAPI      ,RP,1
CANARE      ,RP,0.9444
CANARES     ,RP,0.9245
CANARIA     ,RP,1
CANASA      ,RP,1
CANASTRA    ,RP,0.7723
CANAYA      ,RP,0.9995
CANCERAN    ,RP,1
CANDA       ,RP,0.795
CANDARI     ,RP,0.8823
CANDOR      ,RP,0.8534
CANDRA      ,BIA,0.7987
CANEDA      ,RP,0.6562
CANENCIA    ,RP,0.8124
CANERO      ,RP,0.8612
CANETE      ,RP,0.6407
CANGCO      ,RP,0.8889
CANIA       ,RP,0.8136
CANICOSA    ,RP,1
CANILAO     ,RP,1
CANILLAS    ,RP,0.9308
CANILLO     ,RP,1
CANIO       ,RP,0.9982
CANITE      ,RP,0.9534
CANJA       ,RP,0.988
CANLAPAN    ,RP,1
CANLAS      ,RP,0.9919
CANLOBO     ,RP,1
CANONEO     ,RP,1
CANONIGO    ,RP,1
CANONIZADO  ,RP,0.9756
CANONO      ,RP,1
CANOS       ,RP,0.9993
CANOY       ,RP,0.8563
CANOZA      ,RP,1
CANSON      ,RP,0.997
CANTA       ,RP,0.8921
CANTADA     ,RP,0.957
CANTAL      ,RP,0.9927
CANTIL      ,RP,0.9881
CANTILLER   ,RP,1
CANTORIA    ,RP,1
CANTORNA    ,RP,0.9983
CANTRE      ,RP,0.9369
CANTUBA     ,RP,1
CANUEL      ,RP,0.506
CAO         ,GCA,0.5277
CAOAGAS     ,RP,0.9999
CAOAGDAN    ,RP,1
CAOILE      ,RP,0.9577
CAOILI      ,RP,0.9998
CAPACETE    ,RP,0.5243
CAPACIO     ,RP,0.9992
CAPALAC     ,RP,1
CAPALAD     ,RP,1
CAPALLA     ,RP,1
CAPALUNGAN  ,RP,0.9966
CAPANGPANGAN,RP,1
CAPARAS     ,RP,0.9934
CAPARAZ     ,RP,0.9999
CAPAROSO    ,RP,0.9987
CAPARROS    ,RP,0.5832
CAPATI      ,RP,0.9926
CAPIENDO    ,RP,1
CAPIL       ,RP,0.9286
CAPILI      ,RP,1
CAPILITAN   ,RP,1
CAPINA      ,RP,1
CAPINO      ,RP,0.9575
CAPINPIN    ,RP,1
CAPIO       ,RP,0.9947
CAPIRAL     ,RP,1
CAPISTRANO  ,RP,0.9311
CAPITO      ,RP,0.6024
CAPITULO    ,RP,1
CAPONPON    ,RP,1
CAPUA       ,RP,0.5272
CAPUL       ,RP,0.999
CAPULE      ,RP,1
CAPULI      ,RP,1
CAPULONG    ,RP,0.9863
CAPUNO      ,RP,1
CAPUYAN     ,RP,1
CARAAN      ,RP,1
CARAANG     ,RP,1
CARABIO     ,RP,0.9987
CARAG       ,RP,1
CARAGAN     ,RP,0.9998
CARAGAY     ,RP,1
CARAIG      ,RP,1
CARAMAT     ,RP,1
CARAMBAS    ,RP,0.9999
CARANAY     ,RP,1
CARANDANG   ,RP,0.9863
CARANTO     ,RP,1
CARAOS      ,RP,1
CARAS       ,RP,0.5872
CARAULIA    ,RP,0.9798
CARAVANA    ,RP,0.8744
CARBONEL    ,RP,0.704
CARBUNGCO   ,RP,1
CARDANO     ,RP,0.9132
CARDENO     ,RP,0.5999
CARDINES    ,RP,0.9253
CARDINEZ    ,RP,0.5171
CARDINO     ,RP,0.9284
CARDOZ      ,SAS,0.561
CARGANILLA  ,RP,0.9997
CARIAGA     ,RP,0.927
CARIASO     ,RP,1
CARIG       ,RP,1
CARIGMA     ,RP,1
CARIGO      ,RP,1
CARIN       ,RP,0.8373
CARINGAL    ,RP,1
CARINIO     ,RP,0.8128
CARINO      ,RP,0.7621
CARLA       ,RP,0.5485
CARLET      ,RP,0.7347
CARLUEN     ,RP,1
CARNATE     ,RP,0.9999
CAROLINO    ,RP,0.8802
CARONAN     ,RP,1
CARONONGAN  ,RP,0.9999
CARPIZO     ,RP,0.6841
CARPO       ,RP,0.9418
CARRASCA    ,RP,0.8224
CARRIDO     ,RP,0.9952
CARUNCHO    ,RP,0.5536
CARUNGAY    ,RP,1
CARUNGCONG  ,RP,1
CARVAN      ,AF,0.6194
CARZON      ,RP,0.9981
CASABAR     ,RP,0.9999
CASACLANG   ,RP,1
CASAJE      ,RP,1
CASALLO     ,RP,0.7736
CASAMINA    ,RP,0.9976
CASAO       ,RP,0.9992
CASAPAO     ,RP,1
CASARENO    ,RP,1
CASAYURAN   ,RP,1
CASCAYAN    ,RP,1
CASEL       ,RP,0.5224
CASEM       ,RP,0.9782
CASENAS     ,RP,1
CASES       ,RP,0.6666
CASIA       ,RP,0.5659
CASICA      ,RP,0.9789
CASIDO      ,RP,0.65
CASIL       ,RP,0.9554
CASILANG    ,RP,1
CASILE      ,RP,0.5941
CASILLAN    ,RP,0.9998
CASIM       ,RP,0.6977
CASING      ,RP,0.9997
CASINGAL    ,RP,0.921
CASINO      ,RP,0.9074
CASIO       ,RP,0.6028
CASIPE      ,RP,1
CASIPIT     ,RP,1
CASIPLE     ,RP,0.9999
CASIS       ,RP,0.8333
CASISON     ,RP,0.999
CASPE       ,RP,0.9923
CASPILLAN   ,RP,1
CASPILLO    ,RP,0.9761
CASQUEJO    ,RP,1
CASTA       ,RP,0.7232
CASTANARES  ,RP,0.8265
CASTANETO   ,RP,0.9739
CASTELINO   ,SAS,0.8966
CASTIL      ,RP,0.8462
CASTILLANO  ,RP,1
CASTRENCE   ,RP,0.9262
CASTRONUEVO ,RP,1
CASTROVERDE ,RP,0.8974
CASTULO     ,RP,0.5815
CASUGA      ,RP,0.9997
CASUPANAN   ,RP,1
CASUPANG    ,RP,0.9992
CAT         ,VM,0.9394
CATABAY     ,RP,0.9805
CATACUTAN   ,RP,1
CATAHAN     ,RP,1
CATALASAN   ,RP,1
CATALLA     ,RP,1
CATALO      ,RP,0.9736
CATALON     ,RP,0.9121
CATALUNA    ,RP,0.9996
CATAMBAY    ,RP,0.999
CATAMISAN   ,RP,1
CATANGAY    ,RP,1
CATANGHAL   ,RP,1
CATANYAG    ,RP,1
CATAP       ,RP,1
CATAPANG    ,RP,1
CATARROJA   ,RP,1
CATAULIN    ,RP,0.9985
CATBAGAN    ,RP,0.9846
CATIBOG     ,RP,1
CATIG       ,RP,1
CATIIS      ,RP,1
CATIMBANG   ,RP,1
CATINDIG    ,RP,1
CATIPON     ,RP,1
CATLI       ,RP,0.8999
CATOLICO    ,RP,0.9539
CATOLOS     ,RP,1
CATRAL      ,RP,1
CATUBIG     ,RP,1
CATUDIO     ,RP,0.9699
CATUIZA     ,RP,0.972
CATUNCAN    ,RP,1
CATUNGAL    ,RP,0.967
CATURA      ,RP,0.9098
CATURAY     ,RP,1
CAUILAN     ,RP,1
CAUSAPIN    ,RP,0.9474
CAUSIN      ,RP,0.6597
CAUSING     ,RP,1
CAUTON      ,RP,0.9971
CAVAL       ,RP,0.7498
CAVALE      ,SAS,0.9826
CAVESTANY   ,RP,0.8276
CAVINTA     ,RP,0.9987
CAWALING    ,RP,1
CAYABAN     ,RP,1
CAYABYAB    ,RP,0.9962
CAYAGO      ,RP,1
CAYANAN     ,RP,0.9861
CAYAS       ,RP,0.8806
CAYCO       ,RP,0.95
CAYLAO      ,RP,0.9969
CAYME       ,RP,1
CEASE       ,RP,0.5671
CEBEDO      ,RP,1
CECILIO     ,RP,0.5078
CEDO        ,RP,0.9953
CELARIO     ,RP,0.9998
CELDRAN     ,RP,0.5581
CELEBRADO   ,RP,0.9934
CELESTE     ,RP,0.5629
CELESTIAL   ,RP,1
CELINO      ,RP,0.9584
CELLAN      ,RP,0.7028
CELLONA     ,RP,1
CELSO       ,RP,0.5274
CELZO       ,RP,0.8947
CEM         ,BM,0.7973
CEN         ,GCA,0.9716
CENDANA     ,RP,0.984
CENG        ,GCA,1
CENIDOZA    ,RP,1
CENIZA      ,RP,1
CENIZAL     ,RP,0.9634
CENON       ,RP,1
CENTINO     ,RP,0.9392
CEON        ,RP,0.9149
CEPE        ,RP,0.9302
CEPRIANO    ,RP,0.9097
CER         ,BM,0.9043
CERALDE     ,RP,0.9999
CERAME      ,RP,0.7393
CERBO       ,RP,0.6044
CERDENA     ,RP,0.7284
CEREDON     ,RP,1
CERENO      ,RP,0.951
CEREZO      ,RP,0.5141
CERIA       ,RP,0.8818
CERILLO     ,RP,0.7524
CERTEZA     ,RP,0.9048
CERVANIA    ,RP,1
CERVAS      ,RP,0.985
CERVERO     ,RP,0.8035
CEU         ,BM,0.9085
CEZAR       ,RP,0.7083
CHA         ,XK,0.7445
CHAB        ,CB,0.526
CHABRA      ,SAS,0.5772
CHABRIA     ,SAS,0.9166
CHAC        ,VM,0.8196
CHACHRA     ,SAS,1
CHACKO      ,SAS,0.9558
CHADA       ,SAS,0.8142
CHADALAVADA ,SAS,1
CHADALAWADA ,SAS,1
CHADDA      ,SAS,0.8992
CHADDHA     ,SAS,1
CHADHA      ,SAS,0.927
CHAE        ,XK,0.9735
CHAGANI     ,SAS,0.8837
CHAGANTI    ,SAS,1
CHAGANTY    ,SAS,1
CHAGGAR     ,SAS,0.7317
CHAHAL      ,SAS,0.8776
CHAHIL      ,SAS,0.9662
CHAICHANA   ,TH,1
CHAIMONGKOL ,TH,1
CHAINANI    ,SAS,1
CHAK        ,GCA,0.5063
CHAKI       ,SAS,0.7332
CHAKILAM    ,SAS,1
CHAKKA      ,SAS,1
CHAKMA      ,SAS,1
CHAKRABARTI ,SAS,0.9572
CHAKRABARTY ,SAS,0.96
CHAKRABORTI ,SAS,1
CHAKRABORTY ,SAS,0.9889
CHAKRAPANI  ,SAS,1
CHAKRAVARTHI,SAS,1
CHAKRAVARTHU,SAS,1
CHAKRAVARTHY,SAS,1
CHAKRAVARTI ,SAS,0.9384
CHAKRAVARTY ,SAS,0.962
CHAKRAVORTY ,SAS,0.9438
CHALAMALASET,SAS,1
CHALASANI   ,SAS,1
CHALEUNSOUK ,LA,0.92
CHALISE     ,NP,0.9143
CHALKE      ,SAS,0.7839
CHALLA      ,SAS,0.9404
CHALLAGULLA ,SAS,1
CHALLAGUNDLA,SAS,1
CHALLAPALLI ,SAS,1
CHALUVADI   ,SAS,1
CHAMAKURA   ,SAS,1
CHAMALA     ,SAS,0.9231
CHAMARTHI   ,SAS,1
CHAMARTHY   ,SAS,1
CHAMBER     ,SAS,0.6078
CHAMLAGAI   ,BT,0.7385
CHAMPANERI  ,SAS,0.7958
CHAMPANERIA ,SAS,0.9647
CHAMROEUN   ,CB,0.856
CHAN        ,GCA,0.762
CHANA       ,SAS,0.6422
CHANAN      ,SAS,0.9962
CHANANA     ,SAS,0.9263
CHANCO      ,RP,0.8214
CHANDA      ,SAS,0.8195
CHANDAK     ,SAS,1
CHANDAN     ,SAS,0.7778
CHANDANI    ,SAS,0.9605
CHANDAR     ,SAS,0.5104
CHANDARA    ,LA,0.9156
CHANDARANA  ,SAS,0.5763
CHANDAVONG  ,LA,0.9589
CHANDE      ,SAS,0.7917
CHANDEL     ,SAS,1
CHANDER     ,SAS,0.9534
CHANDHOK    ,SAS,0.8651
CHANDI      ,SAS,0.9251
CHANDIRAMANI,SAS,0.7862
CHANDNA     ,SAS,1
CHANDNANI   ,SAS,1
CHANDOK     ,SAS,1
CHANDORKAR  ,SAS,1
CHANDRA     ,SAS,0.5156
CHANDRAGIRI ,SAS,1
CHANDRAKUMAR,SAS,0.5493
CHANDRAMOHAN,SAS,0.949
CHANDRAMOULI,SAS,1
CHANDRAN    ,SAS,0.9186
CHANDRASEKAR,SAS,0.9703
CHANDRASEKHA,SAS,0.9757
CHANDRASENA ,CE,0.9348
CHANDRASHEKA,SAS,0.9915
CHANDRASHEKH,SAS,0.9444
CHANDU      ,SAS,1
CHANDUPATLA ,SAS,1
CHANDWANI   ,SAS,1
CHANDY      ,SAS,0.9008
CHANG       ,GCA,0.621
CHANGCHIEN  ,GCA,0.9732
CHANGELA    ,SAS,0.8283
CHANI       ,SAS,0.8947
CHANLA      ,LA,0.6764
CHANLAM     ,GCA,0.9464
CHANLEE     ,GCA,1
CHANN       ,CB,0.7423
CHANNA      ,SAS,0.873
CHANNG      ,GCA,0.8889
CHANNITA    ,LA,0.9993
CHANPONG    ,TH,0.5642
CHANSOMBAT  ,LA,1
CHANSY      ,LA,0.7651
CHANTHABANDI,LA,0.8275
CHANTHABOUAS,LA,0.8965
CHANTHABOURY,LA,0.9198
CHANTHACHACK,LA,0.9976
CHANTHACHONE,LA,1
CHANTHAKHOUN,LA,0.9997
CHANTHALA   ,LA,0.8823
CHANTHALANGS,LA,0.8735
CHANTHAMANY ,LA,0.7382
CHANTHAPANYA,LA,0.9167
CHANTHAPHONE,LA,1
CHANTHARANGS,LA,0.8233
CHANTHARATH ,LA,0.9411
CHANTHASENG ,LA,0.9999
CHANTHAVISAY,LA,0.9996
CHANTHAVISOU,LA,0.9544
CHANTHAVIXAY,LA,0.8788
CHANTHAVONG ,LA,0.8816
CHANTHAVONGS,LA,0.9143
CHANTRA     ,TH,0.9983
CHANWONG    ,GCA,1
CHAO        ,GCA,0.7545
CHAP        ,CB,0.865
CHAPAGAI    ,BT,0.6445
CHAPAGAIN   ,NP,0.7967
CHAPALA     ,SAS,0.9438
CHAPARALA   ,SAS,1
CHAPLA      ,SAS,0.5044
CHAPPIDI    ,SAS,1
CHARANIA    ,SAS,0.9099
CHARANIYA   ,SAS,1
CHAREUNSOUK ,LA,0.9399
CHARI       ,SAS,0.8954
CHAROLIA    ,SAS,1
CHARY       ,SAS,0.9306
CHASENGNOU  ,LA,0.9636
CHAT        ,CB,0.5482
CHATANI     ,JA,0.5275
CHATHA      ,SAS,0.9706
CHATLA      ,SAS,1
CHATLANI    ,SAS,0.8358
CHATO       ,RP,0.7704
CHATRATH    ,SAS,0.9605
CHATTA      ,SAS,0.6785
CHATTERJEE  ,SAS,0.9673
CHATTERJI   ,SAS,0.98
CHATTHA     ,SAS,1
CHATTO      ,RP,0.618
CHATTOPADHYA,SAS,0.9937
CHATURVEDI  ,SAS,0.9942
CHATURVEDULA,SAS,1
CHAU        ,VM,0.6319
CHAUBAL     ,SAS,1
CHAUBEY     ,SAS,1
CHAUDARY    ,SAS,0.9689
CHAUDHARI   ,SAS,0.9645
CHAUDHARY   ,SAS,0.8505
CHAUDHERY   ,SAS,0.8974
CHAUDHRI    ,SAS,0.9199
CHAUDHRY    ,SAS,0.9434
CHAUDHURI   ,SAS,0.9658
CHAUDHURY   ,SAS,0.9234
CHAUDRI     ,SAS,1
CHAUDRY     ,SAS,0.8599
CHAUHAN     ,SAS,0.8551
CHAULAGAIN  ,NP,0.9091
CHAURASIA   ,SAS,0.973
CHAUS       ,SAS,0.5559
CHAUV       ,CB,0.9999
CHAV        ,CB,0.9268
CHAVA       ,SAS,1
CHAVALI     ,SAS,1
CHAVAN      ,SAS,1
CHAVDA      ,SAS,0.8413
CHAVVA      ,SAS,1
CHAWDA      ,SAS,0.8316
CHAWLA      ,SAS,0.9296
CHEA        ,CB,0.7445
CHEAH       ,MY,0.8213
CHEAM       ,CB,0.7464
CHEAN       ,CB,0.5405
CHEANG      ,GCA,0.5483
CHEAP       ,CB,0.7399
CHEAR       ,CB,0.9982
CHEAS       ,CB,0.6804
CHEAV       ,CB,1
CHEBOLU     ,SAS,1
CHEBROLU    ,SAS,1
CHECHI      ,SAS,0.9148
CHECKER     ,SAS,0.7195
CHEEMA      ,SAS,0.9401
CHEERAN     ,SAS,1
CHEETI      ,SAS,1
CHEK        ,CB,0.5784
CHEKURI     ,SAS,1
CHELLA      ,SAS,0.7949
CHELLADURAI ,SAS,0.9589
CHELLANI    ,SAS,1
CHELLAPPA   ,SAS,1
CHELLAPPAN  ,SAS,1
CHELLI      ,SAS,0.5972
CHELLIAH    ,SAS,0.5385
CHEM        ,CB,0.8415
CHEN        ,GCA,0.9564
CHENG       ,GCA,0.8869
CHENH       ,VM,0.9653
CHENHUANG   ,GCA,0.9577
CHENLEE     ,GCA,1
CHENLIN     ,GCA,1
CHENNA      ,SAS,1
CHENNAMANENI,SAS,1
CHENNAREDDY ,SAS,1
CHENNUPATI  ,SAS,1
CHENNURU    ,SAS,1
CHENWANG    ,GCA,1
CHENWU      ,GCA,1
CHEOK       ,MY,0.6296
CHEON       ,XK,0.9859
CHEPURI     ,SAS,1
CHERA       ,SAS,0.5748
CHERIAN     ,SAS,0.9291
CHERIYAN    ,SAS,0.9526
CHERN       ,GCA,0.8592
CHERNG      ,GCA,0.8947
CHERRA      ,SAS,0.9485
CHERUKARA   ,SAS,1
CHERUKU     ,SAS,1
CHERUKUPALLI,SAS,1
CHERUKURI   ,SAS,1
CHERUKURU   ,SAS,1
CHERUVU     ,SAS,0.9717
CHET        ,CB,0.7736
CHETAL      ,SAS,1
CHETAN      ,SAS,0.5833
CHETH       ,CB,0.7962
CHETTI      ,SAS,0.7007
CHETTIAR    ,SAS,0.9101
CHETTRI     ,SAS,0.6333
CHEU        ,GCA,0.6362
CHEUK       ,GCA,0.9767
CHEUNG      ,GCA,0.906
CHEV        ,CB,0.9998
CHEY        ,CB,0.6168
CHHABRA     ,SAS,0.9543
CHHABRIA    ,SAS,1
CHHAJED     ,SAS,1
CHHAM       ,CB,0.8816
CHHAN       ,CB,0.874
CHHANG      ,CB,0.8865
CHHANN      ,CB,0.9411
CHHANTYAL   ,NP,0.9429
CHHAT       ,CB,0.9265
CHHATWAL    ,SAS,0.9597
CHHAY       ,CB,0.8391
CHHAYA      ,SAS,0.9211
CHHE        ,CB,0.8571
CHHEA       ,CB,0.9996
CHHEAN      ,CB,0.8721
CHHEANG     ,CB,0.8342
CHHEAV      ,CB,0.9999
CHHEDA      ,SAS,1
CHHEM       ,CB,0.8441
CHHEN       ,CB,0.9139
CHHENG      ,CB,0.851
CHHETRI     ,BT,0.5244
CHHETRY     ,NP,0.9286
CHHIBBER    ,SAS,0.9189
CHHIKARA    ,SAS,1
CHHIM       ,CB,0.8792
CHHIN       ,CB,0.8992
CHHINA      ,SAS,0.9604
CHHING      ,CB,0.8794
CHHIPA      ,SAS,1
CHHIT       ,CB,0.9339
CHHITH      ,CB,0.7912
CHHIV       ,CB,1
CHHOEUM     ,CB,0.8257
CHHOEUN     ,CB,0.7968
CHHOEUNG    ,CB,0.813
CHHOEUY     ,CB,1
CHHOKAR     ,SAS,0.8256
CHHOM       ,CB,0.8388
CHHON       ,CB,0.8709
CHHONG      ,CB,0.8666
CHHOR       ,CB,0.8862
CHHORM      ,CB,0.8333
CHHORN      ,CB,0.8627
CHHOU       ,CB,0.8181
CHHOUK      ,CB,0.9998
CHHOUM      ,CB,0.9942
CHHOUN      ,CB,0.789
CHHOUR      ,CB,0.8982
CHHOUY      ,CB,0.8648
CHHOY       ,CB,0.8529
CHHU        ,CB,0.8842
CHHUGANI    ,SAS,1
CHHUM       ,CB,0.8347
CHHUN       ,CB,0.872
CHHUOM      ,CB,0.9976
CHHUON      ,CB,0.8508
CHHUOR      ,CB,0.9387
CHI         ,GCA,0.6106
CHIAM       ,MY,0.5299
CHIAN       ,GCA,0.5714
CHIANG      ,GCA,0.8888
CHIAO       ,GCA,0.9432
CHIB        ,SAS,0.7826
CHIBA       ,JA,0.9603
CHIBANA     ,JA,0.9988
CHIC        ,VM,0.5261
CHICANO     ,RP,0.9689
CHIDA       ,JA,0.8
CHIDAMBARAM ,SAS,0.9634
CHIEH       ,GCA,0.8977
CHIEK       ,CB,0.9485
CHIEM       ,VM,0.8401
CHIEN       ,GCA,0.9627
CHIEU       ,VM,0.6989
CHIEW       ,MY,0.7697
CHIGURUPATI ,SAS,1
CHIH        ,GCA,0.9783
CHIHARA     ,JA,1
CHIK        ,GCA,0.8171
CHIKAZAWA   ,JA,0.9994
CHIKKALA    ,SAS,1
CHIKUMA     ,JA,0.9787
CHILAKAMARRI,SAS,1
CHILAKAPATI ,SAS,1
CHILLA      ,SAS,0.8374
CHILLARA    ,SAS,1
CHILUKA     ,SAS,1
CHILUKURI   ,SAS,1
CHIMARIYA   ,BT,0.6322
CHIMATA     ,SAS,1
CHINAI      ,SAS,1
CHINDAVONG  ,LA,0.9012
CHINEN      ,JA,0.6758
CHING       ,GCA,0.5514
CHINGCUANGCO,RP,1
CHINH       ,VM,1
CHINNADURAI ,SAS,1
CHINNAM     ,SAS,1
CHINNAPPAN  ,SAS,1
CHINNASAMY  ,SAS,1
CHINNASWAMY ,SAS,1
CHINNATHAMBI,SAS,1
CHINNI      ,SAS,0.9259
CHINOY      ,SAS,0.9421
CHINTA      ,SAS,1
CHINTALA    ,SAS,1
CHINTALAPALL,SAS,1
CHINTALAPATI,SAS,1
CHINTALAPUDI,SAS,1
CHINTAM     ,SAS,1
CHINTAMANENI,SAS,1
CHINTAMANI  ,SAS,0.7255
CHINTAPALLI ,SAS,1
CHINTHA     ,SAS,1
CHINTHALA   ,SAS,1
CHIOCO      ,RP,1
CHIONG      ,RP,0.5431
CHIOU       ,GCA,0.9545
CHIP        ,CB,0.6844
CHIPLUNKAR  ,SAS,1
CHIPPA      ,SAS,0.9993
CHIRAMEL    ,SAS,1
CHIRAYATH   ,SAS,1
CHIRAYIL    ,SAS,0.9622
CHIRRA      ,SAS,1
CHIRRAVURI  ,SAS,1
CHIRUMAMILLA,SAS,1
CHISHTI     ,SAS,0.9585
CHISHTY     ,SAS,0.8108
CHISTI      ,SAS,0.9997
CHISTY      ,SAS,1
CHIT        ,BM,0.6541
CHITALE     ,SAS,1
CHITALIA    ,SAS,1
CHITH       ,CB,0.7072
CHITKARA    ,SAS,0.9999
CHITNIS     ,SAS,0.9696
CHITRAKAR   ,NP,0.9368
CHITRAPU    ,SAS,1
CHITRE      ,SAS,1
CHITTA      ,SAS,0.9292
CHITTAJALLU ,SAS,1
CHITTAPHONG ,LA,0.9189
CHITTAVONG  ,LA,0.8936
CHITTI      ,SAS,1
CHITTINENI  ,SAS,1
CHITTOOR    ,SAS,1
CHITTURI    ,SAS,1
CHIU        ,GCA,0.8863
CHIV        ,CB,0.8444
CHIVUKULA   ,SAS,1
CHO         ,XK,0.896
CHOA        ,RP,0.5827
CHOCKALINGAM,SAS,0.9854
CHODAVARAPU ,SAS,1
CHODHA      ,SAS,0.7368
CHOE        ,XK,0.9676
CHOEPHEL    ,GCA,0.589
CHOEUN      ,CB,0.8726
CHOH        ,XK,0.6379
CHOHAN      ,SAS,0.8585
CHOI        ,XK,0.9011
CHOIKIM     ,XK,1
CHOILEE     ,XK,1
CHOK        ,MY,0.5794
CHOKBENGBOUN,LA,0.8429
CHOKEY      ,SAS,0.6873
CHOKIM      ,XK,1
CHOKKALINGAM,SAS,1
CHOKSEY     ,SAS,1
CHOKSHI     ,SAS,0.9801
CHOKSI      ,SAS,0.9691
CHOLLETI    ,SAS,1
CHOM        ,CB,0.753
CHON        ,XK,0.9208
CHONEY      ,SAS,0.9275
CHOO        ,XK,0.5202
CHOOI       ,MY,0.9067
CHOOK       ,MY,0.5635
CHOONG      ,MY,0.7604
CHOPADE     ,SAS,1
CHOPAN      ,AF,0.978
CHOPPA      ,SAS,0.8916
CHOPRA      ,SAS,0.912
CHORDIA     ,SAS,1
CHORN       ,CB,0.718
CHOU        ,GCA,0.9141
CHOUB       ,CB,0.7221
CHOUBEY     ,SAS,1
CHOUDARY    ,SAS,0.9778
CHOUDHARI   ,SAS,0.9817
CHOUDHARY   ,SAS,0.9622
CHOUDHERY   ,SAS,0.9375
CHOUDHRI    ,SAS,0.8767
CHOUDHRY    ,SAS,0.9431
CHOUDHURI   ,SAS,0.9588
CHOUDHURY   ,SAS,0.9252
CHOUDRY     ,SAS,0.9503
CHOUGH      ,XK,1
CHOUGULE    ,SAS,1
CHOUHAN     ,SAS,0.8836
CHOUM       ,CB,0.7229
CHOUN       ,CB,0.6843
CHOUNG      ,XK,0.8673
CHOUNLAMANY ,LA,0.9324
CHOUNLAMOUNT,LA,0.8913
CHOUNRAMANY ,LA,0.8626
CHOUP       ,CB,0.79990000000000006
CHOUR       ,CB,0.625
CHOURASIA   ,SAS,1
CHOV        ,CB,0.9583
CHOW        ,GCA,0.7696
CHOWDARY    ,SAS,1
CHOWDHARY   ,SAS,0.9124
CHOWDHRY    ,SAS,0.9208
CHOWDHURI   ,SAS,1
CHOWDHURY   ,SAS,0.9386
CHOWDRY     ,SAS,0.9032
CHOWDURY    ,SAS,1
CHOWHAN     ,SAS,0.9328
CHOY        ,GCA,0.6006
CHRIN       ,CB,0.7891
CHRISTI     ,SAS,0.6252
CHRUN       ,CB,0.6698
CHU         ,GCA,0.7226
CHUA        ,RP,0.629
CHUAH       ,MY,0.8265
CHUAN       ,GCA,0.6616
CHUANG      ,GCA,0.9483
CHUC        ,VM,0.508
CHUDASAMA   ,SAS,0.7433
CHUDGAR     ,SAS,0.9999
CHUEH       ,GCA,1
CHUEN       ,GCA,0.9474
CHUG        ,SAS,0.6279
CHUGANI     ,SAS,0.6294
CHUGH       ,SAS,0.9473
CHUGHTAI    ,SAS,0.9054
CHUI        ,GCA,0.877
CHUIDIAN    ,RP,0.9995
CHUJO       ,JA,1
CHUK        ,GCA,0.7334
CHUKKA      ,SAS,1
CHUKKAPALLI ,SAS,1
CHULANI     ,SAS,0.7556
CHULUUNBAATA,MG,1
CHUM        ,CB,0.648
CHUMBER     ,SAS,0.9508
CHUMMAR     ,SAS,1
CHUN        ,XK,0.797
CHUNARA     ,SAS,0.8571
CHUNDI      ,SAS,1
CHUNDRU     ,SAS,1
CHUNDURI    ,SAS,0.9769
CHUNDURU    ,SAS,1
CHUNG       ,XK,0.5845
CHUO        ,GCA,0.8571
CHUON       ,CB,0.8208
CHUONG      ,VM,0.8064
CHUOP       ,CB,0.923
CHURI       ,SAS,0.8934
CHUU        ,GCA,1
CHUWAN      ,BT,0.7067
CHWA        ,BM,0.7353
CHWANG      ,GCA,0.9999
CHWE        ,XK,0.9091
CHYAN       ,GCA,1
CHYE        ,MY,0.5738
CHYI        ,GCA,1
CHYN        ,GCA,1
CHYOU       ,GCA,1
CHYU        ,GCA,0.698
CHYUN       ,XK,0.9998
CHYUNG      ,XK,1
CI          ,BM,0.5043
CIA         ,BM,0.6979
CIELO       ,RP,0.5251
CIFRA       ,RP,0.7958
CIIN        ,BM,0.9423
CIL         ,VM,0.5067
CIMAFRANCA  ,RP,0.975
CIN         ,BM,0.8361
CINCO       ,RP,0.7865
CING        ,BM,0.8766
CIOCON      ,RP,1
CIRERA      ,RP,0.7143
CIRON       ,RP,0.9959
CLAMOR      ,RP,1
CLARAVALL   ,RP,1
CLARETE     ,RP,1
CLARIDAD    ,RP,1
CLARIN      ,RP,0.8903
CLARINO     ,RP,0.9832
CLARION     ,RP,0.9996
CLARITO     ,RP,1
CLARIZA     ,RP,1
CLAVE       ,RP,0.8104
CLAVECILLA  ,RP,0.9999
CLAVERIA    ,RP,0.751
CLAVIO      ,RP,0.9789
CLAVO       ,RP,0.5739
CLEMENA     ,RP,0.9996
CLEOFAS     ,RP,0.8413
CLEOFE      ,RP,1
CLOMA       ,RP,0.8888
CLORES      ,RP,0.9999
CO          ,RP,0.7116
COBARRUBIA  ,RP,0.7687
COCHINWALA  ,SAS,1
COCJIN      ,RP,1
CODERA      ,RP,0.857
CODILLA     ,RP,0.9554
COIMBATORE  ,SAS,1
COLACO      ,SAS,0.6797
COLASITO    ,RP,1
COLCOL      ,RP,0.9663
COLETO      ,RP,0.5714
COLLACO     ,GCA,0.5884
COLLERA     ,RP,0.79990000000000006
COLLO       ,RP,0.9399
COLMENAR    ,RP,1
COLOBONG    ,RP,0.9999
COLOCADO    ,RP,1
COLOMA      ,RP,0.7194
COLOSO      ,RP,0.9995
COLUMBRES   ,RP,1
COMANDANTE  ,RP,1
COMBIS      ,RP,0.598
COMENDADOR  ,RP,0.9552
COMETA      ,RP,0.9221
COMIA       ,RP,0.977
COMILANG    ,RP,0.9987
COMISO      ,RP,0.9979
COMORA      ,RP,0.8049
COMPETENTE  ,RP,0.9995
COMPLETO    ,RP,0.9997
COMPUESTO   ,RP,1
CONANAN     ,RP,1
CONCON      ,RP,0.9999
CONCORDIA   ,RP,0.5682
CONDES      ,RP,0.6554
CONDEZ      ,RP,0.8387
CONDINO     ,RP,0.6641
CONDOL      ,RP,0.9979
CONFESOR    ,RP,0.5396
CONG        ,GCA,0.58
CONGE       ,RP,0.8412
CONGHUYEN   ,VM,1
CONLU       ,RP,1
CONOL       ,RP,0.9723
CONSING     ,RP,1
CONSOLACION ,RP,0.9778
CONSUL      ,RP,0.8125
CONSUNJI    ,RP,0.9143
CONTAOI     ,RP,0.9971
CONTAWE     ,RP,0.9999
CONTEMPRATO ,RP,1
CONTILLO    ,RP,0.6697
CONTRACTOR  ,SAS,0.98
CONVENTO    ,RP,0.8348
COO         ,RP,0.7368
COOC        ,VM,0.8297
COORAY      ,CE,0.9625
COOREY      ,CE,0.5177
COPON       ,RP,0.95
COQUIA      ,RP,1
COQUILLA    ,RP,1
CORALDE     ,RP,1
CORBILLA    ,RP,1
CORNEL      ,RP,0.8762
CORNISTA    ,RP,1
COROS       ,RP,0.625
COROTAN     ,RP,0.9998
CORPIN      ,RP,0.9999
CORPORAL    ,RP,0.8811
CORPUS      ,RP,0.5654
CORPUZ      ,RP,0.9735
CORRE       ,RP,0.6019
CORROS      ,RP,0.9995
CORTADO     ,RP,1
CORTEL      ,RP,0.9992
CORTEZA     ,RP,0.9344
CORTEZANO   ,RP,0.8234
COSARE      ,RP,0.8362
COSCA       ,RP,0.9197
COSCOLLUELA ,RP,1
COSICO      ,RP,1
COSINO      ,RP,0.594
COSMIANO    ,RP,1
COSTALES    ,RP,0.6529
COSTELO     ,RP,0.9184
COSTES      ,RP,0.7094
COSTINIANO  ,RP,1
COUSART     ,RP,0.6639
COYOCA      ,RP,1
CRAME       ,RP,0.9872
CRASTA      ,SAS,1
CRASTO      ,SAS,0.8808
CREADO      ,SAS,0.571
CREDITO     ,RP,0.9999
CREDO       ,RP,0.9999
CREENCIA    ,RP,1
CRESCINI    ,RP,0.8498
CRESENCIA   ,RP,0.9999
CREUS       ,RP,0.697
CRISOL      ,RP,0.6596
CRISOLO     ,RP,0.9996
CRISOLOGO   ,RP,0.9685
CRISOSTOMO  ,RP,0.6622
CRISPE      ,RP,0.8355
CRISTAL     ,RP,0.6327
CRISTE      ,RP,0.5995
CRISTI      ,RP,0.607
CRISTOBAL   ,RP,0.6637
CRUCILLO    ,RP,1
CRUDA       ,RP,1
CRUZADA     ,RP,0.9574
CRUZAT      ,RP,0.7627
CRUZJR      ,RP,0.8061
CUA         ,RP,0.89
CUADERNO    ,RP,0.9999
CUADRO      ,RP,0.9438
CUAI        ,BM,0.9621
CUARESMA    ,RP,0.9445
CUARTERO    ,RP,0.8558
CUASAY      ,RP,1
CUASITO     ,RP,0.9996
CUAYCONG    ,RP,1
CUBACUB     ,RP,1
CUBANGBANG  ,RP,1
CUBE        ,RP,0.9996
CUBELO      ,RP,0.6791
CUBOL       ,RP,1
CUBOS       ,RP,0.9385
CUDAL       ,RP,0.9641
CUDIA       ,RP,0.8429
CUDIAMAT    ,RP,0.9999
CUENCO      ,RP,1
CUENO       ,RP,0.9982
CUENTO      ,RP,1
CUERPO      ,RP,1
CUEVO       ,RP,0.9999
CUI         ,GCA,0.9679
CUISON      ,RP,1
CUIZON      ,RP,1
CULALA      ,RP,0.9999
CULLA       ,RP,0.8377
CUN         ,VM,0.8217
CUNAN       ,RP,0.9945
CUNANAN     ,RP,0.9887
CUNETA      ,RP,1
CUNG        ,BM,0.5302
CUNTAPAY    ,RP,1
CUONG       ,VM,1
CUPINO      ,RP,1
CURAMENG    ,RP,0.9789
CURAMMENG   ,RP,0.9995
CURATO      ,RP,0.7345
CURIOSO     ,RP,0.7574
CUSI        ,RP,0.858
CUSTODIA    ,RP,0.6513
CUSTODIO    ,RP,0.6407
CUTARAN     ,RP,1
CUTIA       ,RP,0.9012
CUVIN       ,RP,1
CUYNO       ,RP,0.9072
CUYOS       ,RP,1
CUYUGAN     ,RP,1
CYNN        ,XK,0.9999
CYRIAC      ,SAS,0.9292
DABALOS     ,RP,0.7039
DABAO       ,RP,1
DABAS       ,SAS,0.7614
DABHI       ,SAS,1
DABHOLKAR   ,SAS,1
DABON       ,RP,0.8711
DABU        ,RP,0.9925
DACALOS     ,RP,1
DACANAY     ,RP,0.9867
DACASIN     ,RP,1
DACAYANAN   ,RP,0.9999
DACAYO      ,RP,1
DACILLO     ,RP,1
DACIO       ,RP,1
DACLAN      ,RP,1
DACLISON    ,RP,0.9456
DACO        ,RP,1
DACOCO      ,RP,1
DACON       ,RP,0.5979
DACONES     ,RP,1
DACPANO     ,RP,1
DACQUEL     ,RP,0.9999
DACUMA      ,RP,1
DACUMOS     ,RP,0.9714
DACUYCUY    ,RP,1
DAD         ,SAS,0.6106
DADABHOY    ,SAS,0.7273
DADHANIA    ,SAS,0.9571
DADHICH     ,SAS,1
DADIVAS     ,RP,1
DADIZ       ,RP,1
DADLANI     ,SAS,0.7531
DADOR       ,RP,0.94
DADULLA     ,RP,1
DADWAL      ,SAS,1
DAEL        ,RP,0.9375
DAEZ        ,RP,1
DAFTARI     ,SAS,0.6486
DAFTARY     ,SAS,0.83
DAGA        ,SAS,0.7444
DAGANG      ,RP,1
DAGANI      ,RP,0.5354
DAGAR       ,SAS,0.9996
DAGATAN     ,RP,1
DAGDAG      ,RP,0.9865
DAGDAGAN    ,RP,0.9761
DAGGUBATI   ,SAS,1
DAGUIO      ,RP,0.9856
DAGUM       ,RP,0.8064
DAGUMAN     ,RP,0.9998
DAGUPION    ,RP,0.9997
DAGURO      ,RP,0.9999
DAH         ,BM,0.6381
DAHAL       ,BT,0.5073
DAHAR       ,SAS,0.7584
DAHILIG     ,RP,0.9999
DAHIYA      ,SAS,1
DAI         ,GCA,0.9155
DAILEG      ,RP,1
DAILO       ,RP,0.9999
DAIMON      ,JA,1
DAIT        ,RP,0.9999
DAIZ        ,RP,0.5781
DALAI       ,SAS,0.6591
DALAL       ,SAS,0.878
DALAN       ,RP,0.693
DALAND      ,RP,0.7443
DALANGIN    ,RP,1
DALAO       ,RP,0.9999
DALAY       ,RP,0.7332
DALDE       ,RP,1
DALENA      ,RP,0.704
DALERE      ,RP,0.9999
DALIDA      ,RP,0.9995
DALIGCON    ,RP,0.9987
DALIGDIG    ,RP,0.9989
DALINA      ,RP,0.9901
DALIPE      ,RP,1
DALISAY     ,RP,0.9758
DALIT       ,RP,0.9702
DALIVA      ,RP,0.9999
DALMACIO    ,RP,1
DALMIA      ,SAS,1
DALSANIA    ,SAS,1
DALUMPINES  ,RP,1
DALUPAN     ,RP,1
DALUSONG    ,RP,0.9703
DALUSUNG    ,RP,1
DALVI       ,SAS,0.9905
DALWADI     ,SAS,1
DAM         ,VM,0.8082
DAMA        ,SAS,0.6068
DAMANI      ,SAS,0.8949
DAMANIA     ,SAS,1
DAMARAJU    ,SAS,1
DAMARLA     ,SAS,1
DAMASCO     ,RP,0.7171
DAMASO      ,RP,0.6077
DAMAYANTI   ,BIA,0.871
DAMAZO      ,RP,0.6414
DAMBA       ,MG,0.6587
DAMDINSUREN ,MG,1
DAMEG       ,RP,0.9998
DAMERA      ,SAS,0.9565
DAMLE       ,SAS,0.9872
DAMO        ,RP,0.8685
DAMODARAN   ,SAS,0.9836
DANAK       ,SAS,0.85
DANAN       ,RP,0.589
DANAO       ,RP,0.98740000000000006
DANCEL      ,RP,0.9552
DAND        ,SAS,0.8765
DANDA       ,SAS,0.8071
DANDAMUDI   ,SAS,1
DANDAPANI   ,SAS,1
DANDAR      ,MG,0.6416
DANDE       ,SAS,0.6842
DANDEKAR    ,SAS,1
DANDONA     ,SAS,0.9225
DANDOY      ,RP,0.7784
DANDU       ,SAS,0.9703
DANG        ,VM,0.9122
DANGAL      ,BT,0.6117
DANGANAN    ,RP,1
DANGCIL     ,RP,0.8602
DANGE       ,SAS,0.9143
DANGNGUYEN  ,VM,1
DANGO       ,RP,0.8056
DANGOL      ,NP,0.9826
DANGTRAN    ,VM,0.7857
DANH        ,VM,0.8751
DANI        ,SAS,0.6644
DANISH      ,SAS,0.6261
DANJO       ,JA,0.9318
DANLAG      ,RP,0.7857
DANO        ,RP,0.5692
DANQUE      ,RP,0.9971
DANTES      ,RP,0.5158
DANTIC      ,RP,0.9923
DANTIS      ,RP,0.8606
DANTULURI   ,SAS,1
DAO         ,VM,0.9304
DAOANG      ,RP,0.9986
DAOHEUANG   ,LA,0.883
DAOS        ,RP,0.9377
DAPAR       ,RP,1
DAPROZA     ,RP,1
DAQUEP      ,RP,1
DAQUIGAN    ,RP,1
DAQUIOAG    ,RP,1
DAR         ,SAS,0.5916
DARA        ,SAS,0.5089
DARAM       ,SAS,0.9464
DARANIKONE  ,LA,0.9977
DARAPHETH   ,LA,0.9118
DARAVONG    ,LA,0.8936
DARBHA      ,SAS,0.9545
DARDI       ,SAS,0.7497
DAREDIA     ,SAS,1
DARIA       ,RP,0.7453
DARIO       ,RP,0.8219
DARJEE      ,BT,0.6361
DARJI       ,SAS,0.8486
DARMAWAN    ,BIA,0.8869
DARNE       ,SAS,0.6686
DAROY       ,RP,1
DAROZA      ,GCA,0.5447
DARU        ,SAS,0.6635
DARUS       ,MY,0.627
DARUWALA    ,SAS,0.9242
DARUWALLA   ,SAS,1
DARVIN      ,RP,0.802
DARYANANI   ,SAS,0.6221
DARYANI     ,SAS,0.64
DAS         ,SAS,0.929
DASA        ,SAS,0.8123
DASAL       ,RP,0.9483
DASALLA     ,RP,0.9999
DASANI      ,SAS,0.8499
DASARI      ,SAS,0.9963
DASCO       ,RP,0.9952
DASGUPTA    ,SAS,0.9658
DASH        ,SAS,0.6759
DASI        ,SAS,0.7691
DASIG       ,RP,1
DASIKA      ,SAS,1
DASS        ,SAS,0.5289
DASSANAYAKE ,CE,1
DASTAGIR    ,SAS,0.6029
DASTAGIRZADA,AF,1
DASTGIR     ,SAS,0.8958
DASTI       ,SAS,0.8157
DASTOOR     ,SAS,1
DASTUR      ,SAS,0.9624
DASU        ,SAS,1
DASWANI     ,SAS,0.6465
DATANGEL    ,RP,0.9999
DATAR       ,SAS,0.9086
DATILES     ,RP,1
DATLA       ,SAS,1
DATO        ,RP,0.6582
DATOC       ,RP,0.9997
DATOR       ,RP,0.9998
DATTA       ,SAS,0.9487
DATTANI     ,SAS,0.6757
DATU        ,RP,0.9768
DATUIN      ,RP,1
DATWANI     ,SAS,0.7368
DAU         ,VM,0.5534
DAUGLASH    ,RP,1
DAULAT      ,SAS,0.85
DAUS        ,RP,0.6972
DAUZ        ,RP,0.9585
DAVA        ,RP,0.9333
DAVAADORJ   ,MG,1
DAVAASUREN  ,MG,1
DAVANTES    ,RP,0.8787
DAVDA       ,SAS,0.5392
DAVE        ,SAS,0.9069
DAVER       ,SAS,0.9999
DAVO        ,RP,0.9825
DAVULURI    ,SAS,1
DAWADI      ,NP,0.9219
DAWANG      ,RP,0.9999
DAWAR       ,SAS,0.9111
DAWDA       ,SAS,0.9999
DAWIS       ,RP,0.9231
DAYAG       ,RP,1
DAYAK       ,RP,0.5314
DAYAL       ,SAS,0.6774
DAYALAN     ,SAS,1
DAYANAN     ,RP,0.9947
DAYANANDA   ,SAS,0.5366
DAYANGHIRANG,RP,1
DAYAO       ,RP,0.9906
DAYAP       ,RP,1
DAYLO       ,RP,1
DAYO        ,RP,0.6237
DAYOAN      ,RP,0.9999
DAYON       ,RP,0.7283
DAYOT       ,RP,0.95
DAYRIT      ,RP,0.9944
DAYSON      ,RP,0.7915
DAZ         ,RP,0.5167
DAZO        ,RP,0.9992
DCOSTA      ,SAS,0.8826
DCRUZ       ,SAS,0.7556
DCRUZE      ,SAS,1
DCUNHA      ,SAS,0.9344
DE          ,SAS,0.8583
DEA         ,GCA,0.7471
DEALA       ,RP,0.9993
DEALWIS     ,CE,0.9306
DEANG       ,RP,0.9015
DEANO       ,RP,0.9416
DEAP        ,CB,0.8333
DEASIS      ,RP,0.9642
DEAUSEN     ,RP,1
DEB         ,SAS,0.9627
DEBELEN     ,RP,1
DEBI        ,SAS,0.8312
DEBNATH     ,SAS,0.9922
DEBODA      ,RP,0.9966
DEBOO       ,SAS,0.6631
DEBORJA     ,RP,0.9783
DEBROY      ,SAS,0.8889
DEBUQUE     ,RP,0.8349
DECAL       ,RP,0.5799
DECANO      ,RP,0.7343
DECASA      ,RP,0.9999
DECASTRO    ,RP,0.5059
DECENA      ,RP,0.6398
DECHICO     ,RP,0.766
DECIERDO    ,RP,0.9996
DECLARO     ,RP,0.9381
DEDHIA      ,SAS,1
DEDICATORIA ,RP,1
DEEBA       ,SAS,0.9107
DEENADAYALAN,SAS,0.9444
DEEP        ,SAS,0.9204
DEEPAK      ,SAS,0.9991
DEEVI       ,SAS,1
DEFELIPE    ,RP,0.8387
DEFENSOR    ,RP,1
DEFIESTA    ,RP,0.9682
DEFONSEKA   ,CE,1
DEFRANCIA   ,RP,0.9895
DEGAL       ,RP,0.9753
DEGALA      ,RP,0.8634
DEGALICIA   ,RP,0.8085
DEGAMO      ,RP,1
DEGOMA      ,RP,1
DEGOROSTIZA ,RP,1
DEGRACIA    ,RP,0.5286
DEGRANO     ,RP,0.9839
DEGUCHI     ,JA,0.9577
DEGUIA      ,RP,1
DEGUZMAN    ,RP,0.9505
DEHAL       ,SAS,0.75
DEIPARINE   ,RP,1
DEIVASIGAMAN,SAS,1
DEJOS       ,RP,1
DEJOSE      ,RP,0.9927
DEJOYA      ,RP,0.976
DEKA        ,SAS,0.6334
DELA        ,RP,0.6082
DELACALZADA ,RP,1
DELACERNA   ,RP,0.9993
DELACUESTA  ,RP,0.6443
DELAGO      ,RP,0.8469
DELALLANA   ,RP,0.77
DELALUNA    ,RP,0.9999
DELAMERCED  ,RP,0.9815
DELANTAR    ,RP,1
DELAPENA    ,RP,0.5996
DELARAMA    ,RP,1
DELAREA     ,RP,1
DELARMENTE  ,RP,0.9998
DELASALAS   ,RP,0.9238
DELAVICTOR  ,RP,0.6731
DELBARRIO   ,RP,0.6409
DELCANO     ,RP,0.5503
DELCORRO    ,RP,0.9999
DELDONNO    ,RP,0.9076
DELENA      ,RP,0.609
DELEOS      ,RP,0.7941
DELES       ,RP,1
DELFIERRO   ,RP,0.5846
DELFIN      ,RP,0.6302
DELFINADO   ,RP,0.9968
DELGALLEGO  ,RP,0.5185
DELIM       ,RP,1
DELIN       ,RP,0.5793
DELINO      ,RP,0.6908
DELIWALA    ,SAS,1
DELIZO      ,RP,0.9998
DELLA       ,RP,0.8131
DELLORO     ,RP,0.599
DELLOSA     ,RP,0.8506
DELLOTA     ,RP,1
DELMAR      ,RP,0.6308
DELMENDO    ,RP,0.9665
DELMO       ,RP,0.8333
DELMORO     ,RP,0.7295
DELMUNDO    ,RP,0.9871
DELORIA     ,RP,0.5925
DELOSANGELE ,RP,0.8051
DELOSO      ,RP,0.9504
DELOSREYES  ,RP,0.8014
DELOSSANTOS ,RP,0.7377
DELOSTRINO  ,RP,1
DELOSTRINOS ,RP,1
DELOYOLA    ,RP,0.5923
DELPILAR    ,RP,0.6766
DELPRADO    ,RP,0.5729
DELPUERTO   ,RP,0.696
DELROSARIO  ,RP,0.6883
DELUMEN     ,RP,0.9412
DELUMPA     ,RP,0.9993
DELUNAS     ,RP,0.9483
DELVO       ,RP,0.7791
DEMANUEL    ,RP,0.8567
DEMATEO     ,RP,0.6647
DEMAYO      ,RP,0.5294
DEMEL       ,CE,0.5228
DEMESA      ,RP,0.9012
DEMETILLO   ,RP,1
DEMILLO     ,RP,0.8364
DEMONTEVERDE,RP,1
DEMURA      ,JA,0.9272
DEN         ,GCA,0.5173
DENDA       ,JA,0.7959
DENDUKURI   ,SAS,1
DENDULURI   ,SAS,1
DENG        ,GCA,0.8659
DENIEGA     ,RP,1
DENINA      ,RP,0.9998
DENSING     ,RP,0.8561
DEOCAMPO    ,RP,0.9377
DEOCARES    ,RP,0.9998
DEOCERA     ,RP,1
DEODHAR     ,SAS,0.9819
DEOGRACIAS  ,RP,0.9971
DEOKAR      ,SAS,1
DEOL        ,SAS,0.9072
DEORA       ,SAS,1
DEORE       ,SAS,0.9945
DEPADUA     ,RP,0.7887
DEPAKAKIBO  ,RP,1
DEPANO      ,RP,0.9999
DEPANTE     ,RP,0.9996
DEPEDRO     ,RP,0.5523
DEPERALTA   ,RP,0.8879
DEPERIO     ,RP,0.9819
DEPRA       ,RP,0.9487
DEQUINA     ,RP,1
DEQUIROZ    ,RP,0.5696
DEQUITO     ,RP,1
DER         ,GCA,0.6306
DERAIN      ,RP,0.988
DERAMA      ,RP,0.9385
DERAY       ,RP,0.5191
DERECHO     ,RP,1
DEREQUITO   ,RP,1
DERIGE      ,RP,0.9996
DERILO      ,RP,0.9978
DEROMA      ,RP,0.7377
DERRO       ,RP,0.6185
DESAGUN     ,RP,1
DESAI       ,SAS,0.9081
DESALE      ,SAS,0.8666
DESAMERO    ,RP,1
DESAMITO    ,RP,1
DESARAJU    ,SAS,1
DESCALLAR   ,RP,1
DESCALSO    ,RP,0.9659
DESCALZO    ,RP,0.6635
DESCARGAR   ,RP,1
DESEAR      ,RP,0.8985
DESEO       ,RP,1
DESHMUKH    ,SAS,0.9857
DESHPANDE   ,SAS,0.9899
DESIERTO    ,RP,1
DESIKAN     ,SAS,0.9667
DESILVA     ,CE,0.5012
DESIRAJU    ,SAS,1
DESLATE     ,RP,1
DESQUITADO  ,RP,1
DESTURA     ,RP,1
DESU        ,SAS,0.8442
DESUASIDO   ,RP,0.9998
DESUYO      ,RP,0.9989
DESWAL      ,SAS,1
DETH        ,CB,0.8451
DETHVONGSA  ,LA,0.7195
DETORIO     ,RP,0.9962
DETVONGSA   ,LA,0.9018
DEUZ        ,RP,0.9984
DEV         ,SAS,0.91
DEVA        ,SAS,0.6242
DEVABHAKTUNI,SAS,1
DEVADAS     ,SAS,0.9024
DEVADOSS    ,SAS,1
DEVALLA     ,SAS,1
DEVANATHAN  ,SAS,1
DEVANI      ,SAS,0.7344
DEVARA      ,SAS,0.9996
DEVARAJ     ,SAS,0.9784
DEVARAJAN   ,SAS,0.9857
DEVARAJU    ,SAS,1
DEVARAKONDA ,SAS,1
DEVARAPALLI ,SAS,1
DEVARASETTY ,SAS,1
DEVASIA     ,SAS,1
DEVASSY     ,SAS,0.9571
DEVEAS      ,RP,0.9677
DEVELA      ,RP,0.7115
DEVENECIA   ,RP,1
DEVERA      ,RP,0.9586
DEVEYRA     ,RP,1
DEVEZA      ,RP,1
DEVGAN      ,SAS,1
DEVGUN      ,SAS,0.6316
DEVI        ,SAS,0.6462
DEVILLA     ,RP,0.7711
DEVINENI    ,SAS,1
DEVIREDDY   ,SAS,1
DEVJANI     ,SAS,1
DEVKOTA     ,NP,0.9437
DEVNANI     ,SAS,0.9524
DEVULAPALLI ,SAS,1
DEVULAPALLY ,SAS,1
DEWA        ,JA,0.7301
DEWAL       ,SAS,0.8378
DEWAN       ,SAS,0.8667
DEWANI      ,SAS,1
DEWI        ,BIA,0.9028
DEY         ,SAS,0.8159
DEYRO       ,RP,1
DEZOYSA     ,CE,1
DHADDA      ,SAS,0.9077
DHADUK      ,SAS,1
DHADWAL     ,SAS,1
DHAGE       ,SAS,1
DHAKAL      ,NP,0.7004
DHAKE       ,SAS,1
DHAL        ,SAS,0.7209
DHALI       ,SAS,0.962
DHALIWAL    ,SAS,0.8937
DHALL       ,SAS,0.9685
DHAM        ,SAS,1
DHAMALA     ,BT,0.5649
DHAMANI     ,SAS,1
DHAMI       ,SAS,0.8406
DHAMIJA     ,SAS,0.9493
DHAMODHARAN ,SAS,1
DHANAK      ,SAS,0.617
DHANANI     ,SAS,0.8557
DHANAPAL    ,SAS,1
DHANARAJ    ,SAS,0.9192
DHANASEKARAN,SAS,1
DHAND       ,SAS,0.7848
DHANDA      ,SAS,0.8357
DHANDAPANI  ,SAS,1
DHANDE      ,SAS,0.9999
DHANEKULA   ,SAS,1
DHANJAL     ,SAS,0.7669
DHANJU      ,SAS,0.9375
DHANOA      ,SAS,0.9627
DHANOTA     ,SAS,0.9304
DHAR        ,SAS,0.9714
DHARA       ,SAS,0.9577
DHARAMSEY   ,SAS,1
DHARAMSHI   ,SAS,0.6522
DHARAN      ,SAS,0.7273
DHARANI     ,SAS,0.9821
DHARIA      ,SAS,0.9707
DHARIWAL    ,SAS,0.9357
DHARMA      ,BIA,0.6832
DHARMADHIKAR,SAS,1
DHARMALINGAM,SAS,0.9011
DHARMAPURI  ,SAS,1
DHARMARAJ   ,SAS,1
DHARMARAJAN ,SAS,0.9737
DHARMASENA  ,CE,0.9362
DHARMAVARAM ,SAS,1
DHARMAWAN   ,BIA,0.9012
DHARNI      ,SAS,0.9999
DHARWADKAR  ,SAS,1
DHATT       ,SAS,0.9572
DHAURALI    ,BT,0.6333
DHAVALA     ,SAS,1
DHAVALE     ,SAS,1
DHAWAN      ,SAS,0.9585
DHEER       ,SAS,0.9999
DHERI       ,SAS,0.8974
DHESI       ,SAS,0.8361
DHILLON     ,SAS,0.8836
DHIMAL      ,BT,0.7259
DHIMAN      ,SAS,0.9317
DHINDSA     ,SAS,0.9286
DHINGRA     ,SAS,0.9574
DHINSA      ,SAS,0.7713
DHIR        ,SAS,0.9124
DHITAL      ,BT,0.5028
DHOLAKIA    ,SAS,0.9308
DHOND       ,SAS,1
DHONDUP     ,GCA,0.5596
DHOOT       ,SAS,0.9362
DHRUV       ,SAS,1
DHRUVA      ,SAS,1
DHRUVE      ,SAS,0.9348
DHUGGA      ,SAS,0.9997
DHUKA       ,SAS,1
DHUKKA      ,SAS,1
DHULIPALA   ,SAS,1
DHULIPALLA  ,SAS,1
DHUME       ,SAS,0.9871
DHUNGANA    ,NP,0.5623
DHUNGEL     ,NP,0.5558
DHUPAR      ,SAS,0.9999
DHURI       ,SAS,1
DHYANI      ,SAS,1
DI          ,GCA,0.7432
DIALA       ,RP,0.6078
DIAMA       ,RP,0.6989
DIAMANTE    ,RP,0.8305
DIAMOS      ,RP,0.9863
DIAMSAY     ,RP,1
DIAMSE      ,RP,1
DIANO       ,RP,0.6163
DIAO        ,GCA,0.7696
DICEN       ,RP,0.7778
DICH        ,VM,0.7459
DICHOSO     ,RP,1
DIEC        ,VM,0.9183
DIEN        ,VM,0.8465
DIEP        ,VM,0.9037
DIESTA      ,RP,1
DIESTRO     ,RP,0.8769
DIEU        ,VM,0.7805
DIFUNTORUM  ,RP,0.9984
DIGA        ,RP,0.9213
DIGAL       ,RP,1
DIGHE       ,SAS,1
DIGNADICE   ,RP,1
DIJAMCO     ,RP,1
DIKILATO    ,RP,0.9927
DIKITANAN   ,RP,0.9999
DIKSHIT     ,SAS,1
DIL         ,SAS,0.5383
DILAG       ,RP,1
DILAN       ,RP,0.8616
DILAWAR     ,SAS,1
DILAWARI    ,SAS,1
DILAY       ,RP,0.7939
DILIG       ,RP,1
DILIP       ,SAS,0.9985
DILLA       ,RP,0.7548
DILLI       ,SAS,0.5891
DILOY       ,RP,1
DILSHAD     ,SAS,1
DIM         ,BM,0.6641
DIMAANDAL   ,RP,1
DIMAANO     ,RP,1
DIMABUYU    ,RP,1
DIMACALI    ,RP,1
DIMACULANGAN,RP,0.9886
DIMAGIBA    ,RP,1
DIMAILIG    ,RP,1
DIMAL       ,RP,1
DIMALANTA   ,RP,0.9761
DIMANLIG    ,RP,1
DIMAPASOC   ,RP,1
DIMAPILIS   ,RP,1
DIMARANAN   ,RP,1
DIMARUCUT   ,RP,1
DIMATULAC   ,RP,0.9764
DIMAUNAHAN  ,RP,1
DIMAYA      ,RP,0.9996
DIMAYUGA    ,RP,0.9444
DIME        ,RP,0.735
DIMEN       ,RP,0.9999
DIMLA       ,RP,0.9625
DIMRI       ,SAS,0.8605
DIMSON      ,RP,0.5681
DIN         ,SAS,0.5398
DINAKAR     ,SAS,1
DINCO       ,RP,0.8445
DINDA       ,SAS,0.6168
DINEROS     ,RP,1
DINESH      ,SAS,0.996
DING        ,GCA,0.9488
DINGAL      ,RP,0.9999
DINGCONG    ,RP,1
DINGLAS     ,RP,1
DINGLASAN   ,RP,1
DINH        ,VM,0.954
DINIO       ,RP,1
DINO        ,RP,0.8232
DINONG      ,RP,1
DINOSO      ,RP,1
DINSAY      ,RP,1
DIO         ,RP,0.8781
DIOCARES    ,RP,1
DIOKNO      ,RP,0.977
DIOLA       ,RP,0.9999
DIOLAZO     ,RP,1
DIOLOSA     ,RP,0.6798
DIOMAMPO    ,RP,1
DIONEDA     ,RP,1
DIONELA     ,RP,1
DIONES      ,RP,0.9669
DIONIO      ,RP,1
DIONISIO    ,RP,0.7926
DIONSON     ,RP,1
DIOQUINO    ,RP,0.9837
DIOSO       ,RP,1
DIOSOMITO   ,RP,0.9998
DIPASUPIL   ,RP,1
DIRA        ,RP,0.7496
DIRAMOS     ,RP,0.9999
DIRECTO     ,RP,0.999
DIRIGE      ,RP,1
DISCIPULO   ,RP,1
DISPO       ,RP,1
DISSANAYAKE ,CE,0.9088
DISTOR      ,RP,1
DITH        ,CB,0.8032
DITONA      ,RP,0.9988
DITTA       ,SAS,0.5956
DITTAKAVI   ,SAS,1
DIVAKAR     ,SAS,1
DIVAKARAN   ,SAS,1
DIVAKARUNI  ,SAS,1
DIVAN       ,SAS,0.5982
DIVECHA     ,SAS,0.75
DIVEKAR     ,SAS,1
DIVI        ,SAS,0.9016
DIVINA      ,RP,0.9862
DIVINAGRACIA,RP,0.9902
DIVINO      ,RP,0.8287
DIWA        ,RP,0.9706
DIWAKAR     ,SAS,0.9487
DIWAN       ,SAS,0.9003
DIXIT       ,SAS,0.9296
DIYALI      ,BT,0.5765
DIZA        ,RP,0.9316
DIZON       ,RP,0.9741
DIZOR       ,RP,0.9909
DJAJA       ,BIA,0.875
DJANG       ,GCA,0.9238
DJIE        ,BIA,0.8269
DJOHAN      ,BIA,0.8537
DJUNAEDI    ,BIA,0.8864
DLIMA       ,SAS,0.8154
DMELLO      ,SAS,0.8923
DO          ,VM,0.9109
DOAN        ,VM,0.9414
DOBARIA     ,SAS,1
DOBASHI     ,JA,0.7913
DOCENA      ,RP,1
DOCTO       ,RP,0.9999
DOCTOLERO   ,RP,0.9998
DOCTORA     ,RP,1
DOCUYANAN   ,RP,1
DODANI      ,SAS,0.7222
DODDA       ,SAS,1
DODDAPANENI ,SAS,1
DODDI       ,SAS,1
DODHIA      ,SAS,0.5738
DODIA       ,SAS,0.8194
DODLA       ,SAS,1
DOEUN       ,CB,0.5479
DOEUR       ,CB,0.8684
DOFREDO     ,RP,0.8964
DOGAR       ,SAS,0.7727
DOGOLDOGOL  ,RP,0.9999
DOGRA       ,SAS,0.9813
DOHA        ,SAS,0.5675
DOHADWALA   ,SAS,1
DOHI        ,JA,0.9994
DOI         ,JA,0.8952
DOK         ,CB,0.6241
DOKKA       ,SAS,0.9642
DOKKO       ,XK,0.9341
DOLAR       ,RP,0.8323
DOLFO       ,RP,0.8237
DOLIENTE    ,RP,1
DOLIGOSA    ,RP,1
DOLINA      ,RP,0.5242
DOLLA       ,SAS,0.7278
DOLLAGA     ,RP,1
DOLLENTAS   ,RP,1
DOLLENTE    ,RP,0.9699
DOLLESIN    ,RP,0.8333
DOLLETE     ,RP,1
DOLOJAN     ,RP,1
DOLOR       ,RP,0.8504
DOLORFINO   ,RP,1
DOLOROSO    ,RP,1
DOLOTINA    ,RP,0.9993
DOM         ,CB,0.6193
DOMADIA     ,SAS,1
DOMAGAS     ,RP,1
DOMALANTA   ,RP,1
DOMANTAY    ,RP,1
DOMENDEN    ,RP,0.7377
DOMINGCIL   ,RP,0.9961
DOMINGO     ,RP,0.8428
DOMINGSIL   ,RP,1
DOMMARAJU   ,SAS,1
DOMMETI     ,SAS,1
DOMO        ,RP,0.8112
DOMON       ,JA,0.5047
DOMONDON    ,RP,0.9642
DOMOTO      ,JA,0.9932
DONDA       ,SAS,0.6333
DONDAPATI   ,SAS,1
DONDETI     ,SAS,1
DONEPUDI    ,SAS,1
DONES       ,RP,0.5442
DONESA      ,RP,1
DONG        ,GCA,0.8668
DONGA       ,SAS,0.9165
DONGOL      ,NP,0.8871
DONGON      ,RP,0.9524
DONGRE      ,SAS,1
DONGUYEN    ,VM,1
DONOR       ,RP,0.9541
DONTHI      ,SAS,1
DONTHINENI  ,SAS,1
DONTHIREDDY ,SAS,1
DOONG       ,GCA,0.9597
DOOST       ,AF,0.6444
DOPPALAPUDI ,SAS,1
DORAI       ,SAS,0.9385
DORAIRAJ    ,SAS,0.9516
DORAISAMY   ,SAS,0.9167
DORAISWAMY  ,SAS,1
DORAL       ,RP,0.865
DOREZA      ,RP,1
DORJ        ,MG,0.9571
DORJE       ,GCA,0.6071
DORJEE      ,GCA,0.5131
DORJI       ,BT,0.68
DORJSUREN   ,MG,0.8913
DORK        ,CB,0.651
DOROMAL     ,RP,1
DORONILA    ,RP,1
DORONIO     ,RP,0.9999
DOROTHEO    ,RP,1
DOS         ,CB,0.6334
DOSANI      ,SAS,0.8966
DOSANJH     ,SAS,0.729
DOSDOS      ,RP,1
DOSHI       ,SAS,0.9342
DOSONO      ,RP,0.8647
DOSSANI     ,SAS,0.9667
DOTIMAS     ,RP,0.9999
DOU         ,GCA,0.9235
DOUANGBOUPHA,LA,0.9996
DOUANGCHANH ,LA,1
DOUANGDARA  ,LA,0.8739
DOUANGMALA  ,LA,0.9122
DOUANGMANY  ,LA,1
DOUANGPANYA ,LA,0.9361
DOUANGPHACHA,LA,0.9047
DOUANGSAVANH,LA,1
DOUANGVILAY ,LA,0.8841
DOUCH       ,CB,0.6418
DOUK        ,CB,0.8614
DOUNG       ,CB,0.7132
DOVAN       ,VM,0.7224
DRACULAN    ,RP,1
DRAPIZA     ,RP,0.9985
DRAVID      ,SAS,1
DRILON      ,RP,1
DRIS        ,RP,0.6583
DRIZ        ,RP,0.8718
DRONAMRAJU  ,SAS,1
DRONAVALLI  ,SAS,1
DROZARIO    ,SAS,0.9756
DSA         ,SAS,0.8883
DSILVA      ,SAS,0.8583
DSOUZA      ,SAS,0.8255
DU          ,GCA,0.6842
DUA         ,SAS,0.8387
DUALAN      ,RP,1
DUAN        ,GCA,0.99
DUAY        ,RP,0.931
DUAZO       ,RP,1
DUBAL       ,SAS,0.9038
DUBASH      ,SAS,0.9394
DUBB        ,SAS,0.6549
DUBEY       ,SAS,0.9492
DUCAY       ,RP,0.9999
DUCH        ,CB,0.6041
DUCLAYAN    ,RP,0.9431
DUCO        ,RP,0.9459
DUCOT       ,RP,0.8803
DUCUSIN     ,RP,0.9883
DUCUT       ,RP,1
DUDANI      ,SAS,1
DUDHAT      ,SAS,1
DUDHIA      ,SAS,0.8421
DUDI        ,SAS,0.64
DUENO       ,RP,0.5318
DUERO       ,RP,0.7941
DUGAR       ,SAS,0.6483
DUGAY       ,RP,0.8564
DUGENIA     ,RP,0.9995
DUGGAL      ,SAS,0.9077
DUGGIRALA   ,SAS,0.9856
DUH         ,GCA,0.8267
DUHAYLONGSOD,RP,0.9981
DUHAYLUNGSOD,RP,1
DUKKIPATI   ,SAS,0.9474
DULAI       ,SAS,0.731
DULAL       ,BT,0.5627
DULATRE     ,RP,0.9615
DULAY       ,RP,0.9266
DULCE       ,RP,0.8434
DULDULAO    ,RP,1
DULLANO     ,RP,0.9999
DULLAS      ,RP,0.9432
DULLER      ,RP,0.8853
DULNUAN     ,RP,0.9273
DULOS       ,RP,0.8571
DUMADAG     ,RP,0.9999
DUMAG       ,RP,0.9991
DUMAGAN     ,RP,0.7664
DUMAGUIN    ,RP,0.9999
DUMAGUING   ,RP,1
DUMALAG     ,RP,1
DUMANCAS    ,RP,0.9985
DUMANDAN    ,RP,1
DUMAOAL     ,RP,0.9878
DUMAOP      ,RP,1
DUMAPIAS    ,RP,1
DUMAPIT     ,RP,0.925
DUMAPLIN    ,RP,1
DUMARAN     ,RP,0.9985
DUMAUAL     ,RP,1
DUMAYAG     ,RP,1
DUMAYAS     ,RP,1
DUMBRIGUE   ,RP,0.9992
DUMBRIQUE   ,RP,0.9597
DUMLAO      ,RP,0.9665
DUMO        ,RP,0.9749
DUMON       ,RP,0.6713
DUMOT       ,RP,0.9994
DUMPALA     ,SAS,1
DUMPIT      ,RP,0.9737
DUNG        ,VM,0.5421
DUNGAO      ,RP,1
DUNGCA      ,RP,0.9755
DUNGO       ,RP,0.9865
DUNNA       ,SAS,0.7332
DUONG       ,VM,0.914
DUPA        ,RP,0.7027
DUPAYA      ,RP,1
DUQUEZ      ,RP,0.8537
DURAI       ,SAS,1
DURAIRAJ    ,SAS,0.9877
DURAISAMY   ,SAS,0.9862
DURAISWAMY  ,SAS,0.9167
DURANA      ,RP,0.6447
DURANI      ,AF,0.5
DURANO      ,RP,0.9493
DURBHA      ,SAS,1
DUREG       ,RP,0.9944
DUREJA      ,SAS,1
DURGAM      ,SAS,1
DURIA       ,RP,0.6585
DURIAN      ,RP,0.7885
DURIAS      ,RP,0.9998
DUROPAN     ,RP,0.9979
DUROY       ,RP,0.5643
DURRANI     ,SAS,0.8958
DURVASULA   ,SAS,1
DURVESH     ,SAS,1
DUSICH      ,RP,0.7973
DUTERTE     ,RP,0.9447
DUTIA       ,SAS,1
DUTT        ,SAS,0.637
DUTTA       ,SAS,0.9535
DUTTAGUPTA  ,SAS,1
DUTTAROY    ,SAS,1
DUVVURI     ,SAS,0.9857
DUVVURU     ,SAS,1
DUYA        ,RP,1
DUYAN       ,RP,1
DUYANEN     ,RP,1
DUYAO       ,RP,0.9837
DUZON       ,RP,0.9873
DWARAKANATH ,SAS,1
DWIVEDI     ,SAS,0.9843
DWIVEDY     ,SAS,0.7561
DY          ,RP,0.724
DYLIACCO    ,RP,1
DYOGI       ,RP,0.9995
E           ,GCA,0.5931
EA          ,CB,0.6881
EALA        ,RP,0.9985
EAM         ,CB,0.8106
EAN         ,CB,0.8133
EANG        ,CB,0.825
EAP         ,CB,0.8867
EAPEN       ,SAS,0.9597
EAPPEN      ,SAS,1
EAR         ,CB,0.8741
EASAW       ,SAS,0.7833
EASO        ,SAS,0.9516
EASOW       ,SAS,0.9
EASWARAN    ,SAS,0.88
EAV         ,CB,1
EAY         ,RP,1
EBALO       ,RP,0.9739
EBAN        ,VM,0.9235
EBARA       ,JA,1
EBARLE      ,RP,1
EBARVIA     ,RP,1
EBATA       ,JA,0.931
EBATO       ,JA,0.9996
EBE         ,JA,0.5463
EBENEZER    ,SAS,0.8415
EBIHARA     ,JA,0.9847
EBILANE     ,RP,1
EBINA       ,JA,0.9402
EBIO        ,RP,1
EBISAWA     ,JA,1
EBISU       ,JA,0.9917
EBLACAS     ,RP,0.9859
EBOJO       ,RP,0.9999
EBORA       ,RP,1
EBRAT       ,AF,0.75
EBREO       ,RP,0.9841
EBRO        ,RP,0.7758
EBUEN       ,RP,0.9776
EBUENG      ,RP,1
EBUENGA     ,RP,1
ECAL        ,RP,1
ECALNIR     ,RP,1
ECARMA      ,RP,0.9999
ECHAGUE     ,RP,0.6923
ECHALAR     ,RP,0.5294
ECHANIS     ,RP,0.9952
ECHANO      ,RP,1
ECHAVEZ     ,RP,0.7844
ECHIPARE    ,RP,1
ECHIVERRI   ,RP,0.9998
ECHON       ,RP,1
ECLAR       ,RP,0.9423
ECLARIN     ,RP,0.9994
ECLARINAL   ,RP,1
ECLARINO    ,RP,1
ECLAVEA     ,RP,0.801
ECLE        ,RP,1
ECLEVIA     ,RP,1
ECLIPSE     ,RP,0.9995
ECO         ,RP,0.9655
ED          ,RP,0.828
EDA         ,JA,0.5134
EDADES      ,RP,1
EDANO       ,RP,1
EDARA       ,SAS,1
EDEJER      ,RP,0.9528
EDILLON     ,RP,1
EDILLOR     ,RP,1
EDIRISINGHE ,CE,0.9121
EDLA        ,SAS,1
EDNALINO    ,RP,1
EDNAVE      ,RP,1
EDNILAO     ,RP,0.9999
EDORA       ,RP,1
EDORIA      ,RP,0.9999
EDQUIBAN    ,RP,1
EDQUID      ,RP,1
EDQUILANG   ,RP,1
EDRA        ,RP,1
EDRADA      ,RP,1
EDRALIN     ,RP,0.9705
EDROSA      ,RP,0.7965
EDROSOLAN   ,RP,0.999
EDROZO      ,RP,0.9699
EDU         ,RP,0.5083
EDUARTE     ,RP,0.8108
EDUPUGANTI  ,SAS,1
EDUSADA     ,RP,1
EFFENDI     ,BIA,0.5917
EFFENDY     ,BIA,0.875
EFIMOFF     ,GCA,0.7203
EGAMI       ,JA,0.9996
EGASHIRA    ,JA,0.9636
EGAWA       ,JA,0.9652
EGI         ,JA,0.7777
EGIPTO      ,RP,0.9999
EGUCHI      ,JA,0.9768
EGUILOS     ,RP,1
EGUSA       ,JA,0.9954
EH          ,BM,0.6549
EHARA       ,JA,0.9545
EHSAN       ,SAS,0.626
EHTESHAM    ,SAS,0.8333
EI          ,BM,0.7662
EISELSTEIN  ,RP,0.8567
EISMA       ,RP,0.8711
EJANDA      ,RP,1
EJAZ        ,SAS,0.9577
EJERCITO    ,RP,1
EJIMA       ,JA,1
EJIRI       ,JA,1
EKAMBARAM   ,SAS,1
EKANAYAKE   ,CE,0.9762
EKBOTE      ,SAS,1
EKRAM       ,SAS,0.9167
ELA         ,RP,0.54
ELACION     ,RP,1
ELAHEE      ,SAS,0.9248
ELAHI       ,SAS,0.7432
ELAMPARO    ,RP,0.9752
ELANE       ,RP,0.9534
ELANGO      ,SAS,0.8732
ELANGOVAN   ,SAS,1
ELARDO      ,RP,0.7425
ELAURIA     ,RP,1
ELAVIA      ,SAS,0.9091
ELAYDA      ,RP,1
ELAYDO      ,RP,1
ELAZEGUI    ,RP,1
ELBO        ,RP,0.9324
ELCANO      ,RP,0.8959
ELE         ,RP,0.7375
ELEAZAR     ,RP,0.8342
ELECCION    ,RP,0.9984
ELEFANTE    ,RP,0.8768
ELEGADO     ,RP,1
ELEGINO     ,RP,0.842
ELENGICAL   ,SAS,0.9999
ELENO       ,RP,0.6969
ELENTO      ,RP,0.9987
ELEPANO     ,RP,1
ELEVADO     ,RP,1
ELGARICO    ,RP,0.9998
ELGINCOLIN  ,RP,1
ELIGADO     ,RP,1
ELIM        ,BIA,0.5337
ELISAN      ,RP,0.9996
ELIZAGA     ,RP,0.9562
ELIZARDE    ,RP,0.92
ELLA        ,RP,0.8234
ELLAHI      ,SAS,0.9795
ELLAZAR     ,RP,0.9999
ELLO        ,RP,0.8455
ELLORIN     ,RP,1
ELOMINA     ,RP,1
ELOPRE      ,RP,1
ELORDE      ,RP,1
ELORIAGA    ,RP,1
ELPEDES     ,RP,1
ELUM        ,RP,0.6694
ELUMALAI    ,SAS,1
ELUMBA      ,RP,0.9999
ELURI       ,SAS,1
ELVENA      ,RP,0.9869
EM          ,CB,0.7798
EMA         ,JA,0.6296
EMANI       ,SAS,0.8966
EMANO       ,RP,0.84
EMATA       ,RP,0.9551
EMBUSCADO   ,RP,1
EMELO       ,RP,0.8615
EMI         ,JA,0.9999
EMMADI      ,SAS,1
EMNACE      ,RP,1
EMON        ,SAS,0.8331
EMORI       ,JA,1
EMOTO       ,JA,0.9642
EMPENO      ,RP,1
EMPERADO    ,RP,0.9997
EMPERADOR   ,RP,0.868
EMPLEO      ,RP,1
EMRALINO    ,RP,1
EMRAN       ,SAS,0.5348
EMURA       ,JA,0.8533
EN          ,CB,0.6058
ENAD        ,RP,0.86
ENAM        ,SAS,1
ENAMI       ,JA,0.954
ENANO       ,RP,0.9577
ENANORIA    ,RP,0.9206
ENAYAT      ,AF,0.5238
ENCABO      ,RP,0.9562
ENCALLADO   ,RP,0.9855
ENCARNADO   ,RP,1
ENCINARES   ,RP,1
ENCIO       ,RP,0.7375
ENCOMIENDA  ,RP,0.9351
ENDA        ,JA,0.931
ENDAYA      ,RP,0.9097
ENDERES     ,RP,0.9869
ENDO        ,JA,0.9404
ENDOH       ,JA,0.9516
ENDOSO      ,RP,0.9999
ENDOZO      ,RP,1
ENDRIGA     ,RP,1
ENDRINA     ,RP,0.9993
ENERIO      ,RP,1
ENERO       ,RP,0.9302
ENG         ,GCA,0.6473
ENGALLA     ,RP,0.9971
ENGINEER    ,SAS,0.9753
ENGLIS      ,RP,0.9414
ENGRACIA    ,RP,0.9091
ENKHBAATAR  ,MG,0.9375
ENKHBAT     ,MG,1
ENKHBAYAR   ,MG,1
ENKHBOLD    ,MG,0.9375
ENOKI       ,JA,0.9654
ENOKIDA     ,JA,1
ENOMOTO     ,JA,0.9773
ENRILE      ,RP,1
ENTE        ,RP,0.5491
ENUOL       ,VM,0.9024
ENVERGA     ,RP,1
EO          ,XK,0.9692
EOM         ,XK,0.983
ERANA       ,RP,0.5538
ERANKI      ,SAS,1
ERCIA       ,RP,0.7568
ERDENEBAT   ,MG,1
ERDENEBILEG ,MG,1
ERECE       ,RP,0.9807
ERENO       ,RP,0.9344
ERES        ,RP,0.5795
ERESE       ,RP,1
ERESO       ,RP,0.921
ERFE        ,RP,0.9797
ERGINA      ,RP,0.8927
ERGUIZA     ,RP,0.9583
ERICE       ,RP,0.6932
ERIVE       ,RP,1
ERMITA      ,RP,1
ERMITANIO   ,RP,1
ERMITANO    ,RP,0.9998
EROLES      ,RP,0.825
ERPELO      ,RP,1
ERRAZO      ,RP,1
ERUM        ,RP,0.7231
ESAKI       ,JA,0.9033
ESCALA      ,RP,0.5274
ESCALADA    ,RP,0.6502
ESCALER     ,RP,0.8272
ESCANDOR    ,RP,0.9375
ESCANILLA   ,RP,0.8
ESCANLAR    ,RP,0.9995
ESCANO      ,RP,0.6486
ESCARDA     ,RP,0.7272
ESCAREZ     ,RP,1
ESCARIO     ,RP,0.9167
ESCLAMADO   ,RP,0.9998
ESCOBAL     ,RP,0.8642
ESCOBER     ,RP,0.7815
ESCOBIA     ,RP,0.9998
ESCOBIDO    ,RP,0.9979
ESCOLANO    ,RP,0.8471
ESCOLAR     ,RP,0.5789
ESCONDE     ,RP,1
ESCONDO     ,RP,1
ESCORPISO   ,RP,0.9999
ESCOSIO     ,RP,1
ESCUADRO    ,RP,0.999
ESCUETA     ,RP,1
ESCUSA      ,RP,0.9315
ESGUERRA    ,RP,0.886
ESHIMA      ,JA,0.9681
ESLAO       ,RP,1
ESLIT       ,RP,0.9943
ESMANE      ,RP,1
ESMAS       ,RP,1
ESMELE      ,RP,1
ESMERALDA   ,RP,0.8174
ESMILLA     ,RP,1
ESMUNDO     ,RP,1
ESPALDON    ,RP,1
ESPANOL     ,RP,0.7442
ESPANOLA    ,RP,0.9811
ESPANTA     ,RP,0.5675
ESPANTO     ,RP,0.9995
ESPARAGOZA  ,RP,1
ESPARRAGO   ,RP,1
ESPARTERO   ,RP,1
ESPEDIDO    ,RP,0.9412
ESPELETA    ,RP,0.7347
ESPENILLA   ,RP,1
ESPERA      ,RP,0.8275
ESPERANZA   ,RP,0.5698
ESPERO      ,RP,0.7806
ESPINA      ,RP,0.6446
ESPINAS     ,RP,0.9255
ESPINELI    ,RP,0.9664
ESPINUEVA   ,RP,0.9996
ESPIQUE     ,RP,1
ESPIRIDION  ,RP,0.814
ESPIRITU    ,RP,0.9209
ESPIRITUSAN ,RP,0.5714
ESPLANA     ,RP,1
ESPOSO      ,RP,1
ESQUEJO     ,RP,1
ESQUIERDO   ,RP,0.9806
ESQUILLO    ,RP,1
ESSANI      ,SAS,1
ESTABAYA    ,RP,1
ESTABILLO   ,RP,0.9732
ESTACIO     ,RP,0.8664
ESTACION    ,RP,0.9993
ESTAL       ,RP,0.984
ESTALILLA   ,RP,1
ESTANDIAN   ,RP,1
ESTANISLAO  ,RP,0.8439
ESTANO      ,RP,0.7918
ESTANOL     ,RP,0.634
ESTARIS     ,RP,1
ESTAVILLO   ,RP,0.7984
ESTEBAN     ,RP,0.5399
ESTEBES     ,RP,0.6451
ESTELLA     ,RP,0.7962
ESTELLER    ,RP,0.7556
ESTEPA      ,RP,0.8372
ESTERA      ,RP,0.6735
ESTERO      ,RP,0.5789
ESTERON     ,RP,0.9216
ESTIGOY     ,RP,0.9999
ESTILLORE   ,RP,1
ESTILO      ,RP,1
ESTIOCO     ,RP,1
ESTIOKO     ,RP,0.9108
ESTIPONA    ,RP,1
ESTIVA      ,RP,0.9999
ESTOCADO    ,RP,0.9655
ESTOCAPIO   ,RP,0.9999
ESTOESTA    ,RP,0.9742
ESTOLAS     ,RP,0.9998
ESTOMO      ,RP,0.9626
ESTONILO    ,RP,1
ESTOPARE    ,RP,0.9488
ESTOQUE     ,RP,1
ESTORES     ,RP,0.9664
ESTOY       ,RP,0.9993
ESTRELLADO  ,RP,0.9752
ESTRELLAS   ,RP,1
ESTRERA     ,RP,1
ESVER       ,RP,0.9973
ESWARAN     ,SAS,0.9646
ETH         ,CB,0.6536
ETO         ,JA,0.9283
ETOH        ,JA,0.6
ETRATA      ,RP,0.9725
EUGENIO     ,RP,0.7864
EULOGIO     ,RP,0.5325
EUM         ,XK,0.9921
EUN         ,XK,0.9873
EUNG        ,CB,0.8254
EUROPA      ,RP,0.7231
EUSANTOS    ,RP,0.9997
EUSEBIO     ,RP,0.5457
EUSTAQUIO   ,RP,0.7418
EVALLE      ,RP,1
EVANGELIO   ,RP,0.9412
EVANGELISTA ,RP,0.6066
EVASCO      ,RP,0.963
EVIA        ,RP,0.65
EVIDENTE    ,RP,1
EWE         ,MY,0.8943
EXCONDE     ,RP,1
EZAKI       ,JA,0.9999
EZAWA       ,JA,1
EZPELETA    ,RP,0.7634
EZZI        ,SAS,0.5987
FABABIER    ,RP,1
FABE        ,RP,0.5624
FABELLA     ,RP,0.9704
FABELLO     ,RP,0.9936
FABI        ,RP,0.559
FABIA       ,RP,0.9632
FABIANA     ,RP,0.9954
FABIE       ,RP,0.9156
FABILA      ,RP,0.5294
FABILLARAN  ,RP,1
FABIONAR    ,RP,0.9976
FABRICANTE  ,RP,1
FABRIGAS    ,RP,1
FABRO       ,RP,0.8698
FABROS      ,RP,0.9848
FABULA      ,RP,0.7076
FABUNAN     ,RP,1
FACELO      ,RP,1
FACTORA     ,RP,0.9998
FACUN       ,RP,1
FADIA       ,SAS,0.94
FAELDONEA   ,RP,1
FAELNAR     ,RP,1
FAGARAGAN   ,RP,0.9999
FAGARANG    ,RP,1
FAGEL       ,RP,0.6145
FAH         ,MY,0.554
FAHAD       ,SAS,0.6551
FAHEEM      ,SAS,0.7443
FAI         ,GCA,0.5238
FAIEZ       ,AF,0.8517
FAILANO     ,RP,0.9998
FAISAL      ,SAS,0.7367
FAIYAZ      ,SAS,0.7419
FAIZ        ,SAS,0.5789
FAIZAN      ,SAS,1
FAIZI       ,AF,0.5977
FAIZY       ,AF,0.64
FAJAYAN     ,RP,1
FAJOTA      ,RP,0.9994
FAJOTINA    ,RP,0.9999
FAKHRUDDIN  ,SAS,0.9474
FAKIR       ,SAS,0.5508
FAKIRI      ,AF,0.7097
FALAK       ,SAS,0.542
FALDU       ,SAS,1
FALLAR      ,RP,0.9822
FALLARME    ,RP,0.9999
FALLEJO     ,RP,1
FALLORINA   ,RP,1
FAMADOR     ,RP,0.9211
FAMILAR     ,RP,0.9971
FAMILARA    ,RP,1
FAMISAN     ,RP,1
FAMULARCANO ,RP,1
FAMY        ,RP,0.8889
FAN         ,GCA,0.9538
FANCHIANG   ,GCA,1
FANDIALAN   ,RP,1
FANER       ,RP,0.9456
FANG        ,GCA,0.9399
FANGON      ,RP,1
FANGONILO   ,RP,0.9999
FANTONE     ,RP,0.6474
FAQIRI      ,AF,1
FARAON      ,RP,0.9745
FARAZ       ,SAS,0.748
FARAZI      ,SAS,0.52
FAREED      ,SAS,0.6271
FAREN       ,RP,0.9099
FARGAS      ,RP,0.587
FARHANA     ,SAS,1
FARHEEN     ,SAS,1
FARIDI      ,SAS,0.6813
FARILLAS    ,RP,0.9015
FARIN       ,RP,0.6355
FARISHTA    ,SAS,1
FARMAH      ,SAS,0.5263
FARN        ,GCA,0.808
FARNE       ,RP,0.7393
FAROL       ,RP,0.9998
FAROOK      ,SAS,0.6074
FAROOKI     ,SAS,0.9373
FAROOQ      ,SAS,0.9254
FAROOQI     ,SAS,0.8785
FAROOQUE    ,SAS,0.9709
FAROOQUI    ,SAS,0.9157
FAROQUE     ,SAS,1
FARRALES    ,RP,1
FARRUKH     ,SAS,0.9491
FARUK       ,SAS,0.9091
FARUKI      ,SAS,0.9994
FARUQ       ,SAS,0.8967
FARUQI      ,SAS,0.8732
FARUQUE     ,SAS,0.9245
FARUQUI     ,SAS,0.9701
FARZANA     ,SAS,0.8786
FASIH       ,SAS,0.9143
FASSOTH     ,RP,0.9201
FATEMA      ,SAS,0.9757
FATHIMA     ,SAS,0.97
FATIMA      ,SAS,0.9749
FATIMAH     ,SAS,0.6136
FATMA       ,SAS,0.9362
FATMI       ,SAS,0.8312
FATT        ,MY,0.5611
FAUNI       ,RP,1
FAUSTINO    ,RP,0.5644
FAUZI       ,BIA,0.587
FAVIS       ,RP,1
FAVOR       ,RP,0.5167
FAWAD       ,SAS,0.8784
FAYAZ       ,SAS,0.6543
FAYLOGA     ,RP,0.9999
FAYYAZ      ,SAS,0.8974
FAZAL       ,SAS,0.7364
FAZIL       ,SAS,0.5086
FAZILI      ,SAS,0.9111
FAZLI       ,AF,0.5418
FEBRE       ,RP,0.795
FEDA        ,AF,0.5597
FEDAI       ,AF,0.862
FEDALIZO    ,RP,0.9991
FEDERIS     ,RP,1
FEDERIZO    ,RP,0.9998
FEI         ,GCA,0.9737
FEIR        ,RP,0.6109
FELARCA     ,RP,0.9997
FELICIA     ,RP,0.6443
FELICILDA   ,RP,0.9876
FELICITAS   ,RP,0.9781
FELIZARDO   ,RP,0.6133
FELLO       ,RP,0.5849
FEN         ,GCA,0.675
FENG        ,GCA,0.9739
FENIX       ,RP,0.736
FERAREN     ,RP,1
FERARO      ,RP,0.9994
FERDAUS     ,SAS,0.9286
FERDOUS     ,SAS,0.9459
FERDOUSI    ,SAS,0.9528
FERI        ,RP,0.8973
FERIDO      ,RP,1
FERIL       ,RP,0.9987
FERMA       ,RP,1
FERMIL      ,RP,0.9993
FERMO       ,RP,0.8289
FERNAN      ,RP,0.9829
FERNG       ,GCA,1
FERNIZ      ,RP,0.6036
FEROLINO    ,RP,1
FEROZ       ,SAS,0.8085
FEROZE      ,SAS,0.8053
FERRAREN    ,RP,1
FERRERIA    ,RP,0.7548
FESTEJO     ,RP,0.9999
FESTIN      ,RP,0.9999
FETALVERO   ,RP,0.9997
FIAZ        ,SAS,1
FIDAI       ,SAS,0.9298
FIDELINO    ,RP,1
FIDER       ,RP,0.6225
FIEL        ,RP,0.7902
FIESTA      ,RP,0.9999
FIGUERRES   ,RP,0.9998
FIGURACION  ,RP,0.9748
FILAMOR     ,RP,1
FILART      ,RP,1
FILIO       ,RP,0.8028
FILIPINAS   ,RP,1
FILLON      ,RP,0.533
FILOTEO     ,RP,0.9107
FINES       ,RP,0.5664
FINEZA      ,RP,1
FINONES     ,RP,1
FINULIAR    ,RP,0.9996
FIRDAUS     ,SAS,0.5732
FIRDOUS     ,SAS,0.96
FIRME       ,RP,0.8616
FIROZ       ,SAS,0.7407
FITTER      ,SAS,0.5469
FLANDEZ     ,RP,0.6491
FLARIS      ,RP,0.7178
FLAUTA      ,RP,0.9996
FLAVIANO    ,RP,1
FLOIRENDO   ,RP,0.9999
FLOJO       ,RP,0.9996
FLORDELIS   ,RP,1
FLORDELIZA  ,RP,1
FLORENDO    ,RP,0.9706
FLORESCA    ,RP,0.9472
FLORESTA    ,RP,0.6869
FLORIDA     ,RP,0.792
FLORITA     ,RP,0.9883
FLORO       ,RP,0.7129
FNU         ,SAS,0.5682
FOGATA      ,RP,0.9988
FOJAS       ,RP,0.9836
FOK         ,GCA,0.8826
FOLLOSCO    ,RP,0.9995
FONACIER    ,RP,1
FONBUENA    ,RP,0.9986
FONG        ,GCA,0.7092
FONSEKA     ,CE,0.9568
FONTANARES  ,RP,1
FONTANILLA  ,RP,0.9802
FONTANOS    ,RP,1
FONTANOZA   ,RP,0.9913
FONTECHA    ,RP,0.7835
FONTEJON    ,RP,0.9997
FONTELERA   ,RP,1
FONTILLAS   ,RP,0.9748
FONTIMAYOR  ,RP,0.8372
FOONG       ,MY,0.7918
FORDAN      ,RP,0.999
FORES       ,RP,0.6122
FORMENTO    ,RP,0.6792
FORONDA     ,RP,0.7432
FORTALEZA   ,RP,1
FORTEZ      ,RP,0.9981
FORTICH     ,RP,0.5286
FORTUNO     ,RP,0.8498
FORTUS      ,RP,0.6659
FOS         ,RP,0.6603
FOTEDAR     ,SAS,1
FOZ         ,RP,0.8406
FRADEJAS    ,RP,0.9987
FRAGO       ,RP,0.657
FRAN        ,RP,0.9699
FRANADA     ,RP,1
FRANCISCO   ,RP,0.5098
FRANDO      ,RP,0.9965
FRANI       ,RP,0.9041
FRANSZ      ,BIA,0.5528
FREDELUCES  ,RP,1
FRIAL       ,RP,1
FRIANEZA    ,RP,1
FRIGILLANA  ,RP,0.9464
FRIJAS      ,RP,0.9024
FRILLES     ,RP,0.8857
FRIO        ,RP,0.6929
FROGOZO     ,RP,1
FROILAN     ,RP,0.6496
FRONDA      ,RP,0.9528
FRONDARINA  ,RP,0.976
FRONTERAS   ,RP,0.9997
FRUCTUOSO   ,RP,0.549
FRUTO       ,RP,0.581
FU          ,GCA,0.9433
FUA         ,RP,0.7515
FUCANAN     ,RP,0.9997
FUCHIGAMI   ,JA,0.9653
FUCHINO     ,JA,0.9832
FUENTEBELLA ,RP,1
FUENTECILLA ,RP,0.8116
FUERTEZ     ,RP,1
FUH         ,GCA,0.8406
FUJI        ,JA,0.9732
FUJIBAYASHI ,JA,0.9999
FUJIE       ,JA,1
FUJIEDA     ,JA,1
FUJIHARA    ,JA,0.9077
FUJIHIRA    ,JA,0.8525
FUJII       ,JA,0.9616
FUJIKAWA    ,JA,0.9698
FUJIKI      ,JA,1
FUJIKURA    ,JA,1
FUJIMAKI    ,JA,0.9504
FUJIMORI    ,JA,0.9717
FUJIMOTO    ,JA,0.9325
FUJIMURA    ,JA,0.9925
FUJINAGA    ,JA,0.9762
FUJINAKA    ,JA,0.7152
FUJINAMI    ,JA,0.9986
FUJINO      ,JA,0.973
FUJIO       ,JA,0.9998
FUJIOKA     ,JA,0.9494
FUJISAKA    ,JA,0.9201
FUJISAKI    ,JA,0.9858
FUJISAWA    ,JA,0.9884
FUJISE      ,JA,0.9998
FUJISHIGE   ,JA,0.7689
FUJISHIMA   ,JA,0.9752
FUJISHIRO   ,JA,1
FUJITA      ,JA,0.9572
FUJITANI    ,JA,0.9809
FUJIU       ,JA,0.9997
FUJIWARA    ,JA,0.9585
FUJIYAMA    ,JA,0.9998
FUJIYOSHI   ,JA,0.9999
FUKADA      ,JA,0.9669
FUKAGAWA    ,JA,0.9999
FUKAI       ,JA,0.9706
FUKAMACHI   ,JA,1
FUKAMI      ,JA,1
FUKANO      ,JA,0.9981
FUKAO       ,JA,1
FUKASAWA    ,JA,0.9847
FUKASE      ,JA,1
FUKATA      ,JA,1
FUKATSU     ,JA,1
FUKAWA      ,JA,0.9995
FUKAYA      ,JA,1
FUKAYAMA    ,JA,1
FUKAZAWA    ,JA,0.9721
FUKE        ,JA,0.8659
FUKINO      ,JA,0.9402
FUKUCHI     ,JA,1
FUKUDA      ,JA,0.948
FUKUDOME    ,JA,1
FUKUHARA    ,JA,0.964
FUKUI       ,JA,0.977
FUKUMA      ,JA,1
FUKUMITSU   ,JA,0.8836
FUKUMORI    ,JA,0.961
FUKUMOTO    ,JA,0.9197
FUKUMURA    ,JA,1
FUKUNAGA    ,JA,0.9451
FUKUOKA     ,JA,0.9873
FUKUSHI     ,JA,1
FUKUSHIMA   ,JA,0.9447
FUKUTA      ,JA,1
FUKUTANI    ,JA,1
FUKUTOMI    ,JA,0.9991
FUKUYA      ,JA,0.9999
FUKUYAMA    ,JA,0.9649
FUKUZAKI    ,JA,1
FUKUZAWA    ,JA,1
FULAY       ,RP,0.7273
FULE        ,RP,0.8947
FULGADO     ,RP,1
FULGUERAS   ,RP,1
FULINARA    ,RP,0.9999
FULLON      ,RP,0.9983
FUMAR       ,RP,0.9998
FUN         ,GCA,0.5977
FUNA        ,RP,0.9909
FUNABASHI   ,JA,1
FUNADA      ,JA,1
FUNAHASHI   ,JA,1
FUNAI       ,JA,0.7248
FUNAKI      ,JA,0.6723
FUNAKOSHI   ,JA,0.9545
FUNASAKI    ,JA,0.8025
FUNATO      ,JA,1
FUNATSU     ,JA,1
FUNAYAMA    ,JA,1
FUNE        ,RP,0.8333
FUNG        ,GCA,0.822
FUNIESTAS   ,RP,1
FUNTANILLA  ,RP,0.9998
FUNTILA     ,RP,0.9999
FURIHATA    ,JA,1
FURQAN      ,SAS,0.9159
FURUBAYASHI ,JA,0.9988
FURUHASHI   ,JA,1
FURUHATA    ,JA,1
FURUI       ,JA,1
FURUICHI    ,JA,1
FURUKAWA    ,JA,0.9574
FURUKI      ,JA,1
FURUMOTO    ,JA,0.9927
FURUNO      ,JA,1
FURUSAWA    ,JA,0.9877
FURUSE      ,JA,1
FURUSHO     ,JA,0.9195
FURUTA      ,JA,0.9802
FURUTANI    ,JA,0.9253
FURUYA      ,JA,0.9691
FURUYAMA    ,JA,0.9992
FUSE        ,JA,0.9487
FUSHIMI     ,JA,0.9748
FUSILERO    ,RP,1
FUTAGAMI    ,JA,1
FUTAMI      ,JA,1
FUTAMURA    ,JA,1
FUWA        ,JA,0.9149
GA          ,RP,0.5185
GAA         ,RP,0.6476
GAAS        ,RP,0.5561
GABAGAT     ,RP,1
GABALES     ,RP,0.906
GABAN       ,MY,0.7238
GABANI      ,SAS,0.9118
GABAT       ,RP,1
GABAYAN     ,RP,0.5867
GABIOLA     ,RP,0.8104
GABION      ,RP,0.9984
GABIS       ,RP,0.6973
GABO        ,RP,0.7115
GABON       ,RP,0.9101
GABONIA     ,RP,0.9651
GABORNO     ,RP,0.996
GABOT       ,RP,0.6348
GABRIANA    ,RP,1
GABRILLO    ,RP,0.9999
GABUAT      ,RP,0.9994
GABUYA      ,RP,1
GACAD       ,RP,1
GACAYAN     ,RP,0.9994
GACETA      ,RP,0.9999
GACHO       ,RP,1
GACO        ,RP,0.7207
GACULA      ,RP,1
GACUSAN     ,RP,1
GACUTAN     ,RP,0.9998
GACUYA      ,RP,0.9302
GADA        ,SAS,0.8415
GADAM       ,SAS,1
GADAMSETTY  ,SAS,1
GADANI      ,SAS,1
GADDAM      ,SAS,1
GADDE       ,SAS,1
GADDI       ,RP,0.8118
GADDIPATI   ,SAS,1
GADE        ,SAS,0.8019
GADEPALLI   ,SAS,1
GADGIL      ,SAS,0.9828
GADH        ,SAS,1
GADHIA      ,SAS,0.9346
GADHIYA     ,SAS,1
GADI        ,SAS,0.6395
GADIA       ,RP,0.8106
GADIANO     ,RP,1
GADINGAN    ,RP,1
GADIRAJU    ,SAS,1
GADKARI     ,SAS,1
GADON       ,RP,0.8493
GADOR       ,RP,0.8605
GADRE       ,SAS,1
GADWAL      ,SAS,1
GAELA       ,RP,1
GAERLAN     ,RP,1
GAETOS      ,RP,1
GAFFAR      ,SAS,0.729
GAFFUD      ,RP,1
GAGARIN     ,RP,0.8731
GAGLANI     ,SAS,1
GAGNI       ,RP,1
GAGUI       ,RP,1
GAHLOT      ,SAS,1
GAHOL       ,RP,1
GAHUNIA     ,SAS,0.678
GAIKWAD     ,SAS,1
GAILANI     ,AF,0.6977
GAIRE       ,NP,0.909
GAIROLA     ,SAS,1
GAITE       ,RP,0.9265
GAITONDE    ,SAS,1
GAJE        ,RP,0.8462
GAJENDRAN   ,SAS,1
GAJERA      ,SAS,1
GAJIWALA    ,SAS,0.85
GAJJALA     ,SAS,1
GAJJAR      ,SAS,0.913
GAJJELA     ,SAS,1
GAJMER      ,BT,0.6739
GAJO        ,RP,0.8889
GAJULA      ,SAS,1
GAJUREL     ,NP,0.64
GAJWANI     ,SAS,1
GAKHAL      ,SAS,0.8888
GALA        ,SAS,0.6188
GALACE      ,RP,1
GALACGAC    ,RP,0.9998
GALAM       ,RP,0.76
GALAMAY     ,RP,0.9999
GALAMGAM    ,RP,1
GALANG      ,RP,0.985
GALANI      ,SAS,0.6667
GALANO      ,RP,0.5361
GALANTO     ,RP,0.9993
GALAPIA     ,RP,0.9895
GALAPON     ,RP,1
GALARIO     ,RP,0.9999
GALARPE     ,RP,0.9999
GALASINAO   ,RP,0.9993
GALBADORES  ,RP,0.9993
GALDIANO    ,RP,0.9848
GALDONES    ,RP,0.9967
GALEMA      ,RP,0.721
GALENDEZ    ,RP,0.95
GALEON      ,RP,1
GALEOS      ,RP,0.8461
GALERA      ,RP,0.5827
GALGANA     ,RP,0.9992
GALHOTRA    ,SAS,0.8919
GALIA       ,RP,0.5651
GALIAN      ,RP,0.5314
GALIAS      ,RP,0.8042
GALICHA     ,RP,1
GALICINAO   ,RP,0.9998
GALIDO      ,RP,1
GALIMA      ,RP,0.9993
GALIMBA     ,RP,0.9986
GALINATO    ,RP,1
GALING      ,RP,0.9984
GALINO      ,RP,0.8133
GALISTE     ,RP,0.9546
GALIT       ,RP,0.9511
GALIZA      ,RP,0.9802
GALLANO     ,RP,0.9997
GALLANOSA   ,RP,0.9996
GALLARDE    ,RP,0.993
GALLERO     ,RP,0.6832
GALLETA     ,RP,0.8571
GALLETES    ,RP,0.8973
GALLIGUEZ   ,RP,1
GALMAN      ,RP,0.992
GALON       ,RP,0.6488
GALOPE      ,RP,0.9992
GALSIM      ,RP,1
GALURA      ,RP,0.9814
GALUTERA    ,RP,1
GALUTIRA    ,RP,0.9998
GALVANTE    ,RP,0.9996
GALVE       ,RP,0.8936
GALZOTE     ,RP,1
GAMAD       ,RP,0.9111
GAMADIA     ,SAS,0.9464
GAMAGE      ,CE,0.7506
GAMALINDA   ,RP,1
GAMALLO     ,RP,0.625
GAMATERO    ,RP,1
GAMAYO      ,RP,0.7229
GAMAYON     ,RP,1
GAMBHIR     ,SAS,0.9562
GAMBITO     ,RP,0.9999
GAMBOL      ,RP,0.9333
GAMBON      ,RP,0.7453
GAMI        ,SAS,0.8718
GAMIAO      ,RP,1
GAMILLA     ,RP,1
GAMIS       ,RP,0.6998
GAMIT       ,RP,0.9186
GAMMAD      ,RP,1
GAMO        ,RP,0.5985
GAMORAS     ,RP,0.9984
GAMPA       ,SAS,1
GAMPON      ,RP,0.9992
GAMPONIA    ,RP,0.9957
GAMUEDA     ,RP,0.9999
GAMULO      ,RP,0.9977
GANABAN     ,RP,0.9998
GANAC       ,RP,1
GANACIAS    ,RP,0.9999
GANADEN     ,RP,0.9992
GANAL       ,RP,1
GANANCIAL   ,RP,0.9651
GANAPATHI   ,SAS,1
GANAPATHIRAJ,SAS,1
GANAPATHY   ,SAS,0.9671
GANATRA     ,SAS,0.7672
GANBAATAR   ,MG,0.9708
GANBAT      ,MG,0.9623
GANBOLD     ,MG,0.9623
GANCAYCO    ,RP,0.999
GANDE       ,SAS,1
GANDEZA     ,RP,0.9648
GANDHAM     ,SAS,0.9862
GANDHE      ,SAS,1
GANDHI      ,SAS,0.9442
GANDI       ,SAS,0.9048
GANDIA      ,RP,0.7378
GANDIKOTA   ,SAS,1
GANDIONCO   ,RP,1
GANDLA      ,SAS,1
GANDOTRA    ,SAS,1
GANDRA      ,SAS,0.8095
GANDRE      ,SAS,0.7961
GANEKO      ,JA,0.9885
GANESAN     ,SAS,0.9538
GANESH      ,SAS,0.5667
GANESHAN    ,SAS,0.8
GANESHKUMAR ,SAS,0.8888
GANG        ,XK,0.6012
GANGADHAR   ,SAS,0.8281
GANGADHARAN ,SAS,0.9746
GANGAL      ,SAS,0.96
GANGAR      ,SAS,0.8413
GANGARAJU   ,SAS,1
GANGASANI   ,SAS,1
GANGAVARAPU ,SAS,1
GANGIDI     ,SAS,1
GANGIREDDY  ,SAS,1
GANGISETTY  ,SAS,1
GANGOPADHYAY,SAS,1
GANGULA     ,SAS,0.9487
GANGULI     ,SAS,0.9322
GANGULY     ,SAS,0.9842
GANGWAL     ,SAS,1
GANGWANI    ,SAS,1
GANGWAR     ,SAS,1
GANIA       ,RP,0.9999
GANIBAN     ,RP,0.9999
GANIGAN     ,RP,0.9911
GANIO       ,RP,0.8513
GANIR       ,RP,0.9995
GANIRON     ,RP,0.9963
GANITANO    ,RP,1
GANJI       ,SAS,0.5599
GANJOO      ,SAS,0.9538
GANJU       ,SAS,0.9659
GANKHUYAG   ,MG,0.961
GANNE       ,SAS,0.7115
GANNI       ,SAS,0.8303
GANOTISI    ,RP,1
GANSUKH     ,MG,0.931
GANTA       ,SAS,0.983
GANTALA     ,RP,0.9979
GANTAN      ,RP,0.9994
GANTI       ,SAS,0.9799
GANTUMUR    ,MG,1
GANU        ,SAS,0.6667
GANUELAS    ,RP,0.9437
GANZA       ,RP,0.783
GANZON      ,RP,1
GANZORIG    ,MG,0.9997
GAO         ,GCA,0.9893
GAOAT       ,RP,1
GAOIRAN     ,RP,0.9998
GAONKAR     ,SAS,1
GAOR        ,RP,0.9998
GAPAS       ,RP,1
GAPASIN     ,RP,0.975
GAPAY       ,RP,0.9984
GAPOL       ,RP,0.9303
GAPULTOS    ,RP,0.9999
GAPUSAN     ,RP,0.9991
GAPUZ       ,RP,0.9747
GARABATO    ,RP,0.8618
GARACH      ,SAS,0.7741
GARALDE     ,RP,0.9645
GARAN       ,RP,0.536
GARANA      ,RP,0.6176
GARAPATI    ,SAS,1
GARBES      ,RP,0.662
GARCELLANO  ,RP,1
GARCERA     ,RP,0.88
GARCHA      ,SAS,0.8304
GARCHITORENA,RP,0.932
GARCIANO    ,RP,0.9998
GARDE       ,RP,0.5516
GARDEZI     ,SAS,0.7535
GARDIZI     ,AF,1
GARDON      ,RP,0.5084
GARDUQUE    ,RP,1
GAREWAL     ,SAS,0.8339
GARFIN      ,RP,0.7514
GARG        ,SAS,0.9827
GARGANERA   ,RP,1
GARGANTA    ,RP,0.6497
GARGANTIEL  ,RP,1
GARGARITA   ,RP,0.6333
GARIANDO    ,RP,0.9999
GARIKAPATI  ,SAS,1
GARIKIPATI  ,SAS,1
GARIMELLA   ,SAS,1
GARING      ,RP,0.7923
GARINGAN    ,RP,1
GARINGO     ,RP,1
GARLA       ,SAS,0.8615
GARLAN      ,RP,0.9592
GARLAPATI   ,SAS,1
GARLEJO     ,RP,0.9998
GARLIT      ,RP,0.9979
GARLITOS    ,RP,0.9999
GARMA       ,RP,0.7791
GARNACE     ,RP,1
GARONG      ,RP,1
GARRE       ,SAS,0.527
GARROVILLAS ,RP,1
GARUD       ,SAS,1
GARVIDA     ,RP,1
GASMEN      ,RP,1
GASMIN      ,RP,1
GASTROCK    ,RP,0.6855
GATA        ,RP,0.5882
GATAN       ,RP,1
GATBONTON   ,RP,0.9769
GATCHALIAN  ,RP,1
GATDULA     ,RP,0.9889
GATERS      ,RP,0.6536
GATLA       ,SAS,0.8947
GATMAITAN   ,RP,0.9838
GATMEN      ,RP,1
GATPANDAN   ,RP,1
GATTU       ,SAS,0.9452
GATUS       ,RP,1
GAU         ,GCA,0.6404
GAUBA       ,SAS,1
GAUCHAN     ,NP,0.9579
GAUDIA      ,RP,0.9963
GAUDIER     ,RP,0.9992
GAUR        ,SAS,0.9851
GAURAV      ,SAS,1
GAURI       ,SAS,0.8883
GAUTAMA     ,BIA,0.7234
GAVANKAR    ,SAS,1
GAVIERES    ,RP,0.8459
GAVINI      ,SAS,0.8981
GAVINO      ,RP,0.607
GAVIOLA     ,RP,0.9593
GAWADE      ,SAS,1
GAWANDE     ,SAS,1
GAWARAN     ,RP,1
GAWAT       ,RP,0.9999
GAWDE       ,SAS,1
GAYAGOY     ,RP,1
GAYAM       ,SAS,1
GAYEN       ,SAS,0.8696
GAYO        ,RP,0.7583
GAYON       ,RP,0.5182
GAZA        ,RP,0.8942
GAZI        ,SAS,0.7934
GAZIANI     ,SAS,0.931
GAZMEN      ,RP,1
GAZULA      ,SAS,1
GC          ,NP,1
GE          ,GCA,0.9798
GEDDAM      ,SAS,1
GEDELA      ,SAS,1
GEEVARGHESE ,SAS,1
GEHANI      ,SAS,1
GEHLOT      ,SAS,1
GELACIO     ,RP,0.7775
GELERA      ,RP,1
GELI        ,RP,0.8749
GELIA       ,RP,0.9201
GELLA       ,RP,0.8897
GELLI       ,SAS,0.7737
GELUZ       ,RP,0.9999
GELVEZON    ,RP,1
GEMINA      ,RP,1
GEMINIANO   ,RP,0.7222
GEMINO      ,RP,0.9941
GEMO        ,RP,0.8141
GEMORA      ,RP,0.9999
GENATO      ,RP,1
GENER       ,RP,0.5318
GENERALAO   ,RP,0.9023
GENEROSO    ,RP,0.721
GENESE      ,RP,0.8957
GENETIANO   ,RP,0.9998
GENG        ,GCA,0.9303
GENIO       ,RP,0.8039
GENIZA      ,RP,1
GENOVE      ,RP,1
GENUINO     ,RP,1
GEONZON     ,RP,1
GEORGEKUTTY ,SAS,1
GER         ,GCA,0.5417
GERA        ,SAS,0.688
GERALDE     ,RP,0.8844
GERALI      ,RP,0.844
GERMINO     ,RP,0.8948
GERMONO     ,RP,0.9966
GERNALE     ,RP,1
GERODIAS    ,RP,1
GEROLA      ,RP,0.6536
GEROLAGA    ,RP,0.9437
GERONA      ,RP,0.9832
GERONILLA   ,RP,0.9999
GERONIMO    ,RP,0.6458
GERVACIO    ,RP,0.5423
GESLANI     ,RP,0.9999
GESMUNDO    ,RP,0.9235
GHADIALI    ,SAS,0.9634
GHAFARY     ,AF,0.5999
GHAFFAR     ,SAS,0.9243
GHAFOOR     ,SAS,0.8251
GHAFOORI    ,AF,0.6057
GHAG        ,SAS,0.883
GHAI        ,SAS,0.9412
GHALE       ,NP,0.7521
GHALEY      ,BT,0.6978
GHALLEY     ,BT,0.7009
GHANCHI     ,SAS,1
GHANDHI     ,SAS,0.999
GHANEKAR    ,SAS,1
GHANI       ,SAS,0.698
GHANTA      ,SAS,1
GHANTASALA  ,SAS,1
GHARAT      ,SAS,1
GHARIA      ,SAS,1
GHARPURE    ,SAS,1
GHATAK      ,SAS,0.967
GHATE       ,SAS,0.9244
GHAURI      ,SAS,0.9855
GHAUS       ,SAS,0.7954
GHAYAL      ,SAS,0.7143
GHAZANFAR   ,SAS,0.8716
GHAZIANI    ,SAS,0.5278
GHAZNAVI    ,SAS,0.7152
GHEEWALA    ,SAS,0.986
GHEI        ,SAS,1
GHELANI     ,SAS,0.9419
GHETIA      ,SAS,1
GHIA        ,SAS,0.909
GHIAS       ,SAS,0.7736
GHIM        ,XK,1
GHIMIRAY    ,BT,0.5769
GHIMIRE     ,NP,0.7739
GHIMIREY    ,BT,0.6502
GHISING     ,NP,0.5893
GHIYA       ,SAS,1
GHODASARA   ,SAS,1
GHODKE      ,SAS,1
GHOMAN      ,SAS,0.9231
GHORI       ,SAS,0.9761
GHORPADE    ,SAS,1
GHOSAL      ,SAS,0.9478
GHOSE       ,SAS,0.9762
GHOSH       ,SAS,0.9602
GHOSHAL     ,SAS,0.9826
GHOSHDASTID ,SAS,1
GHOTRA      ,SAS,0.9792
GHOURI      ,SAS,0.9605
GHOUS       ,SAS,0.7843
GHOUSE      ,SAS,0.8965
GHULAM      ,SAS,0.5753
GHULAMALI   ,SAS,0.5957
GHUMAN      ,SAS,0.9224
GHUMMAN     ,SAS,0.9626
GI          ,XK,0.6397
GIA         ,VM,0.8026
GIAM        ,SN,0.5806
GIAN        ,VM,0.7707
GIANAN      ,RP,1
GIANCHANDANI,SAS,1
GIANG       ,VM,0.9065
GIAO        ,VM,0.8977
GIAP        ,VM,1
GIBO        ,JA,0.6388
GICA        ,RP,1
GIDDA       ,SAS,0.8551
GIDO        ,RP,0.7062
GIDWANI     ,SAS,0.8894
GIENG       ,VM,1
GILANI      ,SAS,0.8214
GILBUENA    ,RP,0.9997
GILL        ,SAS,0.5295
GILLA       ,SAS,0.5486
GILLANI     ,SAS,0.8479
GILLEGO     ,RP,1
GILLO       ,RP,0.6209
GILO        ,RP,0.5376
GIM         ,XK,0.9578
GIMA        ,JA,0.5052
GIMENA      ,RP,1
GIN         ,GCA,0.6851
GINES       ,RP,0.622
GINETE      ,RP,1
GINJUPALLI  ,SAS,1
GINOZA      ,JA,0.5846
GINTING     ,BIA,0.8701
GIP         ,VM,0.9377
GIPAYA      ,RP,0.9954
GIRAN       ,SAS,0.9661
GIRDHAR     ,SAS,0.9355
GIRIDHAR    ,SAS,1
GIRIDHARAN  ,SAS,0.9999
GIRISH      ,SAS,0.9979
GIRN        ,SAS,0.7419
GITE        ,SAS,0.9625
GLINOGA     ,RP,1
GLORIANI    ,RP,1
GLORY       ,RP,0.6506
GLOVA       ,RP,0.6258
GNANASEKARAN,SAS,0.97
GO          ,RP,0.7312
GOBAR       ,AF,0.8012
GOCE        ,RP,0.8519
GOCHUICO    ,RP,1
GOCO        ,RP,0.9793
GOCONG      ,RP,1
GODA        ,JA,0.5783
GODAVARTHI  ,SAS,1
GODAVARTHY  ,SAS,1
GODBOLE     ,SAS,0.991
GODHANI     ,SAS,0.8333
GODHWANI    ,SAS,1
GODIL       ,SAS,1
GODSE       ,SAS,1
GODUCO      ,RP,1
GOEI        ,BIA,0.7866
GOEL        ,SAS,0.9534
GOENAWAN    ,BIA,1
GOENKA      ,SAS,0.9816
GOGATE      ,SAS,1
GOGIA       ,SAS,0.9672
GOGINENI    ,SAS,1
GOGNA       ,SAS,0.9171
GOGOI       ,SAS,1
GOGULA      ,SAS,1
GOHARA      ,JA,0.8158
GOHEL       ,SAS,0.9507
GOHIL       ,SAS,0.8139
GOKAL       ,SAS,0.6761
GOKARAJU    ,SAS,1
GOKHALE     ,SAS,0.9719
GOKUL       ,SAS,0.5397
GOLANI      ,SAS,0.5312
GOLE        ,SAS,0.5622
GOLEZ       ,RP,1
GOLFO       ,RP,0.7038
GOLI        ,SAS,0.882
GOLIAT      ,RP,0.793
GOLLA       ,SAS,0.6136
GOLLAKOTA   ,SAS,1
GOLLAMUDI   ,SAS,1
GOLLAPALLI  ,SAS,1
GOLLAPUDI   ,SAS,1
GOLLEN      ,SAS,0.9636
GOLTIAO     ,RP,0.9949
GOMBER      ,SAS,0.6452
GOMBIO      ,RP,1
GOMI        ,JA,1
GOMILLA     ,RP,0.9347
GONA        ,SAS,0.8846
GONDAL      ,SAS,1
GONDALIA    ,SAS,1
GONDHALEKAR ,SAS,1
GONDI       ,SAS,0.9518
GONDO       ,JA,0.6667
GONG        ,GCA,0.9304
GONGON      ,RP,0.9452
GONONG      ,RP,1
GONUGUNTLA  ,SAS,1
GONZAGA     ,RP,0.675
GONZALVES   ,RP,0.5986
GONZALVO    ,RP,0.7812
GOO         ,XK,0.5933
GOON        ,GCA,0.7024
GOONDALL    ,SAS,1
GOONERATNE  ,CE,0.9024
GOONETILLEKE,CE,0.9411
GOONEWARDENE,CE,0.8974
GOPAKUMAR   ,SAS,1
GOPAL       ,SAS,0.8277
GOPALAKRISHN,SAS,0.9875
GOPALAN     ,SAS,0.9661
GOPALANI    ,SAS,1
GOPALASWAMY ,SAS,1
GOPALKRISHNA,SAS,1
GOPALSAMY   ,SAS,1
GOPARAJU    ,SAS,1
GOPE        ,SAS,1
GOPEZ       ,RP,1
GOPI        ,SAS,0.7049
GOPINATH    ,SAS,0.9811
GOPINATHAN  ,SAS,1
GOPIREDDY   ,SAS,1
GOPISETTY   ,SAS,1
GOPU        ,SAS,1
GOR         ,SAS,0.5702
GORADIA     ,SAS,0.9842
GORAI       ,SAS,0.6741
GORANTLA    ,SAS,1
GORAYA      ,SAS,0.9875
GORDE       ,SAS,0.9162
GORGONIO    ,RP,0.593
GORLA       ,SAS,0.8071
GORLE       ,SAS,0.9996
GOROSPE     ,RP,0.9533
GOROSTIZA   ,RP,0.5633
GOROZA      ,RP,0.9986
GORREPATI   ,SAS,1
GORRES      ,RP,0.7256
GORSI       ,SAS,0.9998
GORTHI      ,SAS,1
GORTHY      ,SAS,0.9437
GORTI       ,SAS,1
GOSAI       ,SAS,0.5587
GOSAIN      ,SAS,0.907
GOSAL       ,SAS,0.7766
GOSALIA     ,SAS,1
GOSAR       ,SAS,0.9067
GOSAVI      ,SAS,1
GOSHI       ,JA,0.832
GOSHIMA     ,JA,1
GOSLA       ,SAS,0.9655
GOSWAMI     ,SAS,0.9798
GOSWAMY     ,SAS,1
GOTAUCO     ,RP,0.9988
GOTETI      ,SAS,1
GOTICO      ,RP,0.9999
GOTO        ,JA,0.9534
GOTOH       ,JA,1
GOTTIMUKKALA,SAS,1
GOTTIPATI   ,SAS,1
GOTTUMUKKALA,SAS,1
GOU         ,GCA,0.9422
GOUD        ,SAS,0.9191
GOUDAR      ,SAS,1
GOUR        ,SAS,0.6882
GOUW        ,BIA,0.823
GOV         ,CB,0.8302
GOVADA      ,SAS,1
GOVANI      ,SAS,0.8406
GOVEKAR     ,SAS,0.965
GOVIL       ,SAS,0.9624
GOVIND      ,SAS,0.6071
GOVINDAN    ,SAS,0.9089
GOVINDARAJ  ,SAS,1
GOVINDARAJAN,SAS,1
GOVINDARAJU ,SAS,0.9643
GOVINDARAJUL,SAS,1
GOVINDASAMY ,SAS,0.7644
GOVINDASWAMY,SAS,1
GOVINDU     ,SAS,0.9219
GOWANI      ,SAS,0.9519
GOWDA       ,SAS,0.9766
GOWRISHANKAR,SAS,1
GOYAL       ,SAS,0.9749
GOYENA      ,RP,0.9422
GOZAL       ,BIA,0.6098
GOZALI      ,BIA,0.7956
GOZAR       ,RP,0.9483
GOZE        ,RP,0.7524
GOZO        ,RP,0.8
GOZON       ,RP,0.9149
GOZUM       ,RP,0.9577
GOZUN       ,RP,0.9388
GRAGASIN    ,RP,1
GRAJO       ,RP,1
GRAMATA     ,RP,0.5331
GRANADOSIN  ,RP,1
GRANDHI     ,SAS,1
GRAPA       ,RP,0.5184
GRAVADOR    ,RP,1
GRECIA      ,RP,0.8132
GREGORIO    ,RP,0.5865
GREGORIOS   ,RP,0.9997
GREPO       ,RP,0.9324
GREWAL      ,SAS,0.8944
GRINO       ,RP,0.9524
GROSPE      ,RP,0.9999
GROYON      ,RP,0.9998
GRUEZO      ,RP,0.8947
GRUSPE      ,RP,1
GRUTA       ,RP,1
GU          ,GCA,0.9468
GUADIZ      ,RP,0.9995
GUALBERTO   ,RP,0.6635
GUAN        ,GCA,0.9704
GUANCO      ,RP,0.9024
GUANG       ,GCA,0.9271
GUANGA      ,RP,0.6436
GUANIO      ,RP,0.9483
GUANLAO     ,RP,1
GUANSING    ,RP,1
GUANZON     ,RP,1
GUARDIANO   ,RP,0.8833
GUBA        ,RP,0.5029
GUBALLA     ,RP,1
GUBAN       ,RP,0.9991
GUBATAN     ,RP,0.9996
GUBBA       ,SAS,0.9996
GUBBALA     ,SAS,1
GUBBI       ,SAS,1
GUBISCH     ,RP,0.9876
GUCE        ,RP,0.8835
GUDA        ,SAS,0.7095
GUDALA      ,SAS,0.8864
GUDAPATI    ,SAS,1
GUDAVALLI   ,SAS,1
GUDDETI     ,SAS,1
GUDI        ,SAS,1
GUDIMETLA   ,SAS,1
GUDIPATI    ,SAS,1
GUDIPUDI    ,SAS,1
GUDIVADA    ,SAS,1
GUDLA       ,SAS,1
GUDOY       ,RP,1
GUDUR       ,SAS,1
GUDURI      ,SAS,1
GUDURU      ,SAS,1
GUECO       ,RP,1
GUEN        ,XK,0.6004
GUERPO      ,RP,0.8275
GUERZON     ,RP,0.9718
GUESE       ,RP,0.9484
GUEVARRA    ,RP,0.9549
GUEY        ,GCA,0.675
GUGLANI     ,SAS,1
GUH         ,GCA,0.9516
GUHA        ,SAS,0.9535
GUI         ,GCA,0.8333
GUIAB       ,RP,0.9999
GUIAM       ,RP,0.9333
GUIANG      ,RP,0.99
GUIAO       ,RP,0.9619
GUICO       ,RP,1
GUIEB       ,RP,0.9856
GUILAS      ,RP,1
GUILING     ,RP,0.7654
GUILLERGAN  ,RP,1
GUILLERMO   ,RP,0.6615
GUINA       ,RP,0.774
GUINGAB     ,RP,1
GUINOO      ,RP,0.9999
GUINTO      ,RP,0.9535
GUINTU      ,RP,1
GUIRA       ,RP,0.7973
GUIRAO      ,RP,0.5786
GUIRIBA     ,RP,1
GUIRNALDA   ,RP,1
GUISON      ,RP,0.9993
GUITTAP     ,RP,0.9999
GUJAR       ,SAS,1
GUJARATHI   ,SAS,1
GUJJA       ,SAS,1
GUJJAR      ,SAS,1
GUJJULA     ,SAS,1
GUJRAL      ,SAS,0.9472
GUL         ,SAS,0.5793
GULAB       ,SAS,0.7856
GULAM       ,SAS,0.5758
GULAMALI    ,SAS,0.7187
GULAPA      ,RP,1
GULAR       ,RP,0.8275
GULATI      ,SAS,0.9183
GULERIA     ,SAS,1
GULIA       ,SAS,0.8896
GULIANI     ,SAS,0.921
GULLAPALLI  ,SAS,1
GULLE       ,RP,0.6816
GULMATICO   ,RP,0.95
GULOY       ,RP,1
GULRAJANI   ,SAS,0.9624
GULSHAN     ,SAS,1
GULTOM      ,BIA,0.9
GULZAR      ,SAS,0.97
GUMABON     ,RP,1
GUMAPAC     ,RP,0.9998
GUMAPAS     ,RP,0.9999
GUMASTE     ,SAS,1
GUMAYAGAY   ,RP,1
GUMBA       ,RP,0.9999
GUMBAN      ,RP,1
GUMBAYAN    ,RP,0.9985
GUMBER      ,SAS,0.897
GUMBOC      ,RP,1
GUMIN       ,RP,0.7716
GUMIRAN     ,RP,1
GUMMADI     ,SAS,1
GUMPAL      ,RP,1
GUMTANG     ,RP,1
GUNABE      ,RP,1
GUNADI      ,BIA,0.8852
GUNARATNA   ,CE,1
GUNARATNAM  ,CE,0.7714
GUNARATNE   ,CE,0.8906
GUNASEELAN  ,SAS,0.8727
GUNASEKARA  ,CE,0.9652
GUNASEKARAN ,SAS,1
GUNASEKERA  ,CE,0.8596
GUNAWAN     ,BIA,0.8758
GUNAWARDANA ,CE,0.9048
GUNAWARDENA ,CE,0.8659
GUNDA       ,SAS,0.9082
GUNDALA     ,SAS,1
GUNDAPANENI ,SAS,1
GUNDAYAO    ,RP,1
GUNDE       ,SAS,0.7505
GUNDIMEDA   ,SAS,1
GUNDLAPALLI ,SAS,1
GUNDRAN     ,RP,0.9999
GUNDU       ,SAS,0.9691
GUNG        ,GCA,0.9024
GUNGON      ,RP,1
GUNIO       ,RP,0.9275
GUNJA       ,SAS,0.997
GUNJI       ,JA,0.8889
GUNNA       ,SAS,1
GUNNAM      ,SAS,1
GUNTA       ,SAS,0.8997
GUNTAKA     ,SAS,1
GUNTI       ,SAS,1
GUNTUPALLI  ,SAS,1
GUNTUR      ,SAS,0.8532
GUNTURI     ,SAS,1
GUNTURU     ,SAS,1
GUNUKULA    ,SAS,1
GUO         ,GCA,0.9824
GUON        ,XK,0.5126
GUPTA       ,SAS,0.9555
GUPTE       ,SAS,0.9901
GURAGAI     ,BT,0.7049
GURAGAIN    ,NP,0.9123
GURANGO     ,RP,1
GURAY       ,RP,0.7978
GURAYA      ,SAS,0.94
GURBANI     ,SAS,1
GURIJALA    ,SAS,1
GURION      ,RP,0.8257
GURJAR      ,SAS,1
GURM        ,SAS,1
GURNANI     ,SAS,0.981
GURO        ,RP,0.5454
GURON       ,RP,0.5414
GURRALA     ,SAS,1
GURRAM      ,SAS,1
GURSAHANI   ,SAS,1
GURTIZA     ,RP,0.9985
GURU        ,SAS,0.9524
GURUMOORTHY ,SAS,1
GURUMURTHY  ,SAS,1
GURUNATHAN  ,SAS,1
GURUNG      ,NP,0.5545
GURUPRASAD  ,SAS,1
GURURAJ     ,SAS,1
GURURAJAN   ,SAS,1
GURUSAMY    ,SAS,0.955
GURUSWAMY   ,SAS,0.958
GUSHI       ,JA,0.6337
GUSHIKEN    ,JA,0.6305
GUSTI       ,BIA,0.6089
GUSTILO     ,RP,1
GUSTO       ,RP,0.9994
GUTHA       ,SAS,0.9999
GUTHIKONDA  ,SAS,1
GUTING      ,RP,0.9977
GUTLAY      ,RP,1
GUTTA       ,SAS,0.913
GUTTI       ,SAS,0.8533
GUTTIKONDA  ,SAS,1
GUU         ,GCA,1
GUZON       ,RP,0.9222
GWAK        ,XK,1
GWEE        ,SN,0.5385
GWEON       ,XK,1
GWON        ,XK,0.912
GYALTSEN    ,GCA,0.5431
GYANI       ,SAS,1
GYATSO      ,GCA,0.614
GYAWALI     ,NP,0.9722
GYE         ,XK,0.8333
GYI         ,BM,0.8931
GYOTOKU     ,JA,0.7596
H           ,VM,0.878
HA          ,VM,0.5905
HABACON     ,RP,1
HABAN       ,RP,0.882
HABANA      ,RP,0.9266
HABARA      ,JA,0.9286
HABE        ,JA,0.6516
HABIBA      ,SAS,0.8252
HABIBULLAH  ,SAS,0.539
HABIBZAI    ,AF,0.9998
HABON       ,RP,1
HABU        ,JA,0.9231
HACHIYA     ,JA,0.9998
HADA        ,JA,0.5795
HADUCA      ,RP,0.9994
HAE         ,BM,0.6818
HAFEEZ      ,SAS,0.9033
HAFIZ       ,SAS,0.5812
HAGA        ,JA,0.6157
HAGIHARA    ,JA,0.9779
HAGINO      ,JA,1
HAGIO       ,JA,0.9853
HAGIWARA    ,JA,0.9915
HAH         ,XK,0.7619
HAHM        ,XK,0.9919
HAIDA       ,JA,0.5962
HAIDARI     ,AF,0.6269
HAIDARY     ,AF,0.7921
HAIDER      ,SAS,0.8066
HAIDERY     ,AF,0.6304
HAIDRI      ,SAS,0.9992
HAJARI      ,SAS,0.7931
HAJELA      ,SAS,1
HAJIANI     ,SAS,0.8
HAJRA       ,SAS,0.6986
HAK         ,CB,0.7371
HAKAMATA    ,JA,1
HAKODA      ,JA,0.9939
HALAI       ,SAS,0.525
HALAL       ,RP,0.585
HALAN       ,SAS,0.5283
HALANI      ,SAS,0.8919
HALBE       ,SAS,0.7012
HALCON      ,RP,0.6054
HALDAR      ,SAS,1
HALDER      ,SAS,0.8614
HALEEM      ,SAS,0.5425
HALILI      ,RP,0.665
HALIM       ,BIA,0.5183
HALLARE     ,RP,0.9403
HALOG       ,RP,0.9998
HAM         ,XK,0.5402
HAMA        ,JA,0.6667
HAMABATA    ,JA,0.9255
HAMACHI     ,JA,0.9599
HAMADA      ,JA,0.8351
HAMAGUCHI   ,JA,0.9746
HAMAI       ,JA,0.7977
HAMAKAWA    ,JA,0.9994
HAMAL       ,NP,0.9114
HAMAMOTO    ,JA,0.936
HAMAMURA    ,JA,0.941
HAMANA      ,JA,0.5791
HAMANAKA    ,JA,1
HAMANO      ,JA,1
HAMAOKA     ,JA,0.9999
HAMASAKI    ,JA,0.8775
HAMAYA      ,JA,0.9444
HAMAYUN     ,SAS,1
HAMAZAKI    ,JA,1
HAMDANI     ,SAS,0.6935
HAMDARD     ,AF,0.6437
HAMEED      ,SAS,0.6721
HAMEEDI     ,SAS,0.6739
HAMIDULLAH  ,AF,0.6126
HAMIDY      ,AF,0.8807
HAMIRANI    ,SAS,0.9647
HAMOY       ,RP,0.922
HAMZAH      ,MY,0.5743
HAN         ,XK,0.6422
HANABUSA    ,JA,0.9997
HANADA      ,JA,0.9781
HANAFUSA    ,JA,1
HANAI       ,JA,0.9371
HANAKI      ,JA,1
HANAMI      ,JA,0.9958
HANAMOTO    ,JA,0.9467
HANAMURA    ,JA,1
HANANO      ,JA,0.5895
HANAOKA     ,JA,0.9725
HANASHIRO   ,JA,0.9163
HANAWA      ,JA,0.9767
HANDA       ,SAS,0.5758
HANDAYANI   ,BIA,0.9438
HANDE       ,SAS,0.92490000000000006
HANDO       ,JA,0.5775
HANDOG      ,RP,1
HANDOJO     ,BIA,0.9101
HANDOKO     ,BIA,0.9306
HANDOYO     ,BIA,0.931
HANDRA      ,BIA,0.8207
HANEDA      ,JA,0.9685
HANEEF      ,SAS,0.8827
HANESANA    ,LA,0.9267
HANGAI      ,JA,0.9717
HANH        ,VM,0.7073
HANIF       ,SAS,0.6908
HANIFI      ,AF,0.6956
HANJRA      ,SAS,1
HANSALIA    ,SAS,1
HANSANA     ,LA,0.8999
HANSPAL     ,SAS,0.9455
HANSRA      ,SAS,0.8928
HANYU       ,JA,1
HANZAWA     ,JA,0.9995
HAO         ,GCA,0.9103
HAP         ,CB,0.5944
HAPA        ,RP,0.625
HAQ         ,SAS,0.9107
HAQQANI     ,SAS,0.8235
HAQQI       ,SAS,0.8305
HAQUE       ,SAS,0.9356
HARA        ,JA,0.9117
HARADA      ,JA,0.9569
HARAGA      ,JA,0.6482
HARAGUCHI   ,JA,0.9035
HARAHAP     ,BIA,0.908
HARAI       ,JA,0.9436
HARAMOTO    ,JA,0.896
HARANO      ,JA,0.878
HARASAWA    ,JA,1
HARASHIMA   ,JA,1
HARBORT     ,RP,0.5741
HARDAS      ,SAS,0.9203
HARDI       ,BIA,0.5497
HARDIKAR    ,SAS,1
HARI        ,SAS,0.7366
HARIA       ,SAS,0.6477
HARIANTO    ,BIA,0.8696
HARIDAS     ,SAS,0.9489
HARIHARAN   ,SAS,0.9798
HARIKRISHNAN,SAS,1
HARIKUMAR   ,SAS,1
HARIMA      ,JA,0.8772
HARIMAN     ,BIA,0.9864
HARIMOTO    ,JA,0.7233
HARISH      ,SAS,0.9089
HARIU       ,JA,0.9898
HARJANI     ,SAS,0.7581
HARJANTO    ,BIA,0.8148
HARJONO     ,BIA,0.8923
HARON       ,MY,0.6117
HAROON      ,SAS,0.8401
HARPALANI   ,SAS,1
HARSHE      ,SAS,0.8696
HARSONO     ,BIA,0.9118
HARTANTO    ,BIA,0.8913
HARTAWAN    ,BIA,0.8947
HARTO       ,BIA,0.8264
HARTONO     ,BIA,0.8613
HARUKI      ,JA,1
HARUTA      ,JA,0.9412
HARUYAMA    ,JA,0.9583
HARVE       ,SAS,0.7265
HARYANTO    ,BIA,0.8829
HARYONO     ,BIA,0.9459
HAS         ,CB,0.609
HASAL       ,RP,0.8809
HASAN       ,SAS,0.5801
HASANALI    ,SAS,0.8085
HASE        ,JA,0.6528
HASEBE      ,JA,1
HASEEB      ,SAS,0.9527
HASEGAWA    ,JA,0.9673
HASHIBA     ,JA,1
HASHIDA     ,JA,1
HASHIGUCHI  ,JA,0.9534
HASHIMI     ,AF,0.8157
HASHIMOTO   ,JA,0.9506
HASHIMURA   ,JA,0.9955
HASHIZUME   ,JA,0.9881
HASHMANI    ,SAS,1
HASHMAT     ,SAS,0.56
HASHMI      ,SAS,0.8956
HASHWANI    ,SAS,1
HASIB       ,SAS,0.8496
HASIBUAN    ,BIA,0.8772
HASIJA      ,SAS,0.8704
HASIN       ,SAS,0.5848
HASNAIN     ,SAS,0.9457
HASNAT      ,SAS,0.9781
HASNI       ,SAS,0.6604
HASNIE      ,SAS,1
HASSAIN     ,SAS,0.8139
HASUIKE     ,JA,0.8771
HASUMI      ,JA,1
HASUNUMA    ,JA,1
HATA        ,JA,0.9721
HATADA      ,JA,0.9996
HATAE       ,JA,0.8958
HATAI       ,JA,0.9996
HATAKENAKA  ,JA,0.9918
HATAKEYAMA  ,JA,1
HATANAKA    ,JA,0.9815
HATANO      ,JA,0.9924
HATASHITA   ,JA,0.8162
HATAYAMA    ,JA,0.9999
HATE        ,SAS,0.727
HATEF       ,AF,0.6992
HATHI       ,SAS,0.6308
HATHIRAMANI ,SAS,0.7288
HATORI      ,JA,0.9472
HATTA       ,JA,0.8765
HATTORI     ,JA,0.9623
HAUNG       ,GCA,0.8909
HAUTEA      ,RP,1
HAVALDAR    ,SAS,1
HAWJ        ,LA,0.9641
HAYAG       ,RP,1
HAYAKAWA    ,JA,0.9595
HAYAMA      ,JA,0.9384
HAYAMI      ,JA,0.9588
HAYAMIZU    ,JA,1
HAYANO      ,JA,1
HAYASAKA    ,JA,0.9536
HAYASAKI    ,JA,1
HAYASE      ,JA,0.9991
HAYASHI     ,JA,0.9398
HAYASHIBARA ,JA,0.9785
HAYASHIDA   ,JA,0.9066
HAYAT       ,SAS,0.7968
HAYATA      ,JA,0.95
HAYDER      ,SAS,0.7195
HAYEE       ,SAS,1
HAYER       ,SAS,0.7858
HAYRE       ,SAS,0.5606
HAZAMA      ,JA,0.5757
HAZARI      ,SAS,0.9078
HAZARIKA    ,SAS,1
HAZRA       ,SAS,0.9762
HE          ,GCA,0.9714
HEAK        ,CB,0.9118
HEAN        ,CB,0.8243
HEANG       ,CB,0.8163
HEAR        ,CB,0.8302
HEBBAR      ,SAS,0.9787
HEBREO      ,RP,0.8702
HEBRON      ,RP,0.655
HECHANOVA   ,RP,1
HEDA        ,SAS,0.9473
HEER        ,SAS,0.5835
HEERA       ,SAS,0.6373
HEEREY      ,SAS,0.6452
HEGDE       ,SAS,0.9901
HEHAR       ,SAS,0.8108
HEIR        ,SAS,0.6461
HELMANDI    ,AF,0.9998
HEM         ,CB,0.8511
HEMANI      ,SAS,0.9403
HEMBRADOR   ,RP,1
HEMMI       ,JA,0.9327
HEMNANI     ,SAS,0.918
HEMRAJANI   ,SAS,0.9573
HEMSOUVANH  ,LA,0.8788
HENA        ,SAS,0.6418
HENARES     ,RP,0.9302
HENDRA      ,BIA,0.7469
HENDRAWAN   ,BIA,0.9219
HENDRI      ,BIA,0.9088
HENDRIK     ,BIA,0.7221
HENG        ,CB,0.6623
HENMI       ,JA,0.9667
HEO         ,XK,0.9783
HER         ,LA,0.6358
HERALDO     ,RP,0.7349
HERATH      ,CE,0.8642
HERCE       ,RP,0.6716
HERICO      ,RP,1
HERLAMBANG  ,BIA,0.8913
HERLE       ,SAS,0.5436
HERMANO     ,RP,0.9677
HERMANTO    ,BIA,0.8922
HERMAWAN    ,BIA,0.9048
HERMOGENES  ,RP,1
HERMOGENO   ,RP,1
HERMOGINO   ,RP,0.9143
HERMOSO     ,RP,0.6667
HERMOSURA   ,RP,0.9793
HERNAEZ     ,RP,0.948
HERNANDO    ,RP,0.627
HERRADURA   ,RP,1
HERRAS      ,RP,1
HETTIARACHCH,CE,0.9514
HEU         ,LA,0.5664
HEUNG       ,GCA,0.8951
HIBI        ,JA,0.9626
HIBINO      ,JA,1
HIDA        ,JA,0.7437
HIDAJAT     ,BIA,0.8372
HIDAKA      ,JA,0.9643
HIDANO      ,JA,0.9255
HIDAYAT     ,BIA,0.8175
HIDESHIMA   ,JA,1
HIE         ,BIA,0.7782
HIEDA       ,JA,0.8926
HIEN        ,VM,0.5349
HIENG       ,CB,0.7317
HIEP        ,CB,0.6288
HIEW        ,MY,0.82
HIGA        ,JA,0.5462
HIGAKI      ,JA,0.9553
HIGASHI     ,JA,0.9074
HIGASHIDA   ,JA,0.9993
HIGASHIDE   ,JA,0.8787
HIGASHIHARA ,JA,0.9965
HIGASHINO   ,JA,1
HIGASHIYAMA ,JA,0.9647
HIGO        ,JA,0.9022
HIGUCHI     ,JA,0.9526
HII         ,MY,0.9143
HIJIKATA    ,JA,0.9342
HIKICHI     ,JA,0.9216
HIKIDA      ,JA,0.9305
HIKITA      ,JA,1
HIKOSAKA    ,JA,1
HILADO      ,RP,1
HIM         ,CB,0.7301
HIMAN       ,RP,0.7729
HIMANI      ,SAS,1
HIMAWAN     ,BIA,0.8974
HIMAYA      ,RP,0.781
HIMENO      ,JA,1
HINA        ,SAS,0.5067
HINAHON     ,RP,1
HINDUJA     ,SAS,1
HINGE       ,SAS,0.6654
HINGORANI   ,SAS,0.9712
HINGU       ,SAS,1
HINH        ,VM,0.9233
HINLO       ,RP,1
HINO        ,JA,0.9457
HIOE        ,BIA,0.8161
HIOKI       ,JA,0.9732
HIPE        ,RP,0.9998
HIPOL       ,RP,0.9981
HIPOLITO    ,RP,0.5954
HIPONA      ,RP,0.9998
HIRA        ,SAS,0.6776
HIRABAYASHI ,JA,0.979
HIRAGA      ,JA,0.9712
HIRAHARA    ,JA,0.9272
HIRAI       ,JA,0.964
HIRAIDE     ,JA,1
HIRAISHI    ,JA,0.97
HIRAIWA     ,JA,1
HIRAKAWA    ,JA,0.9674
HIRAKI      ,JA,0.9806
HIRAMA      ,JA,1
HIRAMATSU   ,JA,1
HIRAMINE    ,JA,0.8214
HIRAMOTO    ,JA,0.9297
HIRANAKA    ,JA,0.7316
HIRANANDANI ,SAS,0.8929
HIRANI      ,SAS,0.878
HIRANO      ,JA,0.9522
HIRANUMA    ,JA,1
HIRAO       ,JA,0.9715
HIRAOKA     ,JA,0.9534
HIRASAKI    ,JA,0.9281
HIRASAWA    ,JA,0.9837
HIRASE      ,JA,1
HIRASHIMA   ,JA,0.9767
HIRATA      ,JA,0.9048
HIRATSUKA   ,JA,1
HIRAYAMA    ,JA,0.973
HIREMATH    ,SAS,0.9851
HIRO        ,JA,0.922
HIROE       ,JA,0.9999
HIROHATA    ,JA,0.996
HIROI       ,JA,1
HIROKANE    ,JA,0.9019
HIROKAWA    ,JA,0.9533
HIROKI      ,JA,1
HIROMASA    ,JA,0.7708
HIROMOTO    ,JA,0.7287
HIRONAGA    ,JA,0.9433
HIRONAKA    ,JA,0.8518
HIRONO      ,JA,1
HIROOKA     ,JA,0.9685
HIROSAWA    ,JA,1
HIROSE      ,JA,0.98
HIROSHIGE   ,JA,0.9856
HIROSHIMA   ,JA,0.9978
HIROTA      ,JA,0.9521
HIROTSU     ,JA,0.9699
HIRPARA     ,SAS,1
HIRUMA      ,JA,1
HIRUTA      ,JA,1
HISA        ,JA,0.7382
HISADA      ,JA,0.9684
HISAKA      ,JA,0.9564
HISAMATSU   ,JA,1
HISAMOTO    ,JA,0.9811
HISANAGA    ,JA,1
HISANO      ,JA,1
HISATAKE    ,JA,0.5398
HISATOMI    ,JA,0.9177
HISHAM      ,MY,0.5481
HISHIDA     ,JA,1
HISHINUMA   ,JA,0.9999
HITOMI      ,JA,1
HIURA       ,JA,0.9886
HIWATASHI   ,JA,1
HIYAMA      ,JA,0.9685
HIYANE      ,JA,0.8623
HIYOSHI     ,JA,1
HIZON       ,RP,1
HLA         ,BM,0.8579
HLAING      ,BM,0.8633
HLEI        ,BM,0.9634
HMUN        ,BM,1
HMUNG       ,BM,0.9068
HNEM        ,BM,0.9034
HNIANG      ,BM,0.9687
HNIN        ,BM,0.9021
HOA         ,VM,0.8794
HOAC        ,VM,0.9292
HOAN        ,VM,0.567
HOANG       ,VM,0.9429
HOASHI      ,JA,1
HOCSON      ,RP,0.9333
HODA        ,SAS,0.5923
HODAC       ,VM,0.9955
HOEUN       ,CB,0.5293
HOEUNG      ,CB,0.845
HOFILENA    ,RP,1
HOI         ,GCA,0.5667
HOJO        ,JA,0.9747
HOK         ,CB,0.8787
HOKAMA      ,JA,0.6181
HOKI        ,JA,0.9909
HOLANDEZ    ,RP,0.8666
HOLGADO     ,RP,0.8302
HOLLA       ,SAS,0.7122
HOM         ,GCA,0.8616
HOMBREBUENO ,RP,1
HOMESOMBATH ,LA,0.9992
HOMMA       ,JA,0.97
HOMSOMBATH  ,LA,0.9711
HON         ,GCA,0.7364
HONBO       ,JA,0.5183
HONDA       ,JA,0.9303
HONDO       ,JA,0.5828
HONG        ,XK,0.6148
HONGKHAM    ,LA,0.8973
HONGO       ,JA,0.9265
HONGTHONG   ,TH,0.6769
HONGUYEN    ,VM,1
HONJO       ,JA,0.9837
HONMA       ,JA,0.8327
HONRADA     ,RP,0.9999
HONRADO     ,RP,0.8055
HONTIVEROS  ,RP,1
HOODA       ,SAS,0.9744
HOOI        ,MY,0.6219
HOONG       ,VM,0.5674
HOQ         ,SAS,0.9701
HOQUE       ,SAS,0.9366
HOR         ,CB,0.5267
HORAI       ,JA,0.9968
HORI        ,JA,0.9439
HORIBA      ,JA,1
HORIBE      ,JA,0.9999
HORIE       ,JA,0.9441
HORIGOME    ,JA,1
HORIGUCHI   ,JA,0.9808
HORII       ,JA,0.9731
HORIIKE     ,JA,1
HORIKAWA    ,JA,0.9778
HORIKIRI    ,JA,1
HORIKOSHI   ,JA,0.9774
HORIMOTO    ,JA,0.9993
HORINOUCHI  ,JA,1
HORIO       ,JA,0.9564
HORITA      ,JA,0.9231
HORIUCHI    ,JA,0.9431
HORM        ,CB,0.8397
HORMILLOSA  ,RP,1
HORNG       ,GCA,0.9497
HORNILLA    ,RP,0.9999
HORTALEZA   ,RP,1
HORTILLOSA  ,RP,0.9995
HORTIZUELA  ,RP,1
HOSAIN      ,SAS,0.7153
HOSAKA      ,JA,0.9714
HOSEN       ,SAS,0.7499
HOSHI       ,JA,0.9927
HOSHIDA     ,JA,0.9927
HOSHIDE     ,JA,0.9103
HOSHIKAWA   ,JA,1
HOSHIKO     ,JA,0.7007
HOSHINA     ,JA,1
HOSHINO     ,JA,0.9663
HOSHIYAMA   ,JA,0.9972
HOSHIZAKI   ,JA,0.6176
HOSNA       ,SAS,0.7851
HOSODA      ,JA,1
HOSOE       ,JA,1
HOSOI       ,JA,1
HOSOKAWA    ,JA,0.9931
HOSOMI      ,JA,1
HOSONO      ,JA,1
HOSOYA      ,JA,1
HOSSAIN     ,SAS,0.9414
HOSSAINI    ,AF,0.5
HOSSAN      ,SAS,1
HOSSEN      ,SAS,0.9133
HOSSIN      ,SAS,0.7692
HOSUR       ,SAS,1
HOTA        ,SAS,0.7759
HOTAKI      ,AF,0.9565
HOTCHANDANI ,SAS,0.8286
HOTHI       ,SAS,0.8551
HOTTA       ,JA,0.9709
HOU         ,GCA,0.9087
HOUANG      ,VM,0.5882
HOUL        ,CB,0.9031
HOUN        ,CB,0.8541
HOUNG       ,GCA,0.7219
HOUR        ,CB,0.7368
HOURT       ,CB,0.9763
HOUT        ,CB,0.5746
HOUTH       ,CB,0.939
HOUY        ,CB,0.5113
HOV         ,CB,0.7135
HOWLADER    ,SAS,0.9577
HOYA        ,JA,0.5263
HOYLA       ,RP,0.8957
HOZUMI      ,JA,1
HRE         ,BM,1
HSEE        ,BM,0.5161
HSER        ,BM,0.5423
HSI         ,GCA,0.8774
HSIA        ,GCA,0.9381
HSIANG      ,GCA,1
HSIAO       ,GCA,0.9658
HSIE        ,GCA,1
HSIEH       ,GCA,0.9638
HSIEN       ,GCA,1
HSIN        ,GCA,0.9486
HSING       ,GCA,0.8864
HSIU        ,GCA,1
HSIUNG      ,GCA,0.9293
HSO         ,TH,0.537
HSU         ,GCA,0.9544
HSUAN       ,GCA,1
HSUE        ,GCA,0.9605
HSUEH       ,GCA,0.948
HTAW        ,BM,0.6923
HTAY        ,BM,0.836
HTEE        ,BM,0.6806
HTET        ,BM,0.8333
HTIKE       ,BM,0.9492
HTOO        ,BM,0.5812
HTOON       ,BM,0.825
HTUN        ,BM,0.7929
HTUT        ,BM,0.9012
HTWAY       ,BM,0.597
HTWE        ,BM,0.876
HU          ,GCA,0.9606
HUA         ,VM,0.6026
HUAI        ,BM,0.5683
HUAN        ,GCA,0.7524
HUANG       ,GCA,0.9628
HUANGCHEN   ,GCA,0.9104
HUANGFU     ,GCA,1
HUBILLA     ,RP,1
HUDA        ,SAS,0.9266
HUDDA       ,SAS,0.8034
HUELAR      ,RP,1
HUEN        ,GCA,0.9447
HUERTO      ,RP,0.6979
HUFALAR     ,RP,0.9997
HUFANA      ,RP,0.9997
HUH         ,XK,0.964
HUI         ,GCA,0.8898
HUICHAN     ,GCA,0.6131
HUIE        ,GCA,0.5492
HUL         ,CB,0.8064
HULIGANGA   ,RP,1
HUMA        ,SAS,0.6788
HUMAGAI     ,BT,0.7073
HUMAYUN     ,SAS,0.9575
HUN         ,CB,0.6997
HUNDAL      ,SAS,0.9517
HUNG        ,GCA,0.8855
HUNJAN      ,SAS,0.5769
HUO         ,GCA,0.9764
HUON        ,CB,0.752
HUONG       ,VM,0.5575
HUOR        ,CB,0.8627
HUOT        ,CB,0.5467
HUOTH       ,CB,0.8843
HUP         ,BM,0.8534
HUQ         ,SAS,0.9239
HUQUE       ,SAS,0.8571
HUR         ,XK,0.9501
HURH        ,XK,0.8748
HUSAIN      ,SAS,0.7058
HUSAINI     ,SAS,0.5926
HUSAINY     ,SAS,0.7428
HUSNAIN     ,SAS,0.9184
HUSSAIN     ,SAS,0.803
HUSSAINI    ,SAS,0.6522
HUSSAINY    ,AF,0.7419
HUSSAN      ,SAS,0.8863
HUSSIAN     ,SAS,0.8906
HUTABARAT   ,BIA,0.8966
HUTAGALUNG  ,BIA,0.8481
HUTALLA     ,RP,1
HUTAPEA     ,BIA,0.875
HUTAURUK    ,BIA,0.8983
HUY         ,CB,0.7055
HUYEN       ,VM,0.9848
HUYNH       ,VM,0.934
HUYNHNGUYEN ,VM,0.999
HWA         ,GCA,0.7682
HWANG       ,XK,0.7422
HWANGBO     ,XK,0.9862
HWANGPO     ,XK,1
HWE         ,BM,1
HWEE        ,BM,0.6859
HWONG       ,GCA,0.6581
HWU         ,GCA,0.9234
HY          ,VM,0.6689
HYDER       ,SAS,0.6157
HYE         ,SAS,0.7832
HYEON       ,XK,0.9577
HYODO       ,JA,1
HYON        ,XK,0.9659
HYUGA       ,JA,1
HYUN        ,XK,0.9683
HYUNG       ,XK,1
I           ,GCA,0.6301
IA          ,CB,0.6322
IAN         ,GCA,0.6817
IANG        ,BM,0.9116
IAO         ,GCA,0.8182
IBA         ,JA,0.9088
IBABAO      ,RP,0.9895
IBALE       ,RP,0.9595
IBALIO      ,RP,1
IBAN        ,RP,0.5666
IBANA       ,RP,0.9372
IBARAKI     ,JA,1
IBARRETA    ,RP,0.9111
IBARRIENTOS ,RP,1
IBASAN      ,RP,1
IBASCO      ,RP,1
IBATA       ,JA,0.636
IBAY        ,RP,1
IBEA        ,RP,1
IBERA       ,RP,1
IBI         ,JA,0.5789
IBON        ,RP,0.6739
IBRAR       ,SAS,1
IBUKI       ,JA,1
IBUOS       ,RP,0.9999
IBUS        ,RP,1
ICARO       ,RP,1
ICASIANO    ,RP,0.9999
ICBAN       ,RP,1
ICHIBA      ,JA,1
ICHIDA      ,JA,0.9997
ICHIHARA    ,JA,0.9264
ICHIHASHI   ,JA,1
ICHII       ,JA,1
ICHIJO      ,JA,1
ICHIKAWA    ,JA,0.9802
ICHIKI      ,JA,1
ICHIMARU    ,JA,1
ICHIMURA    ,JA,1
ICHINO      ,JA,1
ICHINOSE    ,JA,0.9997
ICHIOKA     ,JA,1
ICHIYAMA    ,JA,0.8777
ICO         ,RP,0.8525
IDA         ,JA,0.8888
IDE         ,JA,0.7558
IDEMOTO     ,JA,0.7199
IDETA       ,JA,0.9916
IDICA       ,RP,0.9392
IDICULA     ,SAS,0.963
IDICULLA    ,SAS,1
IDIO        ,RP,0.8451
IDNANI      ,SAS,0.8889
IDO         ,JA,0.6883
IDOLOR      ,RP,0.5159
IDOS        ,RP,1
IDREES      ,SAS,0.8012
IDRUS       ,MY,0.7609
IE          ,BIA,0.6961
IEDA        ,JA,1
IEM         ,CB,0.9227
IENG        ,CB,0.8504
IEONG       ,GCA,0.8677
IFTEKHAR    ,SAS,1
IFTIKHAR    ,SAS,0.9767
IFURUNG     ,RP,1
IGA         ,JA,0.7128
IGAMA       ,RP,1
IGARASHI    ,JA,0.9885
IGARI       ,JA,1
IGARTA      ,RP,0.9953
IGAWA       ,JA,0.994
IGAYA       ,RP,0.9996
IGNACIO     ,RP,0.8562
IGNATIUS    ,SAS,0.6113
IGOT        ,RP,1
IGTANLOC    ,RP,0.9969
IGUCHI      ,JA,0.9743
IHA         ,JA,0.7798
IHARA       ,JA,0.9655
IHM         ,XK,0.9315
IHN         ,XK,0.9997
IHORI       ,JA,0.9761
IHSAN       ,SAS,0.72
II          ,JA,0.9945
IIDA        ,JA,0.9729
IIJIMA      ,JA,0.9892
IIMURA      ,JA,1
IINO        ,JA,1
IINUMA      ,JA,0.9999
IIO         ,JA,1
IIYAMA      ,JA,1
IIZUKA      ,JA,0.9945
IJAZ        ,SAS,0.9585
IJICHI      ,JA,1
IJIRI       ,JA,1
IJUIN       ,JA,1
IKAI        ,JA,1
IKARI       ,JA,0.9623
IKAWA       ,JA,1
IKEBE       ,JA,0.9999
IKEDA       ,JA,0.9345
IKEGAMI     ,JA,0.9818
IKEGUCHI    ,JA,1
IKEHARA     ,JA,0.8734
IKEHATA     ,JA,1
IKEI        ,JA,0.8432
IKEJIRI     ,JA,0.9111
IKEMIYA     ,JA,0.9953
IKEMOTO     ,JA,0.9723
IKEMURA     ,JA,0.9302
IKENAGA     ,JA,1
IKENO       ,JA,0.9655
IKETANI     ,JA,1
IKEUCHI     ,JA,1
IKEYA       ,JA,0.875
IKEZAWA     ,JA,1
IKI         ,JA,0.9999
IKOMA       ,JA,1
IKRAM       ,SAS,0.9422
IKUMA       ,JA,0.9308
IKUNO       ,JA,0.9219
IKUSHIMA    ,JA,1
IKUTA       ,JA,1
ILABAN      ,RP,0.9911
ILAG        ,RP,1
ILAGAN      ,RP,0.99
ILAHI       ,SAS,0.8679
ILANGO      ,SAS,1
ILANGOVAN   ,SAS,1
ILANO       ,RP,0.9776
ILAO        ,RP,1
ILAR        ,RP,0.9918
ILARDE      ,RP,1
ILAS        ,RP,0.6875
ILDEFONSO   ,RP,0.6278
ILDEFONZO   ,RP,0.6153
ILEJAY      ,RP,0.9996
ILETO       ,RP,1
ILLENBERGER ,RP,0.7868
ILLO        ,RP,0.6532
ILOG        ,RP,1
ILORETA     ,RP,1
ILUMIN      ,RP,1
ILUSTRE     ,RP,1
ILUSTRISIMO ,RP,1
ILYAS       ,SAS,0.8889
IM          ,XK,0.8244
IMADA       ,JA,0.9601
IMAEDA      ,JA,1
IMAGAWA     ,JA,1
IMAI        ,JA,0.9673
IMAIZUMI    ,JA,0.9855
IMAM        ,SAS,0.701
IMAMOTO     ,JA,0.9515
IMAMURA     ,JA,0.9496
IMANAKA     ,JA,0.9989
IMANIL      ,RP,1
IMANISHI    ,JA,0.9843
IMAOKA      ,JA,0.9997
IMASA       ,RP,1
IMAZU       ,JA,0.8955
IMBAT       ,RP,1
IMBO        ,RP,0.7782
IMDAD       ,SAS,1
IMMANUEL    ,SAS,0.5393
IMOTO       ,JA,0.9267
IMPERIAL    ,RP,0.8181
IMPERIO     ,RP,0.8885
IMRAN       ,SAS,0.8996
IMSON       ,RP,1
IMTIAZ      ,SAS,0.9694
IMURA       ,JA,0.951
IN          ,XK,0.5014
INA         ,JA,0.7178
INABA       ,JA,0.9819
INACAY      ,RP,1
INADA       ,JA,0.9448
INADOMI     ,JA,0.7656
INAFUKU     ,JA,0.9301
INAGAKI     ,JA,0.9896
INAGANTI    ,SAS,1
INAGAWA     ,JA,1
INAI        ,JA,0.9999
INAM        ,SAS,0.8137
INAMASU     ,JA,0.9515
INAMDAR     ,SAS,0.961
INAMI       ,JA,1
INAMINE     ,JA,0.9387
INAMORI     ,JA,1
INAMOTO     ,JA,0.9531
INAMPUDI    ,SAS,1
INAMURA     ,JA,0.9727
INATOMI     ,JA,1
INAY        ,RP,0.9419
INAYAT      ,SAS,0.9187
INAYOSHI    ,JA,0.9998
INCIONG     ,RP,1
INCOGNITO   ,RP,0.6729
INDEN       ,JA,0.858
INDICK      ,RP,0.9534
INDRA       ,BIA,0.5472
INDRAWAN    ,BIA,0.8974
INDUCTIVO   ,RP,1
INDUKURI    ,SAS,1
INES        ,RP,0.8297
INFANTADO   ,RP,1
INGAL       ,RP,1
INGALE      ,SAS,1
INGALLA     ,RP,0.9996
INGAN       ,RP,1
INGCO       ,RP,1
INGOLE      ,SAS,0.955
INGUITO     ,RP,1
INGUVA      ,SAS,1
INIBA       ,RP,0.9998
INIS        ,RP,0.9846
INJETI      ,SAS,1
INO         ,JA,0.9999
INOCELDA    ,RP,0.9603
INOCENCIO   ,RP,0.7471
INOCENTES   ,RP,1
INOGUCHI    ,JA,1
INOKUCHI    ,JA,0.9999
INOMATA     ,JA,0.9868
INONG       ,RP,0.9983
INOSE       ,JA,1
INOSHITA    ,JA,0.982
INOUE       ,JA,0.9696
INOVE       ,JA,0.9746
INOVEJAS    ,RP,0.9975
INSIGNE     ,RP,1
INSISIENGMAY,LA,0.9558
INSIXIENGMAI,LA,0.9999
INSIXIENGMAY,LA,0.911
INSO        ,RP,0.9995
INSON       ,RP,0.7479
INSYXIENGMAY,LA,1
INTAL       ,RP,1
INTHACHACK  ,LA,0.8835
INTHALANGSY ,LA,0.9571
INTHAPHONE  ,LA,0.9999
INTHASANE   ,LA,1
INTHASONE   ,LA,0.8447
INTHAVONG   ,LA,0.9075
INTHAVONGSA ,LA,0.8606
INTHICHACK  ,LA,0.8276
INTHIRATH   ,LA,0.9416
INTHISANE   ,LA,0.9105
INTHISONE   ,LA,0.9126
INTING      ,RP,1
INTO        ,RP,0.6627
INTON       ,RP,1
INTONG      ,RP,0.7222
INTURI      ,SAS,1
INTWALA     ,SAS,0.9552
INUI        ,JA,0.9839
INUKAI      ,JA,0.9652
INUMERABLE  ,RP,0.9999
INUZUKA     ,JA,1
INVENCION   ,RP,1
IO          ,GCA,0.5454
IONG        ,GCA,0.6739
IP          ,GCA,0.9175
IPE         ,SAS,0.9998
IQBAL       ,SAS,0.932
IRA         ,RP,0.7477
IRAHA       ,JA,0.9989
IRAM        ,SAS,0.9538
IRANI       ,SAS,0.6857
IRAWAN      ,BIA,0.94
IREI        ,JA,0.9987
IRFAN       ,SAS,0.9484
IRIE        ,JA,0.9391
IRITANI     ,JA,0.999
IRIYAMA     ,JA,1
IRIYE       ,JA,0.8506
IRLANDA     ,RP,0.9526
IRSHAD      ,SAS,0.9138
IRUDAYARAJ  ,SAS,1
IRWAN       ,BIA,0.913
ISABELO     ,RP,1
ISADA       ,RP,0.8095
ISAGAWA     ,JA,0.9347
ISAGUIRRE   ,RP,0.53
ISAKA       ,JA,1
ISANI       ,SAS,1
ISAYAMA     ,JA,1
ISBERTO     ,RP,0.9999
ISE         ,JA,0.8749
ISEDA       ,JA,0.9999
ISEKI       ,JA,1
ISHAQ       ,SAS,0.5894
ISHAQUE     ,SAS,0.8398
ISHFAQ      ,SAS,0.9186
ISHIBASHI   ,JA,0.9816
ISHIDA      ,JA,0.9533
ISHIDO      ,JA,1
ISHIGAKI    ,JA,1
ISHIGAMI    ,JA,1
ISHIGE      ,JA,1
ISHIGURO    ,JA,0.9823
ISHIHARA    ,JA,0.9612
ISHII       ,JA,0.9679
ISHIJIMA    ,JA,1
ISHIKAWA    ,JA,0.9678
ISHIKI      ,JA,0.6897
ISHIKURA    ,JA,1
ISHIMARU    ,JA,0.9508
ISHIMATSU   ,JA,0.9994
ISHIMINE    ,JA,0.9069
ISHIMITSU   ,JA,0.9977
ISHIMORI    ,JA,1
ISHIMOTO    ,JA,0.9821
ISHIMURA    ,JA,0.8394
ISHINO      ,JA,0.9999
ISHIOKA     ,JA,0.957
ISHISAKA    ,JA,0.8818
ISHITANI    ,JA,0.9011
ISHIWATA    ,JA,1
ISHIYAMA    ,JA,1
ISHIZAKA    ,JA,1
ISHIZAKI    ,JA,0.9865
ISHIZAWA    ,JA,1
ISHIZU      ,JA,0.9997
ISHIZUKA    ,JA,0.9766
ISHRAT      ,SAS,1
ISHTIAQ     ,SAS,1
ISHWAR      ,SAS,0.5946
ISIDRO      ,RP,0.6416
ISIP        ,RP,0.9889
ISLAM       ,SAS,0.9401
ISLETA      ,RP,1
ISO         ,JA,0.8774
ISOBE       ,JA,0.9909
ISODA       ,JA,0.9771
ISOGAI      ,JA,1
ISOMOTO     ,JA,0.9997
ISOMURA     ,JA,1
ISONO       ,JA,0.9999
ISORENA     ,RP,1
ISOZAKI     ,JA,1
ISRANI      ,SAS,1
ISRAR       ,SAS,0.9589
ISSAC       ,SAS,0.6215
ISSAR       ,SAS,0.9998
ISSHIKI     ,JA,1
ITABASHI    ,JA,1
ITAGAKI     ,JA,0.9822
ITAKURA     ,JA,1
ITAMI       ,JA,0.9437
ITAMURA     ,JA,0.7795
ITANO       ,JA,0.9924
ITAYA       ,JA,0.9999
ITCHON      ,RP,0.9998
ITEM        ,BIA,0.6776
ITH         ,CB,0.8738
ITLIONG     ,RP,1
ITO         ,JA,0.9558
ITOH        ,JA,0.9841
ITOI        ,JA,1
ITOKAZU     ,JA,0.9689
ITOW        ,JA,0.7199
ITTY        ,SAS,1
IU          ,GCA,0.8881
IUCHI       ,JA,1
IV          ,CB,0.8702
IVATURI     ,SAS,1
IWABUCHI    ,JA,0.9552
IWAHARA     ,JA,1
IWAHASHI    ,JA,0.9995
IWAHORI     ,JA,1
IWAI        ,JA,0.9921
IWAKI       ,JA,0.9677
IWAKIRI     ,JA,0.9999
IWAKURA     ,JA,1
IWAMA       ,JA,0.981
IWAMI       ,JA,0.9708
IWAMOTO     ,JA,0.9428
IWAMURA     ,JA,0.9999
IWANAGA     ,JA,0.958
IWANAMI     ,JA,1
IWANE       ,JA,0.9734
IWANO       ,JA,1
IWAO        ,JA,1
IWAOKA      ,JA,0.9916
IWASA       ,JA,1
IWASAKI     ,JA,0.9663
IWASAWA     ,JA,1
IWASE       ,JA,0.9909
IWASHITA    ,JA,0.9375
IWATA       ,JA,0.9712
IWATANI     ,JA,1
IWATSUKI    ,JA,1
IWAYA       ,JA,1
IYA         ,RP,0.7395
IYAMA       ,JA,0.9333
IYENGAR     ,SAS,0.9757
IYER        ,SAS,0.9788
IYODA       ,JA,1
IYPE        ,SAS,1
IZAR        ,RP,0.7094
IZAWA       ,JA,0.9894
IZHAR       ,SAS,0.8514
IZON        ,RP,0.8518
IZU         ,JA,0.6717
IZUHARA     ,JA,0.9999
IZUMI       ,JA,0.9489
IZUMO       ,JA,0.9866
IZUMOTO     ,JA,0.9994
IZUNO       ,JA,0.9262
IZUTSU      ,JA,0.9999
JABBAR      ,SAS,0.5115
JABEEN      ,SAS,0.9922
JABIN       ,SAS,0.9672
JABONERO    ,RP,0.9998
JABSON      ,RP,0.9992
JACA        ,RP,0.9992
JACALA      ,RP,1
JACALNE     ,RP,1
JACILDO     ,RP,1
JACOBA      ,RP,0.9668
JACOBE      ,RP,0.9281
JADAV       ,SAS,0.9844
JADE        ,SAS,0.7485
JADEJA      ,SAS,0.8826
JADER       ,RP,0.8278
JADHAV      ,SAS,1
JADOON      ,SAS,0.956
JAE         ,XK,0.9027
JAFFARI     ,SAS,0.5
JAFFERALI   ,SAS,0.6744
JAFFERI     ,SAS,0.8749
JAFFERY     ,SAS,0.9091
JAFFREY     ,SAS,0.8681
JAFFRI      ,SAS,1
JAFFRY      ,SAS,0.954
JAFRI       ,SAS,0.9107
JAFRY       ,SAS,0.9175
JAGADEESAN  ,SAS,1
JAGADEESH   ,SAS,0.9999
JAGADISH    ,SAS,1
JAGANATHAN  ,SAS,1
JAGANI      ,SAS,0.9062
JAGANNATH   ,SAS,0.8289
JAGANNATHAN ,SAS,1
JAGARLAMUDI ,SAS,1
JAGASIA     ,SAS,1
JAGDALE     ,SAS,1
JAGDISH     ,SAS,0.9189
JAGGA       ,SAS,0.9167
JAGGI       ,SAS,0.7842
JAGHORI     ,AF,0.909
JAGIRDAR    ,SAS,1
JAGOTA      ,SAS,1
JAGPAL      ,SAS,0.7241
JAGTAP      ,SAS,1
JAGTIANI    ,SAS,0.973
JAHAGIRDAR  ,SAS,1
JAHAN       ,SAS,0.9469
JAHANGIR    ,SAS,0.8894
JAHJA       ,BIA,0.7258
JAHNG       ,XK,1
JAIGIRDAR   ,SAS,1
JAIKUMAR    ,SAS,0.923
JAIN        ,SAS,0.9656
JAINI       ,SAS,1
JAIRATH     ,SAS,1
JAIS        ,MY,0.5152
JAISHANKAR  ,SAS,0.9999
JAISINGHANI ,SAS,0.93
JAISON      ,SAS,0.9971
JAISWAL     ,SAS,0.9685
JAITLY      ,SAS,0.9307
JAJAL       ,SAS,1
JAJOO       ,SAS,0.85
JAJU        ,SAS,0.7895
JAKA        ,SAS,0.8237
JAKKA       ,SAS,1
JAKKULA     ,SAS,1
JAKOSALEM   ,RP,1
JALA        ,SAS,0.5072
JALADI      ,SAS,1
JALAL       ,SAS,0.5423
JALALUDDIN  ,SAS,0.7083
JALAN       ,SAS,1
JALANDONI   ,RP,1
JALBUENA    ,RP,1
JALECO      ,RP,1
JALEEL      ,SAS,0.61240000000000006
JALIAWALA   ,SAS,1
JALIL       ,SAS,0.5225
JALIQUE     ,RP,0.9996
JALLORINA   ,RP,1
JALOTA      ,SAS,0.8025
JAMADAR     ,SAS,0.8333
JAMAL       ,SAS,0.5614
JAMALUDIN   ,MY,0.8817
JAMAN       ,SAS,0.8062
JAMANDRE    ,RP,1
JAMANI      ,SAS,0.8222
JAMBHEKAR   ,SAS,1
JAMBUNATHAN ,SAS,1
JAMER       ,RP,0.5307
JAMERO      ,RP,0.9998
JAMIAS      ,RP,1
JAMIL       ,SAS,0.6671
JAMILA      ,RP,0.5116
JAMIR       ,RP,0.6949
JAMITO      ,RP,1
JAMMALAMADAK,SAS,1
JAMMU       ,SAS,1
JAMMULA     ,SAS,1
JAMON       ,RP,0.789
JAMORA      ,RP,0.9993
JAMORABON   ,RP,1
JAMPALA     ,SAS,1
JAMPANA     ,SAS,1
JAMPANI     ,SAS,1
JAMSA       ,SAS,0.6567
JAMSHAID    ,SAS,0.9999
JAMSHED     ,SAS,0.9452
JAMWAL      ,SAS,1
JANA        ,SAS,0.7931
JANAIRO     ,RP,0.9994
JANAKIRAM   ,SAS,1
JANAKIRAMAN ,SAS,1
JANAPATI    ,SAS,1
JANARDHAN   ,SAS,1
JANARDHANAN ,SAS,1
JANARTHANAN ,SAS,0.9451
JANAY       ,RP,0.6361
JANDHYALA   ,SAS,1
JANDOC      ,RP,0.9056
JANDU       ,SAS,0.7868
JANG        ,XK,0.9064
JANGA       ,SAS,0.754
JANGAM      ,SAS,0.9211
JANGDA      ,SAS,1
JANI        ,SAS,0.8326
JANJUA      ,SAS,0.932
JANNAT      ,SAS,0.8889
JANNU       ,SAS,1
JANOLINO    ,RP,1
JANOLO      ,RP,1
JANSZ       ,CE,0.6445
JANTE       ,RP,0.7721
JANTO       ,BIA,0.8706
JAOCHICO    ,RP,1
JAOJOCO     ,RP,1
JAP         ,BIA,0.7935
JAPE        ,SAS,0.7913
JAPITANA    ,RP,1
JAPSON      ,RP,1
JAPZON      ,RP,0.9999
JAQUIAS     ,RP,0.9948
JARALBA     ,RP,0.9965
JARAMILLA   ,RP,0.8959
JARANILLA   ,RP,1
JARAVATA    ,RP,1
JARDELEZA   ,RP,1
JARDIEL     ,RP,1
JARDINEZ    ,RP,0.7072
JARDINIANO  ,RP,1
JARDINICO   ,RP,0.9999
JARDIOLIN   ,RP,1
JARGALSAIKHA,MG,1
JARIN       ,RP,0.9222
JARINA      ,RP,0.9843
JARING      ,RP,0.9048
JARIWALA    ,SAS,0.9775
JARMIN      ,RP,0.673
JARO        ,RP,0.9094
JARQUIO     ,RP,0.9994
JASA        ,RP,0.656
JASANI      ,SAS,0.9538
JASPAL      ,SAS,0.9167
JASSAL      ,SAS,0.8831
JASSANI     ,SAS,0.8837
JASSAR      ,SAS,0.6353
JASSI       ,SAS,0.8535
JASTHI      ,SAS,1
JASTI       ,SAS,1
JASTY       ,SAS,1
JASUJA      ,SAS,0.9444
JASWAL      ,SAS,0.907
JATICO      ,RP,1
JATOI       ,SAS,0.9625
JAU         ,GCA,0.5901
JAUCIAN     ,RP,1
JAUHAR      ,SAS,1
JAUHARI     ,SAS,0.7143
JAURA       ,SAS,0.7726
JAURIGUE    ,RP,0.7596
JAUW        ,BIA,0.7271
JAVA        ,RP,0.6393
JAVAID      ,SAS,0.956
JAVAR       ,RP,0.9752
JAVATE      ,RP,1
JAVED       ,SAS,0.954
JAVEED      ,SAS,1
JAVELLANA   ,RP,1
JAVELONA    ,RP,1
JAVELOSA    ,RP,1
JAVERI      ,SAS,0.9712
JAVIA       ,SAS,1
JAVIER      ,RP,0.6149
JAVILLO     ,RP,0.9999
JAVILLONAR  ,RP,1
JAVONILLO   ,RP,0.9997
JAVVAJI     ,SAS,1
JAW         ,GCA,0.8246
JAWA        ,SAS,0.8941
JAWADI      ,AF,0.5
JAWAHAR     ,SAS,0.9999
JAWAID      ,SAS,0.9667
JAWALE      ,SAS,1
JAWANDA     ,SAS,0.8796
JAWED       ,SAS,0.951
JAWEED      ,SAS,0.9999
JAYA        ,BIA,0.5447
JAYABALAN   ,SAS,0.97
JAYACHANDRAN,SAS,1
JAYAKAR     ,SAS,1
JAYAKODY    ,CE,1
JAYAKRISHNAN,SAS,1
JAYAKUMAR   ,SAS,0.9605
JAYAN       ,SAS,0.9024
JAYANT      ,SAS,1
JAYANTH     ,SAS,0.9999
JAYANTHI    ,SAS,1
JAYANTI     ,SAS,0.9054
JAYAPAL     ,SAS,1
JAYAPRAKASH ,SAS,0.9829
JAYARAJ     ,SAS,0.9524
JAYARAM     ,SAS,0.9573
JAYARAMAN   ,SAS,0.9907
JAYARATNE   ,CE,1
JAYASEELAN  ,SAS,1
JAYASEKARA  ,CE,0.9
JAYASEKERA  ,CE,0.9452
JAYASHANKAR ,SAS,1
JAYASINGHE  ,CE,0.8978
JAYASUNDERA ,CE,1
JAYASURIYA  ,CE,0.9084
JAYASWAL    ,SAS,0.9375
JAYATILAKA  ,CE,0.8
JAYAWARDENA ,CE,0.9145
JAYAWEERA   ,CE,1
JAYME       ,RP,0.8056
JAYSWAL     ,SAS,1
JAZMIN      ,RP,0.6666
JE          ,XK,1
JEA         ,GCA,0.5472
JEANG       ,GCA,0.8378
JEANJAQUET  ,RP,0.9839
JEBARAJ     ,SAS,1
JEDDY       ,SAS,0.9996
JEE         ,XK,0.7492
JEELANI     ,SAS,1
JEEVAN      ,SAS,0.8958
JEGANATHAN  ,SAS,0.709
JEHAN       ,SAS,0.8978
JEHANGIR    ,SAS,1
JELLA       ,SAS,0.9938
JEN         ,GCA,0.9299
JENA        ,SAS,0.9446
JENG        ,GCA,0.7908
JENQ        ,GCA,1
JEON        ,XK,0.9817
JEONG       ,XK,0.972
JEOUNG      ,XK,1
JERATH      ,SAS,0.9385
JEREZA      ,RP,1
JERUSALEM   ,RP,0.8227
JESANI      ,SAS,0.871
JESRANI     ,SAS,0.8
JESSANI     ,SAS,0.7907
JESUDASON   ,SAS,0.5294
JESWANI     ,SAS,0.9091
JETHANI     ,SAS,0.9706
JETHI       ,SAS,1
JETHVA      ,SAS,0.8966
JETHWANI    ,SAS,0.9306
JETLEY      ,SAS,1
JETTI       ,SAS,1
JETTY       ,SAS,0.8955
JEU         ,GCA,0.711
JEUN        ,XK,0.9786
JEUNG       ,XK,0.6998
JEW         ,GCA,0.8191
JEWEL       ,SAS,0.6388
JEYABALAN   ,SAS,0.9038
JEYAKUMAR   ,SAS,0.6698
JEYARAJ     ,SAS,0.9381
JEYARAMAN   ,SAS,1
JEYASEELAN  ,SAS,0.9074
JHA         ,SAS,0.897
JHAJ        ,SAS,0.9296
JHAJJ       ,SAS,1
JHALA       ,SAS,0.9096
JHALANI     ,SAS,1
JHAMB       ,SAS,1
JHANG       ,XK,0.6813
JHANGIANI   ,SAS,0.8824
JHATTU      ,SAS,0.8788
JHAVER      ,SAS,1
JHAVERI     ,SAS,0.9905
JHAWAR      ,SAS,0.9648
JHEE        ,XK,1
JHIN        ,XK,0.9166
JHO         ,XK,1
JHONG       ,XK,0.5769
JHUN        ,XK,0.9999
JHUNG       ,XK,1
JHUNJHUNWALA,SAS,1
JHURANI     ,SAS,1
JHUTTI      ,SAS,0.8182
JHUTTY      ,SAS,0.9998
JI          ,GCA,0.6716
JIA         ,GCA,0.9947
JIAN        ,GCA,0.9459
JIANDANI    ,SAS,1
JIANG       ,GCA,0.9894
JIAO        ,GCA,0.9118
JIE         ,GCA,0.6716
JIH         ,GCA,0.9459
JILANI      ,SAS,0.8449
JILLA       ,SAS,0.9999
JILLANI     ,SAS,1
JILLELLA    ,SAS,1
JIMBO       ,JA,0.731
JIMENA      ,RP,1
JIMENEA     ,RP,1
JIN         ,GCA,0.8208
JINADASA    ,CE,0.9268
JINDAL      ,SAS,0.9703
JINDANI     ,SAS,0.9667
JINDO       ,JA,0.6428
JING        ,GCA,0.9872
JINGCO      ,RP,1
JINKA       ,SAS,0.9999
JINN        ,XK,0.5238
JINNAH      ,SAS,0.7949
JINNO       ,JA,0.9537
JINWALA     ,SAS,1
JISON       ,RP,1
JIT         ,SAS,0.6667
JIU         ,GCA,0.9997
JIVA        ,SAS,0.7286
JIVANI      ,SAS,0.9402
JIWANI      ,SAS,0.9063
JO          ,XK,0.8751
JOARDER     ,SAS,0.9403
JOBANPUTRA  ,SAS,0.5115
JOBY        ,SAS,0.9995
JOCO        ,RP,0.9041
JOCSON      ,RP,0.9878
JOG         ,SAS,1
JOGANI      ,SAS,1
JOGLEKAR    ,SAS,1
JOH         ,XK,0.9329
JOHAL       ,SAS,0.786
JOHAN       ,BIA,0.58
JOHANES     ,BIA,0.5116
JOHAR       ,SAS,0.6715
JOHL        ,SAS,0.8501
JOHNG       ,XK,1
JOHNY       ,SAS,0.936
JOHRI       ,SAS,0.9341
JOIS        ,SAS,0.9999
JOJI        ,SAS,0.5146
JOJO        ,SAS,0.8731
JOKO        ,JA,0.8516
JON         ,XK,0.5714
JONEJA      ,SAS,1
JONNALA     ,SAS,1
JONNALAGADDA,SAS,1
JONO        ,JA,0.8846
JONSON      ,RP,0.5149
JOO         ,XK,0.9311
JOOMA       ,SAS,0.7598
JORDA       ,RP,0.5119
JORNACION   ,RP,1
JOS         ,SAS,0.7562
JOSAFAT     ,RP,1
JOSAN       ,SAS,0.6812
JOSH        ,SAS,0.6414
JOSHI       ,SAS,0.8676
JOSHIPURA   ,SAS,1
JOSHY       ,SAS,0.8855
JOSOL       ,RP,1
JOSON       ,RP,0.9898
JOSUE       ,RP,0.5565
JOSYULA     ,SAS,1
JOTHI       ,SAS,1
JOTWANI     ,SAS,1
JOU         ,GCA,0.9101
JOUN        ,XK,0.8734
JOUNG       ,XK,0.9655
JOVELLANOS  ,RP,0.9542
JOVEN       ,RP,0.9182
JOVENAL     ,RP,0.9956
JOVERO      ,RP,0.9495
JOVES       ,RP,0.9524
JOW         ,GCA,0.8128
JOYKUTTY    ,SAS,1
JUACHON     ,RP,0.9999
JUANEZA     ,RP,1
JUANG       ,GCA,1
JUANICO     ,RP,0.8112
JUANILLO    ,RP,0.8609
JUANITAS    ,RP,0.972
JUARIO      ,RP,0.9913
JUAT        ,RP,1
JUBAN       ,RP,0.7724
JUBANE      ,RP,0.9143
JUCO        ,RP,0.9757
JUCUTAN     ,RP,0.9992
JUDAN       ,RP,1
JUDILLA     ,RP,1
JUE         ,GCA,0.7691
JUGARAP     ,RP,1
JUGO        ,RP,0.566
JUGUETA     ,RP,1
JUGUILON    ,RP,1
JUHN        ,XK,0.9454
JUI         ,GCA,0.6
JUICO       ,RP,1
JUINIO      ,RP,1
JULAKANTI   ,SAS,1
JULAO       ,RP,1
JULATON     ,RP,1
JULIANTO    ,BIA,0.8999
JULKA       ,SAS,0.9923
JULURI      ,SAS,1
JUMALON     ,RP,0.9522
JUMAMIL     ,RP,1
JUMANAN     ,RP,1
JUMANI      ,SAS,0.947
JUMAOAS     ,RP,1
JUMAWAN     ,RP,0.9999
JUMMA       ,SAS,1
JUN         ,XK,0.9466
JUNAID      ,SAS,0.7867
JUNAIDI     ,SAS,0.5
JUNEJA      ,SAS,0.9553
JUNEJO      ,SAS,1
JUNG        ,XK,0.8564
JUNI        ,RP,0.811
JUNIO       ,RP,0.9744
JUNKO       ,JA,0.7435
JUNN        ,XK,0.9567
JUNNARKAR   ,SAS,1
JUNSAY      ,RP,1
JUNTADO     ,RP,1
JUNTILLA    ,RP,0.9967
JUNTURA     ,RP,1
JUNUS       ,BIA,0.8088
JUON        ,XK,0.7424
JUPUDI      ,SAS,1
JURILLA     ,RP,1
JUSAY       ,RP,1
JUSE        ,RP,0.9933
JUSI        ,RP,1
JUSOH       ,MY,1
JUSON       ,RP,1
JUSTINIANI  ,RP,0.612
JUSUF       ,BIA,0.7852
JUTHANI     ,SAS,0.913
JUTLA       ,SAS,0.7755
JUVVADI     ,SAS,1
JUWONO      ,BIA,0.8197
JYOTI       ,SAS,0.8659
K           ,VM,0.9254
KABADI      ,SAS,0.9999
KABANI      ,SAS,0.8326
KABARIA     ,SAS,1
KABASAWA    ,JA,1
KABASHIMA   ,JA,1
KABATA      ,JA,0.56
KABE        ,JA,0.7899
KABEER      ,SAS,0.8928
KABIGTING   ,RP,0.9835
KABILING    ,RP,1
KABIR       ,SAS,0.8675
KABRA       ,SAS,0.9128
KABURAGI    ,JA,1
KACHALIA    ,SAS,1
KACHHIA     ,SAS,0.9703
KACHROO     ,SAS,1
KACHRU      ,SAS,1
KACKER      ,SAS,0.9995
KADABA      ,SAS,1
KADAKIA     ,SAS,0.9952
KADALI      ,SAS,1
KADAM       ,SAS,0.9728
KADAMBI     ,SAS,1
KADARI      ,SAS,0.8987
KADARIYA    ,BT,0.6199
KADIA       ,SAS,0.8163
KADIAN      ,SAS,0.8425
KADIWAL     ,SAS,1
KADIWALA    ,SAS,1
KADIYALA    ,SAS,1
KADOI       ,JA,0.7941
KADOKAWA    ,JA,0.9985
KADONO      ,JA,1
KADOOKA     ,JA,0.5803
KADOTA      ,JA,0.9999
KADOWAKI    ,JA,1
KADOYA      ,JA,1
KADRI       ,SAS,0.5368
KADUR       ,SAS,0.5313
KAE         ,XK,0.6497
KAFLE       ,NP,0.7562
KAFLEY      ,BT,0.6943
KAGA        ,JA,0.9752
KAGALWALA   ,SAS,1
KAGAMI      ,JA,1
KAGAWA      ,JA,0.9742
KAGAYA      ,JA,1
KAGE        ,JA,0.519
KAGEYAMA    ,JA,0.9839
KAGIMOTO    ,JA,0.9156
KAGIWADA    ,JA,0.9608
KAGIYAMA    ,JA,0.8721
KAGZI       ,SAS,1
KAHAI       ,SAS,0.7689
KAHLON      ,SAS,0.9335
KAHNG       ,XK,1
KAIDA       ,JA,0.9487
KAIDO       ,JA,0.9914
KAIHARA     ,JA,0.9977
KAILA       ,SAS,0.76
KAILAS      ,SAS,0.8345
KAILASAM    ,SAS,1
KAILEY      ,SAS,0.9263
KAIMAL      ,SAS,1
KAING       ,CB,0.7809
KAINO       ,JA,0.8824
KAINTH      ,SAS,0.8869
KAINUMA     ,JA,0.9999
KAIPA       ,SAS,0.9216
KAISAR      ,SAS,0.5588
KAITA       ,JA,0.7453
KAITO       ,JA,0.9997
KAIZUKA     ,JA,1
KAJANI      ,SAS,0.8972
KAJI        ,JA,0.712
KAJIHARA    ,JA,0.9741
KAJIKAWA    ,JA,0.9999
KAJIMOTO    ,JA,0.9565
KAJIMURA    ,JA,0.9989
KAJINO      ,JA,1
KAJIOKA     ,JA,0.821
KAJITA      ,JA,0.95
KAJITANI    ,JA,0.9995
KAJIWARA    ,JA,0.9878
KAJIYA      ,JA,1
KAJIYAMA    ,JA,0.9999
KAJLA       ,SAS,0.8965
KAK         ,SAS,0.604
KAKADE      ,SAS,1
KAKADIA     ,SAS,1
KAKADIYA    ,SAS,1
KAKANI      ,SAS,1
KAKAR       ,AF,0.5207
KAKARALA    ,SAS,1
KAKARLA     ,SAS,1
KAKARLAPUDI ,SAS,1
KAKAZU      ,JA,0.7666
KAKEHASHI   ,JA,0.9987
KAKEHI      ,JA,1
KAKER       ,AF,0.8218
KAKI        ,SAS,0.5579
KAKIHARA    ,JA,1
KAKIMOTO    ,JA,1
KAKINUMA    ,JA,0.9739
KAKITA      ,JA,0.9988
KAKIUCHI    ,JA,1
KAKIZAKI    ,JA,1
KAKKAD      ,SAS,1
KAKKAR      ,SAS,0.9011
KAKU        ,JA,0.7559
KAKUDA      ,JA,0.8946
KAKUMANI    ,SAS,1
KAKUMANU    ,SAS,0.9725
KAKUNO      ,JA,0.9998
KAKUTA      ,JA,1
KAKUTANI    ,JA,1
KAL         ,XK,0.5164
KALA        ,SAS,0.5193
KALAGA      ,SAS,1
KALAGARA    ,SAS,1
KALAHASTI   ,SAS,1
KALAIR      ,SAS,1
KALAKOTA    ,SAS,1
KALAKUNTLA  ,SAS,1
KALAM       ,SAS,0.929
KALANI      ,SAS,0.6858
KALAPALA    ,SAS,1
KALAPATAPU  ,SAS,1
KALARIA     ,SAS,0.9225
KALARICKAL  ,SAS,0.9998
KALATHIL    ,SAS,1
KALAVAGUNTA ,SAS,1
KALAW       ,RP,0.9681
KALE        ,SAS,0.7916
KALEEM      ,SAS,0.9483
KALEKA      ,SAS,0.8375
KALER       ,SAS,0.625
KALIA       ,SAS,0.9004
KALIAPERUMAL,SAS,1
KALIAPPAN   ,SAS,1
KALIDINDI   ,SAS,1
KALIM       ,SAS,0.6923
KALIMUTHU   ,SAS,0.8333
KALIRAI     ,SAS,0.7857
KALIYAPERUMA,SAS,1
KALKAT      ,SAS,0.9573
KALLA       ,SAS,0.5318
KALLAKURI   ,SAS,1
KALLAM      ,SAS,0.7513
KALLARACKAL ,SAS,1
KALLEM      ,SAS,0.9506
KALLEPALLI  ,SAS,1
KALLI       ,SAS,0.5121
KALLU       ,SAS,0.747
KALLUR      ,SAS,1
KALLURI     ,SAS,1
KALLURU     ,SAS,1
KALOLA      ,SAS,1
KALOTA      ,SAS,0.6258
KALRA       ,SAS,0.9671
KALSI       ,SAS,0.8311
KALSOOM     ,SAS,1
KALUGDAN    ,RP,1
KALVA       ,SAS,0.976
KALWANI     ,SAS,0.7826
KALYAN      ,SAS,0.5665
KALYANAM    ,SAS,1
KALYANARAMAN,SAS,1
KALYANASUNDA,SAS,1
KALYANI     ,SAS,0.9663
KAM         ,GCA,0.6168
KAMACHI     ,JA,0.995
KAMADA      ,JA,0.9161
KAMAE       ,JA,0.7782
KAMAKURA    ,JA,0.8985
KAMAL       ,SAS,0.6146
KAMALA      ,SAS,0.6371
KAMALANATHAN,SAS,0.5926
KAMALUDDIN  ,SAS,0.5385
KAMANA      ,SAS,0.5195
KAMANI      ,SAS,0.7326
KAMANO      ,JA,0.5779
KAMARAJ     ,SAS,1
KAMARAJU    ,SAS,1
KAMARAJUGADD,SAS,1
KAMARUDDIN  ,MY,0.8235
KAMARUDIN   ,MY,0.9545
KAMAT       ,SAS,0.9903
KAMATA      ,JA,1
KAMATH      ,SAS,0.9832
KAMBAM      ,SAS,1
KAMBARA     ,JA,1
KAMBAYASHI  ,JA,1
KAMBE       ,JA,0.9684
KAMBHAM     ,SAS,1
KAMBHAMPATI ,SAS,1
KAMBLE      ,SAS,1
KAMBLI      ,SAS,1
KAMBOH      ,SAS,1
KAMBOJ      ,SAS,0.9906
KAMDAR      ,SAS,0.8938
KAMEDA      ,JA,0.988
KAMEI       ,JA,0.9391
KAMEMOTO    ,JA,0.9866
KAMEO       ,JA,0.6295
KAMEOKA     ,JA,0.9982
KAMETANI    ,JA,0.9997
KAMEYA      ,JA,0.9992
KAMEYAMA    ,JA,0.9569
KAMIBAYASHI ,JA,0.9737
KAMIDE      ,JA,0.8572
KAMIGAKI    ,JA,0.9788
KAMIHARA    ,JA,0.6804
KAMIJO      ,JA,1
KAMIKAWA    ,JA,0.8758
KAMIMOTO    ,JA,0.781
KAMIMURA    ,JA,0.9808
KAMINAGA    ,JA,0.6923
KAMINAKA    ,JA,0.9545
KAMINENI    ,SAS,1
KAMIO       ,JA,1
KAMIOKA     ,JA,1
KAMIREDDY   ,SAS,1
KAMISETTY   ,SAS,1
KAMITA      ,JA,0.8863
KAMITANI    ,JA,1
KAMIYA      ,JA,0.9563
KAMIYAMA    ,JA,0.9437
KAMMA       ,SAS,0.8985
KAMO        ,JA,0.8018
KAMON       ,JA,0.6299
KAMRA       ,SAS,0.9583
KAMRAN      ,SAS,0.7841
KAMRUDDIN   ,SAS,1
KAMRUZZAMAN ,SAS,0.9756
KAMURA      ,JA,0.9183
KAN         ,GCA,0.6679
KANADA      ,JA,0.7488
KANADE      ,SAS,0.9362
KANAGALA    ,SAS,1
KANAGARAJ   ,SAS,1
KANAGARATNAM,CE,0.7544
KANAGASABAPA,SAS,0.8448
KANAGAWA    ,JA,0.9999
KANAI       ,JA,0.9403
KANAKAMEDALA,SAS,1
KANAL       ,SAS,0.755
KANALA      ,SAS,1
KANAMARU    ,JA,1
KANAMORI    ,JA,0.9487
KANAOKA     ,JA,1
KANAPARTHI  ,SAS,1
KANARI      ,JA,0.6429
KANATANI    ,JA,1
KANAYA      ,JA,0.975
KANAYAMA    ,JA,1
KANAZAWA    ,JA,0.9842
KANCHAN     ,SAS,0.8615
KANCHARLA   ,SAS,1
KANCHERLA   ,SAS,1
KANCHI      ,SAS,1
KANCHWALA   ,SAS,1
KANDA       ,JA,0.6879
KANDAGATLA  ,SAS,1
KANDAHARI   ,AF,0.8611
KANDALA     ,SAS,1
KANDARPA    ,SAS,1
KANDASAMY   ,SAS,0.8366
KANDASWAMY  ,SAS,1
KANDATHIL   ,SAS,1
KANDEL      ,NP,0.5914
KANDHARI    ,SAS,1
KANDI       ,SAS,0.8797
KANDIAH     ,CE,0.7553
KANDIKONDA  ,SAS,1
KANDIMALLA  ,SAS,1
KANDOLA     ,SAS,0.7875
KANDRA      ,SAS,0.6823
KANDRU      ,SAS,1
KANDUKURI   ,SAS,1
KANDULA     ,SAS,0.9658
KANDURI     ,SAS,1
KANEDA      ,JA,0.9679
KANEGAE     ,JA,0.869
KANEGAWA    ,JA,0.8662
KANEHARA    ,JA,1
KANEHIRA    ,JA,0.9997
KANEKO      ,JA,0.9589
KANEMARU    ,JA,0.999
KANEMATSU   ,JA,1
KANEMITSU   ,JA,0.9453
KANEMORI    ,JA,0.9825
KANEMOTO    ,JA,0.7329
KANEMURA    ,JA,0.9823
KANERIA     ,SAS,0.947
KANESHIGE   ,JA,0.7169
KANETA      ,JA,0.9883
KANETAKE    ,JA,0.9927
KANETKAR    ,SAS,1
KANEYUKI    ,JA,0.9736
KANG        ,XK,0.8367
KANGLEON    ,RP,1
KANIE       ,JA,1
KANITKAR    ,SAS,1
KANJANABOUT ,LA,0.9988
KANJILAL    ,SAS,1
KANKANALA   ,SAS,1
KANKE       ,JA,0.9303
KANKIPATI   ,SAS,1
KANNA       ,SAS,0.5898
KANNAN      ,SAS,0.9616
KANNAPPAN   ,SAS,1
KANNEGANTI  ,SAS,1
KANNO       ,JA,0.8693
KANO        ,JA,0.8571
KANODIA     ,SAS,1
KANOJIA     ,SAS,1
KANSAGARA   ,SAS,1
KANSAGRA    ,SAS,0.8868
KANSAKAR    ,NP,1
KANSAL      ,SAS,0.9763
KANSARA     ,SAS,0.9737
KANT        ,SAS,0.6325
KANTA       ,SAS,0.8138
KANTAK      ,SAS,0.9178
KANTAMNENI  ,SAS,1
KANTAWALA   ,SAS,1
KANTESARIA  ,SAS,1
KANTH       ,SAS,1
KANTHETI    ,SAS,1
KANTIPUDI   ,SAS,1
KANUGA      ,SAS,1
KANUGANTI   ,SAS,1
KANUMURI    ,SAS,1
KANUNGO     ,SAS,1
KANURI      ,SAS,1
KANWAL      ,SAS,0.9821
KANWAR      ,SAS,0.9427
KANZAKI     ,JA,0.9846
KANZAWA     ,JA,0.9999
KAO         ,GCA,0.8988
KAP         ,BM,0.7856
KAPA        ,SAS,0.6647
KAPADIA     ,SAS,0.9253
KAPALI      ,SAS,0.6275
KAPASI      ,SAS,0.7342
KAPIL       ,SAS,0.9112
KAPILA      ,SAS,0.8889
KAPOOR      ,SAS,0.9144
KAPPA       ,SAS,0.5233
KAPPAGANTULA,SAS,1
KAPSE       ,SAS,1
KAPU        ,SAS,0.7768
KAPUR       ,SAS,0.9002
KAPURIA     ,SAS,1
KAR         ,SAS,0.766
KARAAN      ,RP,0.7878
KARAMALI    ,SAS,1
KARAMAT     ,SAS,0.726
KARAMCHANDAN,SAS,0.9068
KARANAM     ,SAS,1
KARANDE     ,SAS,1
KARANDIKAR  ,SAS,1
KARANI      ,SAS,0.5857
KARANJIA    ,SAS,0.9998
KARANTH     ,SAS,1
KARASAWA    ,JA,0.9814
KAREDIA     ,SAS,1
KARGANILLA  ,RP,0.9999
KARIA       ,SAS,0.6838
KARIM       ,SAS,0.6056
KARIMZADA   ,AF,1
KARINO      ,JA,1
KARIR       ,SAS,0.8421
KARIYA      ,JA,0.8805
KARKARE     ,SAS,1
KARKERA     ,SAS,1
KARKHANIS   ,SAS,1
KARKI       ,NP,0.711
KARLA       ,SAS,0.6743
KARMACHARYA ,NP,0.9613
KARMAKAR    ,SAS,1
KARMAKER    ,SAS,1
KARMARKAR   ,SAS,0.9779
KARNADI     ,BIA,0.8958
KARNAM      ,SAS,1
KARNANI     ,SAS,0.9149
KARNATI     ,SAS,1
KARNE       ,SAS,1
KARNIK      ,SAS,0.9301
KARPE       ,SAS,0.863
KARRA       ,SAS,0.9542
KARRE       ,SAS,0.6891
KARRI       ,SAS,1
KARTHA      ,SAS,0.954
KARTHIK     ,SAS,0.9329
KARTHIKEYAN ,SAS,0.9992
KARTIK      ,SAS,0.9942
KARTIKA     ,BIA,0.8939
KARTONO     ,BIA,0.9024
KARUBE      ,JA,1
KARUMANCHI  ,SAS,1
KARUMURI    ,SAS,1
KARUNAKARAN ,SAS,0.9081
KARUNANITHI ,SAS,1
KARUNARATNE ,CE,0.8821
KARUPPIAH   ,SAS,0.7765
KARUTURI    ,SAS,1
KARVE       ,SAS,0.9417
KARWA       ,SAS,0.9048
KARWAL      ,SAS,0.9969
KARZAI      ,AF,0.9206
KASABWALA   ,SAS,0.9999
KASAHARA    ,JA,0.9848
KASAI       ,JA,0.9545
KASALA      ,SAS,0.641
KASAM       ,SAS,1
KASAMA      ,JA,1
KASAMATSU   ,JA,0.9559
KASARANENI  ,SAS,1
KASARLA     ,SAS,1
KASAT       ,SAS,0.999
KASBATI     ,SAS,1
KASBEKAR    ,SAS,1
KASE        ,JA,0.5857
KASEDA      ,JA,0.9993
KASERA      ,SAS,0.8182
KASHEM      ,SAS,0.9618
KASHIF      ,SAS,0.9699
KASHIHARA   ,JA,1
KASHIKAR    ,SAS,0.9483
KASHIMA     ,JA,0.985
KASHIMOTO   ,JA,0.9988
KASHIMURA   ,JA,1
KASHINO     ,JA,0.8826
KASHIWA     ,JA,0.9964
KASHIWABARA ,JA,0.9859
KASHIWADA   ,JA,0.9982
KASHIWAGI   ,JA,0.989
KASHMIRI    ,SAS,0.8763
KASHYAP     ,SAS,0.9346
KASI        ,SAS,0.8462
KASIBHATLA  ,SAS,1
KASILAG     ,RP,1
KASINADHUNI ,SAS,1
KASINATHAN  ,SAS,0.8929
KASIREDDY   ,SAS,1
KASIVISWANAT,SAS,1
KASLIWAL    ,SAS,1
KASMANI     ,SAS,0.6667
KASTHURI    ,SAS,1
KASTURI     ,SAS,1
KASU        ,SAS,0.8772
KASUGA      ,JA,0.9539
KASULA      ,SAS,0.9367
KASUYA      ,JA,1
KATADA      ,JA,0.7222
KATAGIRI    ,JA,0.9908
KATAHIRA    ,JA,0.9997
KATAKAM     ,SAS,1
KATAKURA    ,JA,1
KATAM       ,SAS,0.9423
KATANO      ,JA,0.9741
KATAOKA     ,JA,0.9801
KATARA      ,SAS,1
KATARE      ,SAS,1
KATARI      ,SAS,0.9029
KATARIA     ,SAS,0.949
KATARIYA    ,SAS,1
KATAYAMA    ,JA,0.9441
KATAYANAGI  ,JA,0.9999
KATDARE     ,SAS,1
KATE        ,SAS,0.6206
KATEL       ,BT,0.716
KATHAWALA   ,SAS,1
KATHI       ,SAS,0.9268
KATHIRESAN  ,SAS,1
KATHIRVEL   ,SAS,1
KATHURIA    ,SAS,0.9682
KATIGBAK    ,RP,0.9828
KATIKANENI  ,SAS,1
KATIMBANG   ,RP,1
KATINDIG    ,RP,0.9999
KATIPUNAN   ,RP,1
KATIYAR     ,SAS,1
KATKAR      ,SAS,1
KATO        ,JA,0.9413
KATOCH      ,SAS,0.9999
KATOH       ,JA,1
KATOR       ,AF,0.5329
KATORI      ,JA,1
KATRAGADDA  ,SAS,1
KATRAK      ,SAS,1
KATRE       ,SAS,1
KATSU       ,JA,1
KATSUBE     ,JA,1
KATSUDA     ,JA,0.8718
KATSUKI     ,JA,1
KATSUMATA   ,JA,0.9898
KATSUMI     ,JA,1
KATSUMOTO   ,JA,0.9219
KATSUNO     ,JA,1
KATSURA     ,JA,0.9332
KATSUTA     ,JA,0.7847
KATSUYAMA   ,JA,1
KATTA       ,SAS,0.9497
KATTAMURI   ,SAS,1
KATTE       ,SAS,0.8381
KATTEL      ,NP,0.814
KATTI       ,SAS,1
KATURI      ,SAS,1
KATUWAL     ,NP,0.6988
KATWALA     ,SAS,1
KATYAL      ,SAS,0.9032
KAU         ,GCA,0.5661
KAUH        ,XK,1
KAUL        ,SAS,0.8628
KAUNG       ,BM,0.5909
KAUR        ,SAS,0.9728
KAURA       ,SAS,0.8
KAUSAR      ,SAS,0.9882
KAUSER      ,SAS,0.9688
KAUSHAL     ,SAS,0.9626
KAUSHIK     ,SAS,0.9823
KAVALA      ,SAS,0.9787
KAVALI      ,SAS,0.9956
KAVETI      ,SAS,1
KAVI        ,SAS,0.7778
KAVURI      ,SAS,1
KAVURU      ,SAS,1
KAWABATA    ,JA,0.9764
KAWABE      ,JA,1
KAWACHI     ,JA,0.9678
KAWADA      ,JA,0.9691
KAWAGISHI   ,JA,1
KAWAGOE     ,JA,1
KAWAGUCHI   ,JA,0.9621
KAWAHARA    ,JA,0.965
KAWAHATA    ,JA,0.9999
KAWAHIRA    ,JA,1
KAWAI       ,JA,0.9755
KAWAJIRI    ,JA,1
KAWAKAMI    ,JA,0.9523
KAWAKATSU   ,JA,1
KAWAKITA    ,JA,1
KAWAKUBO    ,JA,1
KAWAMATA    ,JA,1
KAWAMOTO    ,JA,0.9241
KAWAMURA    ,JA,0.9555
KAWANA      ,JA,0.9996
KAWANABE    ,JA,1
KAWANAKA    ,JA,1
KAWANAMI    ,JA,1
KAWANISHI   ,JA,1
KAWANO      ,JA,0.9488
KAWAOKA     ,JA,0.8075
KAWASAKI    ,JA,0.9593
KAWASE      ,JA,1
KAWASHIMA   ,JA,0.9884
KAWASHIRI   ,JA,0.986
KAWASUMI    ,JA,1
KAWATA      ,JA,0.9694
KAWATE      ,JA,0.9998
KAWATO      ,JA,1
KAWATRA     ,SAS,1
KAWAUCHI    ,JA,1
KAWAZOE     ,JA,0.9799
KAWAZU      ,JA,1
KAWSAR      ,SAS,1
KAYAMA      ,JA,0.9661
KAYANI      ,SAS,0.957
KAYANO      ,JA,0.9059
KAYASTHA    ,NP,0.5276
KAYO        ,JA,0.6149
KAZA        ,SAS,0.9802
KAZAL       ,SAS,0.8266
KAZAMA      ,JA,0.9469
KAZANI      ,SAS,0.8095
KAZI        ,SAS,0.9264
KAZIM       ,SAS,0.573
KAZMI       ,SAS,0.931
KC          ,NP,0.9513
KE          ,GCA,0.8659
KEAM        ,CB,0.6551
KEANG       ,CB,0.9997
KEAT        ,CB,0.6502
KEDIA       ,SAS,1
KEEM        ,XK,0.9328
KEERTHI     ,SAS,1
KEESARA     ,SAS,1
KEI         ,GCA,0.6259
KEJRIWAL    ,SAS,1
KELAM       ,SAS,0.9578
KELKAR      ,SAS,0.9869
KELLA       ,SAS,0.7572
KEM         ,CB,0.823
KEMPIS      ,RP,0.9271
KENG        ,GCA,0.6039
KENI        ,SAS,0.8597
KENIA       ,SAS,0.9962
KENY        ,SAS,0.8643
KEO         ,CB,0.8167
KEODARA     ,LA,0.9505
KEODOUANGDY ,LA,0.9166
KEODOUANGSY ,LA,0.9995
KEOHAVONG   ,LA,0.9332
KEOKHAM     ,LA,0.9089
KEOLA       ,LA,0.7898
KEOMAHAVONG ,LA,0.9998
KEOMANIVONG ,LA,0.9562
KEOMANY     ,LA,0.8695
KEOMANYVONG ,LA,0.8477
KEOMOUNGKHOU,LA,0.8734
KEONG       ,MY,0.6486
KEOPANYA    ,LA,0.7451
KEOPASEUTH  ,LA,0.8302
KEOPHILAVANH,LA,0.8094
KEOPRASEUTH ,LA,0.9639
KEOSAVANG   ,LA,0.9143
KEOVILAY    ,LA,0.8833
KEOVONGPHET ,LA,0.8409
KEOVONGSA   ,LA,0.9247
KEOVORABOUTH,LA,0.8682
KEP         ,CB,0.8378
KERAI       ,SAS,0.5714
KERAWALA    ,SAS,1
KERK        ,MY,0.6226
KERKAR      ,SAS,1
KES         ,CB,0.5658
KESANI      ,SAS,0.8654
KESAR       ,SAS,0.7538
KESARI      ,SAS,1
KESAVAN     ,SAS,0.9536
KESHAV      ,SAS,0.7209
KESHAVA     ,SAS,1
KESHAVAMURTH,SAS,1
KESHAVAN    ,SAS,1
KESHWANI    ,SAS,0.9695
KESIREDDY   ,SAS,1
KESKAR      ,SAS,1
KESWANI     ,SAS,0.8566
KET         ,CB,0.6598
KETH        ,CB,0.8991
KETHA       ,SAS,1
KETHINENI   ,SAS,1
KETHIREDDY  ,SAS,0.963
KETKAR      ,SAS,1
KETTAVONG   ,LA,0.92
KEUM        ,XK,0.9801
KEUNG       ,GCA,0.938
KEUTH       ,CB,0.6158
KEWALRAMANI ,SAS,1
KHA         ,VM,0.7677
KHABRA      ,SAS,0.7796
KHADE       ,SAS,1
KHADGI      ,NP,1
KHADILKAR   ,SAS,1
KHADIM      ,SAS,0.5593
KHADIR      ,SAS,0.5122
KHADKA      ,NP,0.663
KHADRI      ,SAS,0.7021
KHAI        ,BM,0.8283
KHAING      ,BM,0.8375
KHAIRA      ,SAS,0.8504
KHAIRNAR    ,SAS,1
KHAIRZADA   ,AF,0.9491
KHAITAN     ,SAS,1
KHAJA       ,SAS,0.8498
KHAJURIA    ,SAS,0.9444
KHAKH       ,SAS,0.945
KHAKHAR     ,SAS,1
KHAKWANI    ,SAS,1
KHALASI     ,SAS,0.9735
KHALECK     ,LA,0.8472
KHALEQUE    ,SAS,1
KHALID      ,SAS,0.7763
KHALILULLAH ,SAS,0.6
KHALIQ      ,SAS,0.9072
KHALIQI     ,AF,0.9629
KHALIQUE    ,SAS,0.9659
KHAMAR      ,SAS,0.8283
KHAMBATI    ,SAS,1
KHAMBATTA   ,SAS,0.9215
KHAMBHATI   ,SAS,1
KHAMMANIVONG,LA,0.9748
KHAMMANY    ,LA,0.9994
KHAMPHANH   ,LA,0.857
KHAMPHAVONG ,LA,0.8387
KHAMPHILAVON,LA,0.9999
KHAMPHOUMY  ,LA,0.9339
KHAMPHOUVONG,LA,0.7659
KHAMPHOUY   ,LA,0.9998
KHAMSOMPHOU ,LA,0.9994
KHAMSOUK    ,LA,0.8771
KHAMVONGSA  ,LA,0.9038
KHAMVONGSOUK,LA,0.9997
KHAN        ,SAS,0.8091
KHANAL      ,NP,0.6068
KHANAM      ,SAS,0.9754
KHANANI     ,SAS,0.8696
KHANDAKAR   ,SAS,1
KHANDAKER   ,SAS,0.9219
KHANDAVALLI ,SAS,1
KHANDEKAR   ,SAS,1
KHANDELWAL  ,SAS,0.9916
KHANDHAR    ,SAS,1
KHANDKER    ,SAS,0.9221
KHANDOKER   ,SAS,1
KHANDPUR    ,SAS,1
KHANDUJA    ,SAS,0.9111
KHANDWALA   ,SAS,0.9649
KHANG       ,LA,0.5976
KHANGURA    ,SAS,0.9127
KHANN       ,CB,0.739
KHANNA      ,SAS,0.9238
KHANOLKAR   ,SAS,0.9681
KHANOM      ,SAS,0.976
KHANTHAVONG ,LA,0.8029
KHANUJA     ,SAS,1
KHANUM      ,SAS,0.9788
KHANZADA    ,SAS,0.9999
KHAO        ,CB,0.7948
KHAOONE     ,LA,0.9921
KHAR        ,BM,0.5968
KHARA       ,SAS,0.9423
KHARAL      ,SAS,0.8511
KHARAS      ,SAS,0.8158
KHARAT      ,SAS,0.9048
KHARBANDA   ,SAS,0.9735
KHARE       ,SAS,0.9948
KHAREL      ,NP,0.5991
KHARKAR     ,SAS,1
KHAROD      ,SAS,1
KHARVA      ,SAS,1
KHAT        ,CB,0.8701
KHATANA     ,SAS,1
KHATH       ,CB,0.8059
KHATIWADA   ,BT,0.5678
KHATIWALA   ,SAS,1
KHATIWODA   ,BT,0.7287
KHATKAR     ,SAS,0.9242
KHATON      ,SAS,1
KHATOON     ,SAS,0.9689
KHATRA      ,SAS,1
KHATRI      ,SAS,0.7049
KHATTAK     ,SAS,0.9787
KHATTAR     ,SAS,0.5761
KHATTER     ,SAS,0.9999
KHATTRA     ,SAS,1
KHATTRI     ,SAS,0.5435
KHATUN      ,SAS,0.9648
KHATWANI    ,SAS,0.9508
KHAU        ,VM,0.7565
KHAUV       ,CB,0.9645
KHAWAJA     ,SAS,0.8091
KHAWAR      ,SAS,0.9412
KHAWJA      ,SAS,0.725
KHAY        ,CB,0.647
KHEANG      ,CB,0.9341
KHEAV       ,CB,0.7838
KHEDEKAR    ,SAS,1
KHEDKAR     ,SAS,1
KHEHRA      ,SAS,1
KHEK        ,CB,0.8679
KHELA       ,SAS,0.5909
KHEM        ,CB,0.8915
KHEMANI     ,SAS,0.9792
KHEMCHANDANI,SAS,0.8222
KHEMKA      ,SAS,1
KHEMLANI    ,SAS,0.5167
KHEMMANIVONG,LA,0.9995
KHENG       ,CB,0.6623
KHER        ,SAS,0.9144
KHERA       ,SAS,0.9078
KHERAJ      ,SAS,0.6984
KHERANI     ,SAS,0.8281
KHETAN      ,SAS,0.956
KHETANI     ,SAS,0.9514
KHETARPAL   ,SAS,0.9439
KHETERPAL   ,SAS,1
KHIANI      ,SAS,1
KHIEU       ,CB,0.5397
KHIEV       ,CB,0.8798
KHILJI      ,SAS,1
KHILNANI    ,SAS,0.9587
KHIM        ,CB,0.6358
KHIMANI     ,SAS,0.9312
KHIN        ,BM,0.6489
KHINDA      ,SAS,0.9133
KHINDRI     ,SAS,1
KHINE       ,BM,0.8866
KHIV        ,CB,0.7741
KHIZAR      ,SAS,1
KHLOK       ,CB,0.9996
KHOE        ,BIA,0.6881
KHOEUM      ,CB,0.9885
KHOEUN      ,CB,0.7484
KHOJA       ,SAS,0.8226
KHOKHAR     ,SAS,0.9414
KHOKHER     ,SAS,0.8605
KHOL        ,CB,0.7933
KHOM        ,CB,0.8333
KHON        ,CB,0.6368
KHONA       ,SAS,1
KHONDAKER   ,SAS,1
KHONDKER    ,SAS,0.9997
KHONDOKER   ,SAS,1
KHONG       ,VM,0.7223
KHOO        ,MY,0.5501
KHOONSRIVONG,LA,0.7818
KHOPKAR     ,SAS,1
KHOR        ,MY,0.7684
KHORANA     ,SAS,0.8125
KHORN       ,CB,0.8903
KHOSA       ,SAS,0.8882
KHOSLA      ,SAS,0.9049
KHOT        ,SAS,0.891
KHOTPANYA   ,LA,0.9998
KHOTSOMBATH ,LA,0.8919
KHOU        ,CB,0.7591
KHOUN       ,CB,0.8024
KHOUNLO     ,LA,0.7908
KHOUNTHAVONG,LA,1
KHOUW       ,BIA,0.7857
KHOV        ,CB,0.9222
KHOWAJA     ,SAS,0.9762
KHOY        ,CB,0.8119
KHUAL       ,BM,0.898
KHUAT       ,VM,1
KHUBANI     ,SAS,0.8769
KHUBCHANDANI,SAS,0.8254
KHUC        ,VM,0.9741
KHULLAR     ,SAS,0.9733
KHUN        ,CB,0.7627
KHUNKHUN    ,SAS,0.7755
KHUON       ,CB,0.8831
KHUONG      ,VM,0.935
KHUP        ,BM,0.9351
KHURANA     ,SAS,0.9591
KHURRAM     ,SAS,0.9727
KHURSHEED   ,SAS,0.9722
KHURSHID    ,SAS,0.9424
KHUSHALANI  ,SAS,0.94
KHUSRO      ,SAS,0.9999
KHUT        ,CB,0.9293
KHUTH       ,CB,0.8623
KHUU        ,VM,0.9221
KHUWAJA     ,SAS,1
KHWAJA      ,SAS,0.77
KHY         ,CB,0.9298
KHYM        ,XK,0.9993
KI          ,XK,0.6772
KIAMCO      ,RP,1
KIANG       ,GCA,0.849
KIBA        ,JA,0.9998
KIBRIA      ,SAS,0.9808
KIDA        ,JA,0.7891
KIDAMBI     ,SAS,1
KIDERA      ,JA,0.9942
KIDO        ,JA,0.968
KIDOKORO    ,JA,1
KIDWAI      ,SAS,0.9366
KIEM        ,VM,0.5821
KIEN        ,VM,0.8252
KIENG       ,CB,0.6712
KIERULF     ,RP,0.92
KIEU        ,VM,0.9596
KIGAWA      ,JA,1
KIHARA      ,JA,0.6753
KII         ,JA,1
KIJIMA      ,JA,1
KIKANI      ,SAS,1
KIKAWA      ,JA,0.7892
KIKKAWA     ,JA,1
KIKUCHI     ,JA,0.9759
KIKUGAWA    ,JA,0.9957
KIKUKAWA    ,JA,1
KIKUMOTO    ,JA,0.9986
KIKUTA      ,JA,0.9994
KIKUYAMA    ,JA,0.7498
KIL         ,XK,0.9052
KILAMBI     ,SAS,1
KILARI      ,SAS,1
KILARU      ,SAS,1
KILAYKO     ,RP,0.9999
KILLI       ,SAS,0.5478
KIM         ,XK,0.9474
KIMATA      ,JA,0.8918
KIMCHO      ,XK,1
KIMCHOI     ,XK,1
KIMHAN      ,XK,0.9999
KIMIZUKA    ,JA,0.999
KIMLEE      ,XK,0.9663
KIMM        ,XK,0.6957
KIMOTO      ,JA,0.9298
KIMPARK     ,XK,1
KIMPO       ,RP,0.9997
KIMURA      ,JA,0.9451
KINARIWALA  ,SAS,1
KINGER      ,SAS,0.9955
KINGKEO     ,CB,0.5833
KINGRA      ,SAS,1
KINGSADA    ,LA,0.85
KINI        ,SAS,0.9189
KINJO       ,JA,0.9725
KINKHABWALA ,SAS,0.9996
KINO        ,JA,0.9677
KINOL       ,RP,0.9825
KINOSHITA   ,JA,0.9443
KINRA       ,SAS,1
KINTANAR    ,RP,1
KINUGAWA    ,JA,1
KIRA        ,JA,0.5889
KIRAN       ,SAS,0.6771
KIRIHARA    ,JA,0.9914
KIRIU       ,JA,0.9145
KIRIYAMA    ,JA,1
KIRMANI     ,SAS,0.8846
KIRPALANI   ,SAS,0.7047
KIRTANE     ,SAS,1
KIRUBAKARAN ,SAS,0.9999
KISE        ,JA,0.5596
KISHABA     ,JA,0.89
KISHAN      ,SAS,1
KISHI       ,JA,0.966
KISHIDA     ,JA,1
KISHIKAWA   ,JA,1
KISHIMOTO   ,JA,0.9503
KISHINO     ,JA,1
KISHIYAMA   ,JA,0.541
KISHNANI    ,SAS,1
KISHOR      ,SAS,0.6154
KISHORE     ,SAS,0.7621
KISO        ,JA,0.8254
KISON       ,RP,0.7453
KITA        ,JA,0.6916
KITABAYASHI ,JA,0.9997
KITADA      ,JA,1
KITADE      ,JA,1
KITAGAWA    ,JA,0.9633
KITAGUCHI   ,JA,1
KITAHARA    ,JA,0.9688
KITAHATA    ,JA,0.9934
KITAI       ,JA,0.9365
KITAJIMA    ,JA,0.9784
KITAMI      ,JA,1
KITAMORI    ,JA,0.9999
KITAMOTO    ,JA,1
KITAMURA    ,JA,0.9785
KITANI      ,JA,1
KITANO      ,JA,1
KITAO       ,JA,1
KITAOKA     ,JA,0.9746
KITAURA     ,JA,0.9999
KITAYAMA    ,JA,0.9631
KITAZAKI    ,JA,0.999
KITAZAWA    ,JA,0.9742
KITAZUME    ,JA,1
KITH        ,CB,0.9351
KITO        ,JA,1
KITSU       ,JA,0.9592
KITTA       ,JA,0.75
KITTAKA     ,JA,0.9988
KITTIRATH   ,LA,1
KITTUR      ,SAS,1
KIU         ,GCA,0.7377
KIUCHI      ,JA,1
KIYAMA      ,JA,0.9208
KIYANI      ,SAS,0.75
KIYOHARA    ,JA,0.9504
KIYOKAWA    ,JA,0.924
KIYONAGA    ,JA,0.8322
KIYONO      ,JA,0.9613
KIYOTA      ,JA,0.9538
KIYUNA      ,JA,0.7916
KIZAKI      ,JA,1
KIZAWA      ,JA,1
KIZILBASH   ,SAS,0.9999
KIZUKA      ,JA,0.8618
KLAIR       ,SAS,0.9492
KLAW        ,BM,0.9097
KLO         ,BM,0.7556
KO          ,XK,0.5591
KOAY        ,MY,0.8644
KOBA        ,JA,0.5039
KOBARA      ,JA,0.6902
KOBARI      ,JA,0.8571
KOBASHI     ,JA,0.9998
KOBASHIGAWA ,JA,0.5967
KOBATA      ,JA,0.8773
KOBATAKE    ,JA,0.8912
KOBAYAKAWA  ,JA,1
KOBAYASHI   ,JA,0.9587
KOBORI      ,JA,1
KOCHAR      ,SAS,0.7699
KOCHHAR     ,SAS,0.9554
KOCHI       ,JA,0.7135
KODA        ,JA,0.8207
KODAIRA     ,JA,1
KODAKA      ,JA,0.962
KODALI      ,SAS,1
KODAMA      ,JA,0.9485
KODANI      ,JA,0.913
KODATI      ,SAS,1
KODE        ,SAS,1
KODERA      ,JA,0.976
KODUKULA    ,SAS,1
KODUR       ,SAS,0.8749
KODURI      ,SAS,1
KODURU      ,SAS,1
KOEUT       ,CB,0.8666
KOEUTH      ,CB,0.8786
KOGA        ,JA,0.9084
KOGANTI     ,SAS,1
KOGAWA      ,JA,1
KOGO        ,JA,0.5652
KOGUCHI     ,JA,0.9012
KOGURE      ,JA,0.9811
KOH         ,XK,0.5556
KOHAGURA    ,JA,0.847
KOHAMA      ,JA,0.9691
KOHAR       ,BIA,0.7203
KOHARA      ,JA,0.9455
KOHARI      ,SAS,0.5941
KOHASHI     ,JA,0.9991
KOHGADAI    ,AF,0.9538
KOHISTANI   ,AF,1
KOHLI       ,SAS,0.9172
KOHNO       ,JA,0.9703
KOIDE       ,JA,1
KOIKE       ,JA,0.9409
KOIRALA     ,NP,0.61
KOIZUMI     ,JA,0.9724
KOJIMA      ,JA,0.9724
KOJO        ,JA,0.5145
KOKA        ,SAS,0.5099
KOKUBO      ,JA,0.9638
KOKUBU      ,JA,1
KOKUBUN     ,JA,0.9342
KOLADY      ,SAS,0.9993
KOLAN       ,SAS,0.5575
KOLEY       ,SAS,0.812
KOLHATKAR   ,SAS,1
KOLHE       ,SAS,1
KOLI        ,SAS,0.6848
KOLIA       ,SAS,0.6667
KOLIPAKA    ,SAS,1
KOLKE       ,JA,0.6547
KOLLA       ,SAS,1
KOLLI       ,SAS,0.9907
KOLLIPARA   ,SAS,1
KOLLU       ,SAS,1
KOLLURI     ,SAS,1
KOLLURU     ,SAS,1
KOLTE       ,SAS,0.9999
KOLY        ,SAS,0.67
KOMADA      ,JA,0.8717
KOMAGATA    ,JA,1
KOMAI       ,JA,0.9615
KOMAKI      ,JA,1
KOMAL       ,SAS,0.6323
KOMALA      ,BIA,0.7168
KOMANDUR    ,SAS,1
KOMANDURI   ,SAS,1
KOMARAGIRI  ,SAS,1
KOMARAVOLU  ,SAS,1
KOMATA      ,JA,0.997
KOMATIREDDY ,SAS,1
KOMATSU     ,JA,0.956
KOMATSUBARA ,JA,1
KOMATSUZAKI ,JA,1
KOMETANI    ,JA,0.9992
KOMINAMI    ,JA,1
KOMINE      ,JA,1
KOMIYA      ,JA,0.9606
KOMIYAMA    ,JA,1
KOMMA       ,SAS,0.9983
KOMMALAPATI ,SAS,1
KOMMANA     ,SAS,1
KOMMARAJU   ,SAS,1
KOMMAREDDY  ,SAS,1
KOMMERA     ,SAS,1
KOMMIDI     ,SAS,1
KOMMINENI   ,SAS,1
KOMMU       ,SAS,1
KOMMURI     ,SAS,1
KOMODA      ,JA,0.9911
KOMORI      ,JA,0.9524
KOMOTO      ,JA,0.9971
KOMPELLA    ,SAS,1
KOMURA      ,JA,0.9801
KOMURO      ,JA,1
KONA        ,SAS,0.8265
KONAKANCHI  ,SAS,1
KONANUR     ,SAS,0.8529
KONAR       ,SAS,0.65
KONATHAM    ,SAS,1
KONDA       ,SAS,0.8272
KONDAM      ,SAS,1
KONDAPALLI  ,SAS,1
KONDAPALLY  ,SAS,1
KONDAPANENI ,SAS,1
KONDAPI     ,SAS,1
KONDAVEETI  ,SAS,1
KONDETI     ,SAS,1
KONDO       ,JA,0.9396
KONDOH      ,JA,0.8983
KONDRAGUNTA ,SAS,1
KONDUR      ,SAS,0.9107
KONDURI     ,SAS,1
KONDURU     ,SAS,1
KONERU      ,SAS,1
KONGARA     ,SAS,1
KONGDARA    ,LA,0.9999
KONGKEO     ,LA,0.7778
KONGMANIVONG,LA,1
KONGMANY    ,LA,0.8329
KONISHI     ,JA,0.9782
KONKA       ,SAS,0.9948
KONNO       ,JA,0.9581
KONO        ,JA,0.928
KONTHAM     ,SAS,1
KONUMA      ,JA,0.898
KOO         ,XK,0.6491
KOOK        ,XK,0.8609
KOONER      ,SAS,0.7619
KOPPAL      ,SAS,0.9852
KOPPARAPU   ,SAS,1
KOPPIKAR    ,SAS,1
KOPPOLU     ,SAS,1
KOPPULA     ,SAS,1
KORADA      ,SAS,1
KORADIA     ,SAS,0.9375
KORAH       ,SAS,0.979
KORDE       ,SAS,0.9623
KORENAGA    ,JA,0.9995
KORGAONKAR  ,SAS,1
KORITALA    ,SAS,1
KORM        ,CB,0.9988
KOROGI      ,JA,0.9782
KOROMPIS    ,BIA,0.875
KORRAPATI   ,SAS,1
KORUTHU     ,SAS,0.9412
KOSAI       ,JA,0.9969
KOSAKA      ,JA,0.9541
KOSAKI      ,JA,0.9998
KOSARAJU    ,SAS,1
KOSASIH     ,BIA,0.9061
KOSEKI      ,JA,1
KOSHAN      ,AF,0.7815
KOSHI       ,JA,0.5055
KOSHIBA     ,JA,0.7523
KOSHIKAWA   ,JA,1
KOSHIMIZU   ,JA,0.9998
KOSHINO     ,JA,1
KOSHIO      ,JA,1
KOSHIYAMA   ,JA,0.995
KOSHY       ,SAS,0.9305
KOSOL       ,TH,0.6719
KOSUGE      ,JA,1
KOSUGI      ,JA,1
KOSURI      ,SAS,1
KOSURU      ,SAS,1
KOTA        ,SAS,0.9224
KOTADIA     ,SAS,0.9725
KOTAGIRI    ,SAS,1
KOTAK       ,SAS,0.8674
KOTAKA      ,JA,0.9993
KOTAKE      ,JA,0.9995
KOTAKI      ,JA,1
KOTAMRAJU   ,SAS,1
KOTANI      ,JA,0.9559
KOTAPATI    ,SAS,1
KOTARU      ,SAS,1
KOTERA      ,JA,0.9981
KOTHA       ,SAS,0.9861
KOTHAKOTA   ,SAS,1
KOTHAMASU   ,SAS,1
KOTHANDARAMA,SAS,1
KOTHAPALLI  ,SAS,1
KOTHAPALLY  ,SAS,1
KOTHARE     ,SAS,0.9412
KOTHARI     ,SAS,0.9393
KOTHARY     ,SAS,0.6119
KOTHAWALA   ,SAS,0.963
KOTHURI     ,SAS,1
KOTI        ,SAS,0.6782
KOTIAN      ,SAS,0.9655
KOTIKALAPUDI,SAS,1
KOTIPALLI   ,SAS,1
KOTLA       ,SAS,1
KOTO        ,JA,0.6774
KOTRA       ,SAS,0.94
KOTTA       ,SAS,0.9338
KOTTAPALLI  ,SAS,1
KOTTE       ,SAS,0.8227
KOTTI       ,SAS,0.7998
KOTTOOR     ,SAS,1
KOTVAL      ,SAS,0.6823
KOTWAL      ,SAS,0.9408
KOTWANI     ,SAS,1
KOU         ,GCA,0.7695
KOUCH       ,CB,0.7333
KOUCHI      ,JA,0.8955
KOUL        ,SAS,0.9381
KOULAVONG   ,LA,0.8619
KOUNLABOUT  ,LA,0.9998
KOUNLAVONG  ,LA,0.9242
KOUNNAVONG  ,LA,0.8823
KOUR        ,SAS,0.8561
KOUSAR      ,SAS,1
KOUSER      ,SAS,0.9996
KOUSHIK     ,SAS,0.9998
KOV         ,CB,1
KOVI        ,SAS,0.803
KOVOOR      ,SAS,0.9454
KOVVURI     ,SAS,1
KOY         ,CB,0.8105
KOYA        ,SAS,0.5178
KOYAMA      ,JA,0.9586
KOYANAGI    ,JA,0.9606
KOYANO      ,JA,1
KOYASU      ,JA,1
KOZAI       ,JA,0.9979
KOZAKI      ,JA,1
KOZAWA      ,JA,1
KOZONO      ,JA,1
KOZU        ,JA,1
KOZUKA      ,JA,1
KOZUKI      ,JA,0.9821
KOZUMA      ,JA,0.8929
KPA         ,VM,0.9765
KPAW        ,BM,0.5686
KPUIH       ,VM,1
KRAJAN      ,VM,0.9999
KREAL       ,CB,0.8679
KRIPALANI   ,SAS,0.95
KRIPLANI    ,SAS,1
KRISH       ,SAS,0.7361
KRISHAN     ,SAS,0.8656
KRISHNA     ,SAS,0.8025
KRISHNAKUMA ,SAS,1
KRISHNAKUMAR,SAS,0.9457
KRISHNAMACHA,SAS,1
KRISHNAMOORT,SAS,0.9694
KRISHNAMURT ,SAS,1
KRISHNAMURTH,SAS,0.9834
KRISHNAMURTI,SAS,0.95
KRISHNAN    ,SAS,0.9346
KRISHNANKUTT,SAS,1
KRISHNAPPA  ,SAS,1
KRISHNARAJ  ,SAS,1
KRISHNASAMY ,SAS,0.8817
KRISHNASWAMI,SAS,1
KRISHNASWAMY,SAS,1
KRISTANTO   ,BIA,0.9206
KRISTIANTO  ,BIA,0.9184
KROCH       ,CB,0.825
KROTHAPALLI ,SAS,1
KROUCH      ,CB,0.8766
KROVVIDI    ,SAS,1
KRUY        ,CB,0.9995
KRY         ,CB,0.7499
KSHATRIYA   ,SAS,1
KSHIRSAGAR  ,SAS,1
KSOR        ,VM,0.9503
KU          ,GCA,0.5398
KUAH        ,SN,0.5574
KUAI        ,GCA,0.8667
KUAN        ,GCA,0.716
KUANG       ,GCA,0.9867
KUBER       ,SAS,0.7386
KUBO        ,JA,0.9608
KUBOI       ,JA,0.9987
KUBOKAWA    ,JA,0.9981
KUBOTA      ,JA,0.9542
KUBOYAMA    ,JA,0.986
KUCHIBHATLA ,SAS,1
KUCHIBHOTLA ,SAS,1
KUCHIMANCHI ,SAS,1
KUCHIPUDI   ,SAS,1
KUDARAVALLI ,SAS,1
KUDIA       ,SAS,0.8768
KUDO        ,JA,0.961
KUDUMULA    ,SAS,1
KUDVA       ,SAS,1
KUE         ,LA,0.7059
KUEH        ,MY,0.717
KUEI        ,GCA,0.9538
KUEN        ,GCA,0.6161
KUGA        ,JA,0.951
KUGE        ,JA,0.9923
KUI         ,GCA,0.9325
KUIKEL      ,BT,0.7108
KUIZON      ,RP,1
KUK         ,XK,0.5175
KUKI        ,JA,1
KUKREJA     ,SAS,0.9478
KUKRETI     ,SAS,1
KULANGARA   ,SAS,1
KULAR       ,SAS,0.7843
KULKARNI    ,SAS,0.9859
KULLAR      ,SAS,0.6875
KULSHRESHTHA,SAS,1
KULSHRESTHA ,SAS,1
KULSUM      ,SAS,0.8901
KUMABE      ,JA,0.9737
KUMADA      ,JA,0.9619
KUMAGAI     ,JA,0.9606
KUMAI       ,JA,0.9932
KUMAKI      ,JA,1
KUMAKURA    ,JA,1
KUMALA      ,BIA,0.6479
KUMAMOTO    ,JA,0.9791
KUMANO      ,JA,0.9483
KUMAR       ,SAS,0.8332
KUMARA      ,CE,0.5238
KUMARAGURU  ,SAS,1
KUMARAN     ,SAS,0.8237
KUMARASAMY  ,SAS,0.7834
KUMARASWAMY ,SAS,0.9711
KUMARAVEL   ,SAS,1
KUMARESAN   ,SAS,0.9714
KUMARI      ,SAS,0.8815
KUMASAKA    ,JA,0.9931
KUMASHIRO   ,JA,0.9934
KUMATA      ,JA,0.9963
KUMAZAKI    ,JA,1
KUMAZAWA    ,JA,1
KUMBAR      ,SAS,0.8372
KUMBHANI    ,SAS,1
KUMBHAR     ,SAS,1
KUMBLE      ,SAS,0.9997
KUME        ,JA,0.8381
KUMON       ,JA,0.8333
KUMRA       ,SAS,0.8955
KUMTHEKAR   ,SAS,1
KUMURA      ,JA,0.8779
KUNAM       ,SAS,1
KUNAPARAJU  ,SAS,1
KUNAPAREDDY ,SAS,1
KUNAPULI    ,SAS,1
KUNCHALA    ,SAS,1
KUNCHAM     ,SAS,1
KUNDAN      ,SAS,0.6286
KUNDER      ,SAS,0.7522
KUNDI       ,SAS,0.7736
KUNDRA      ,SAS,0.9292
KUNDU       ,SAS,0.9802
KUNDUR      ,SAS,1
KUNDURU     ,SAS,1
KUNG        ,GCA,0.8184
KUNIEDA     ,JA,1
KUNIHIRO    ,JA,0.6434
KUNIHISA    ,JA,0.9452
KUNII       ,JA,0.9556
KUNIMITSU   ,JA,0.9932
KUNIMOTO    ,JA,0.7883
KUNIMURA    ,JA,0.6096
KUNIOKA     ,JA,0.9872
KUNISAKI    ,JA,0.9768
KUNISAWA    ,JA,1
KUNISHIGE   ,JA,0.7484
KUNISHIMA   ,JA,0.9805
KUNITA      ,JA,1
KUNITAKE    ,JA,0.942
KUNITOMO    ,JA,0.9998
KUNIYOSHI   ,JA,0.8993
KUNIYUKI    ,JA,0.8958
KUNJUKUNJU  ,SAS,1
KUNNATH     ,SAS,0.9994
KUNNEL      ,SAS,1
KUNO        ,JA,0.9805
KUNSANG     ,SAS,0.6111
KUNTA       ,SAS,1
KUNTE       ,SAS,0.9565
KUNUGI      ,JA,0.9994
KUNWAR      ,NP,0.7071
KUO         ,GCA,0.9495
KUOCH       ,CB,0.931
KUOK        ,GCA,0.5882
KUON        ,CB,0.5059
KUONG       ,GCA,0.6491
KUOY        ,CB,0.8837
KUPPA       ,SAS,1
KUPPUSAMY   ,SAS,0.9082
KUPPUSWAMY  ,SAS,1
KURACHI     ,JA,1
KURADA      ,SAS,0.9189
KURAHARA    ,JA,0.9631
KURAHASHI   ,JA,1
KURAISHI    ,JA,0.6452
KURAMOCHI   ,JA,1
KURAMOTO    ,JA,0.9301
KURANI      ,SAS,0.8181
KURAOKA     ,JA,0.973
KURAPATI    ,SAS,0.9578
KURASAWA    ,JA,1
KURASHIGE   ,JA,0.9883
KURASHIMA   ,JA,0.8965
KURATA      ,JA,0.9667
KURATANI    ,JA,0.9999
KUREBAYASHI ,JA,1
KURELLA     ,SAS,0.9981
KURESHI     ,SAS,0.7912
KURIAKOSE   ,SAS,0.9883
KURIAN      ,SAS,0.9299
KURIBAYASHI ,JA,1
KURIEN      ,SAS,0.9433
KURIHARA    ,JA,0.9597
KURIKI      ,JA,0.9999
KURIMOTO    ,JA,0.9714
KURISU      ,JA,0.9831
KURITA      ,JA,1
KURIYAMA    ,JA,0.9706
KURNIA      ,BIA,0.8588
KURNIADI    ,BIA,0.869
KURNIAWAN   ,BIA,0.8824
KURODA      ,JA,0.9635
KUROIWA     ,JA,0.9165
KUROKAWA    ,JA,0.9806
KUROKI      ,JA,1
KURONO      ,JA,1
KUROSAKA    ,JA,1
KUROSAKI    ,JA,1
KUROSAWA    ,JA,0.988
KUROSE      ,JA,1
KUROSU      ,JA,0.9638
KUROYANAGI  ,JA,1
KURRA       ,SAS,1
KURRE       ,SAS,0.5864
KURUGANTI   ,SAS,1
KURUKULASURI,CE,1
KURUP       ,SAS,0.9335
KURUPPU     ,CE,1
KURUVILA    ,SAS,1
KURUVILLA   ,SAS,0.9593
KUSABA      ,JA,0.9985
KUSAKA      ,JA,0.9741
KUSAKABE    ,JA,1
KUSAKARI    ,JA,1
KUSAMA      ,JA,1
KUSANAGI    ,JA,1
KUSANO      ,JA,0.9557
KUSAYANAGI  ,JA,0.9996
KUSHIDA     ,JA,0.9636
KUSHIMA     ,JA,0.8834
KUSHKAKI    ,AF,0.7812
KUSHWAHA    ,SAS,0.9136
KUSNADI     ,BIA,0.8952
KUSUDA      ,JA,0.9924
KUSUHARA    ,JA,1
KUSUMA      ,BIA,0.7407
KUSUMI      ,JA,0.9999
KUSUMO      ,BIA,0.8851
KUSUMOTO    ,JA,0.9805
KUSUNOKI    ,JA,0.981
KUTE        ,SAS,0.6414
KUTTY       ,SAS,0.9251
KUWABARA    ,JA,0.9651
KUWADA      ,JA,0.7795
KUWAHARA    ,JA,0.9737
KUWAMOTO    ,JA,0.7533
KUWAMURA    ,JA,0.985
KUWANA      ,JA,0.9988
KUWANO      ,JA,1
KUWATA      ,JA,0.9999
KUWAYAMA    ,JA,1
KUY         ,CB,0.8687
KUZUHARA    ,JA,0.9
KWACK       ,XK,1
KWAG        ,XK,1
KWAI        ,GCA,0.7183
KWAK        ,XK,0.9311
KWAN        ,GCA,0.8353
KWANG       ,GCA,0.6456
KWARK       ,XK,1
KWATRA      ,SAS,0.9417
KWEE        ,BIA,0.6799
KWEI        ,GCA,0.783
KWEK        ,SN,0.5886
KWEON       ,XK,0.992
KWO         ,GCA,0.7966
KWOCK       ,GCA,0.7393
KWOH        ,GCA,0.8
KWOK        ,GCA,0.8547
KWON        ,XK,0.9708
KWONG       ,GCA,0.8915
KWOUN       ,XK,1
KWUN        ,XK,0.8571
KYAING      ,BM,0.9362
KYAN        ,BM,0.5242
KYAR        ,BM,0.6757
KYAUK       ,BM,0.8542
KYAW        ,BM,0.8402
KYE         ,XK,0.957
KYI         ,BM,0.849
KYIN        ,BM,0.8632
KYM         ,XK,0.7489
KYO         ,BM,0.5224
KYONG       ,XK,0.9545
KYONO       ,JA,0.9873
KYU         ,BM,0.726
KYUNG       ,XK,1
LA          ,VM,0.7934
LAAG        ,RP,0.7927
LABABIT     ,RP,0.925
LABACO      ,RP,0.9999
LABADOR     ,RP,1
LABAJO      ,RP,0.9997
LABANA      ,SAS,0.8788
LABAO       ,RP,0.8633
LABARDA     ,RP,1
LABASAN     ,RP,0.9997
LABAYEN     ,RP,0.9286
LABAYOG     ,RP,1
LABERINTO   ,RP,1
LABIANO     ,RP,0.9265
LABIO       ,RP,1
LABIS       ,RP,0.8964
LABIT       ,RP,0.583
LABITAD     ,RP,1
LABITORIA   ,RP,1
LABO        ,RP,0.5035
LABOG       ,RP,1
LABORCE     ,RP,0.8649
LABORTE     ,RP,0.8989
LABOS       ,RP,0.661
LABRADOR    ,RP,0.5738
LABRE       ,RP,0.6572
LABRO       ,RP,0.5789
LABSAN      ,RP,1
LABSON      ,RP,0.9894
LABUEN      ,RP,0.9965
LABUGA      ,RP,0.9977
LABUGUEN    ,RP,0.9997
LAC         ,VM,0.897
LACABA      ,RP,0.9348
LACADEN     ,RP,0.9924
LACAMBRA    ,RP,0.9136
LACANARIA   ,RP,0.9976
LACANIENTA  ,RP,0.9997
LACANILAO   ,RP,0.9867
LACANLALE   ,RP,1
LACAP       ,RP,0.9918
LACAR       ,RP,0.9564
LACARA      ,RP,0.6586
LACAYANGA   ,RP,1
LACEBAL     ,RP,0.9975
LACERNA     ,RP,1
LACHICA     ,RP,0.9276
LACISTE     ,RP,1
LACNO       ,RP,0.9317
LACO        ,RP,0.6264
LACOMPTE    ,RP,0.9971
LACONICO    ,RP,1
LACONSAY    ,RP,0.9998
LACRO       ,RP,0.9565
LACSA       ,RP,1
LACSAMANA   ,RP,1
LACSINA     ,RP,1
LACSON      ,RP,0.9815
LACTAOEN    ,RP,0.9998
LACUATA     ,RP,1
LACUESTA    ,RP,0.9234
LAD         ,SAS,0.8476
LADAGA      ,RP,0.7499
LADAK       ,SAS,0.6053
LADANI      ,SAS,0.881
LADAO       ,RP,0.9995
LADDA       ,SAS,0.9544
LADDHA      ,SAS,1
LADERA      ,RP,0.82
LADERAS     ,RP,1
LADHA       ,SAS,0.5261
LADHANI     ,SAS,0.9097
LADHAR      ,SAS,1
LADIA       ,RP,0.9059
LADIANA     ,RP,0.9995
LADINES     ,RP,0.7348
LADISLAO    ,RP,0.7187
LADORES     ,RP,1
LADRA       ,RP,0.7652
LADRIDO     ,RP,0.9979
LADRILLONO  ,RP,1
LADRINGAN   ,RP,1
LAE         ,BM,0.7599
LAENO       ,RP,0.9979
LAFORGA     ,RP,0.9999
LAFORTEZA   ,RP,0.9787
LAFRADES    ,RP,0.9927
LAFRADEZ    ,RP,0.9996
LAGAHIT     ,RP,1
LAGANDAON   ,RP,0.9973
LAGAO       ,RP,0.7113
LAGAPA      ,RP,0.8275
LAGARTO     ,RP,0.8826
LAGASCA     ,RP,0.9641
LAGAT       ,RP,0.5652
LAGAZO      ,RP,0.9996
LAGDA       ,RP,1
LAGDAMEN    ,RP,1
LAGDAMEO    ,RP,0.9646
LAGERA      ,RP,0.9998
LAGHARI     ,SAS,0.9516
LAGISETTY   ,SAS,1
LAGLEVA     ,RP,1
LAGMAN      ,RP,0.9834
LAGMAY      ,RP,0.9999
LAGOC       ,RP,0.9999
LAGON       ,RP,0.8364
LAGPACAN    ,RP,0.9603
LAGRIMAS    ,RP,0.9986
LAGRISOLA   ,RP,1
LAGROSA     ,RP,0.9999
LAGUA       ,RP,0.8883
LAGUATAN    ,RP,0.9525
LAGUERTA    ,RP,1
LAGUIO      ,RP,0.9992
LAGUITAN    ,RP,1
LAGULA      ,RP,1
LAGUMBAY    ,RP,1
LAGUNDINO   ,RP,0.9999
LAGUNERO    ,RP,0.9301
LAGUNILLA   ,RP,0.8235
LAGUNZAD    ,RP,1
LAGURA      ,RP,1
LAH         ,BM,0.5383
LAHA        ,SAS,0.9059
LAHIP       ,RP,1
LAHIRI      ,SAS,0.9341
LAHORI      ,SAS,0.9624
LAHOTI      ,SAS,0.9741
LAHPAI      ,BM,0.9149
LAHTAW      ,BM,0.8864
LAI         ,GCA,0.7164
LAICO       ,RP,0.6606
LAIGO       ,RP,0.9994
LAILA       ,SAS,0.7333
LAJOM       ,RP,1
LAKDAWALA   ,SAS,1
LAKHA       ,SAS,0.7007
LAKHANI     ,SAS,0.8869
LAKHANPAL   ,SAS,0.9392
LAKHANY     ,SAS,1
LAKHI       ,SAS,0.814
LAKHIA      ,SAS,0.9999
LAKHIANI    ,SAS,1
LAKHOTIA    ,SAS,1
LAKIREDDY   ,SAS,0.9999
LAKKAKULA   ,SAS,1
LAKKARAJU   ,SAS,1
LAKKIREDDY  ,SAS,1
LAKRA       ,SAS,0.9273
LAKSANA     ,BIA,0.807
LAKSHMAN    ,SAS,0.9421
LAKSHMANAN  ,SAS,1
LAKSHMI     ,SAS,0.955
LAKSHMIKANTH,SAS,1
LAKSHMINARA ,SAS,1
LAKSHMINARAS,SAS,1
LAKSHMINARAY,SAS,1
LAKSHMIPATHY,SAS,1
LAL         ,SAS,0.5384
LALAN       ,SAS,0.8541
LALANGAN    ,RP,1
LALANI      ,SAS,0.8703
LALAS       ,RP,0.7761
LALATA      ,RP,1
LALCHANDANI ,SAS,0.9195
LALI        ,SAS,0.6905
LALISAN     ,RP,1
LALIWALA    ,SAS,0.9999
LALKA       ,SAS,0.6827
LALLANA     ,RP,0.7451
LALLAVE     ,RP,0.8935
LALU        ,RP,0.5732
LALUNA      ,RP,0.7241
LALVANI     ,SAS,0.9206
LALWANI     ,SAS,0.9139
LAMA        ,NP,0.7104
LAMANO      ,RP,0.9516
LAMBA       ,SAS,0.9366
LAMBERTE    ,RP,0.9998
LAMBINICIO  ,RP,1
LAMBINO     ,RP,1
LAMERA      ,RP,0.9911
LAMICHHANE  ,NP,0.8747
LAMIS       ,RP,0.8346
LAMORENA    ,RP,0.8729
LAMPA       ,RP,0.9282
LAMPANO     ,RP,1
LAMPITOC    ,RP,0.9999
LAMSAL      ,NP,0.9692
LAMSAM      ,TH,0.5581
LAMSEN      ,RP,1
LAMUG       ,RP,0.9629
LAN         ,GCA,0.8808
LANADA      ,RP,1
LANDAS      ,RP,0.9939
LANDAYAN    ,RP,1
LANDICHO    ,RP,0.987
LANDIG      ,RP,0.8226
LANDINGIN   ,RP,1
LANDRITO    ,RP,1
LANGAMAN    ,RP,0.9986
LANGAS      ,RP,0.549
LANGIT      ,RP,1
LANGSY      ,LA,0.9993
LANH        ,CB,0.7115
LANKA       ,SAS,0.9807
LANKE       ,SAS,0.8057
LANOZA      ,RP,0.79
LANSANG     ,RP,0.9911
LANSANGAN   ,RP,0.9833
LANTIN      ,RP,0.902
LANTING     ,RP,0.5933
LANTION     ,RP,0.9948
LANUZO      ,RP,1
LANZAR      ,RP,0.9162
LAP         ,CB,0.5134
LAPAK       ,RP,0.8278
LAPASTORA   ,RP,0.9997
LAPAT       ,RP,0.84
LAPENA      ,RP,0.9733
LAPENIA     ,RP,0.9732
LAPID       ,RP,0.8983
LAPIDARIO   ,RP,1
LAPINID     ,RP,1
LAPINIG     ,RP,0.9997
LAPIRA      ,RP,0.8736
LAPITAN     ,RP,0.9707
LAPORE      ,RP,0.8244
LAPUEBLA    ,RP,1
LAPURGA     ,RP,1
LAPUS       ,RP,1
LAPUT       ,RP,0.9484
LAPUZ       ,RP,0.9877
LAQUI       ,RP,1
LAQUIAN     ,RP,1
LAQUINDANUM ,RP,1
LAR         ,BM,0.5965
LARANANG    ,RP,0.9642
LARANJO     ,RP,0.503
LARAYA      ,RP,1
LARDIZABAL  ,RP,0.8264
LARENA      ,RP,0.7499
LARGOZA     ,RP,0.9999
LARIOSA     ,RP,0.9323
LARIOZA     ,RP,0.9997
LARITA      ,RP,0.7004
LARIZA      ,RP,0.984
LAROCO      ,RP,0.9674
LAROIA      ,SAS,1
LARON       ,RP,0.8567
LAROT       ,RP,0.999
LAROYA      ,RP,0.9687
LAROZA      ,RP,0.9554
LARRACAS    ,RP,1
LASALA      ,RP,0.5106
LASAM       ,RP,1
LASCONIA    ,RP,0.9509
LASERNA     ,RP,0.5566
LASHARI     ,SAS,0.8889
LASI        ,SAS,0.6796
LASKAR      ,SAS,0.937
LASMARIAS   ,RP,1
LASPINAS    ,RP,1
LASQUETE    ,RP,0.9994
LASRADO     ,SAS,1
LASSI       ,SAS,0.6545
LASTIMOSA   ,RP,0.9813
LASTRELLA   ,RP,0.9997
LASUT       ,BIA,0.8372
LAT         ,RP,0.6471
LATEEF      ,SAS,0.6535
LATH        ,SAS,0.5636
LATHIA      ,SAS,1
LATIEF      ,BIA,0.6981
LATIF       ,SAS,0.6855
LATONIO     ,RP,1
LATOZA      ,RP,0.9439
LATT        ,BM,0.8663
LAU         ,GCA,0.7916
LAUDATO     ,RP,0.8257
LAUL        ,SAS,0.7029
LAUNGANI    ,SAS,1
LAURE       ,RP,0.53
LAUREA      ,RP,1
LAUREL      ,RP,0.636
LAURELES    ,RP,0.7263
LAURENTE    ,RP,0.9663
LAURETA     ,RP,0.9773
LAURETO     ,RP,0.9493
LAURIO      ,RP,0.987
LAURON      ,RP,1
LAURORA     ,RP,0.8438
LAUS        ,RP,0.7799
LAUSER      ,RP,0.5409
LAUW        ,BIA,0.8671
LAV         ,CB,0.7492
LAVA        ,RP,0.5536
LAVADA      ,RP,0.9655
LAVADIA     ,RP,1
LAVANI      ,SAS,1
LAVARES     ,RP,1
LAVARIAS    ,RP,0.9997
LAVILLA     ,RP,0.802
LAVINA      ,RP,0.6432
LAVINGIA    ,SAS,0.5098
LAVU        ,SAS,0.8646
LAW         ,GCA,0.539
LAWAS       ,RP,0.9554
LAXA        ,RP,0.9812
LAXAMANA    ,RP,1
LAXINA      ,RP,1
LAXMAN      ,SAS,0.9056
LAXMINARAYAN,SAS,1
LAYA        ,RP,0.6884
LAYAOEN     ,RP,0.9984
LAYCO       ,RP,1
LAYGO       ,RP,0.9858
LAYLO       ,RP,1
LAYNO       ,RP,1
LAYO        ,RP,0.7062
LAYOG       ,RP,1
LAYOLA      ,RP,0.9999
LAYON       ,RP,0.9256
LAYOS       ,RP,0.9992
LAYOSA      ,RP,0.9997
LAYSON      ,RP,0.907
LAYUG       ,RP,0.9936
LAYUGAN     ,RP,1
LAYUS       ,RP,0.9104
LAZAGA      ,RP,0.8882
LAZATIN     ,RP,1
LE          ,VM,0.9423
LEAM        ,CB,0.8887
LEANG       ,CB,0.7584
LEANO       ,RP,0.7997
LEAV        ,CB,0.8687
LEBA        ,VM,0.7866
LEBRILLA    ,RP,0.9998
LEDDA       ,RP,0.7596
LEE         ,XK,0.5821
LEECHAN     ,GCA,0.8906
LEECHANG    ,GCA,0.5345
LEECHEN     ,GCA,0.9
LEECHOI     ,XK,0.9385
LEEHAN      ,XK,0.8194
LEEKIM      ,XK,0.9254
LEELIN      ,GCA,0.5476
LEEM        ,XK,0.9572
LEEPARK     ,XK,0.9783
LEEWONG     ,GCA,0.962
LEGASPI     ,RP,0.8944
LEGHARI     ,SAS,1
LEGION      ,RP,0.5945
LEHAL       ,SAS,0.9998
LEHO        ,VM,0.9845
LEI         ,GCA,0.9517
LEJANO      ,RP,1
LEJARDE     ,RP,0.885
LEK         ,CB,0.6492
LEKKALA     ,SAS,1
LELAH       ,SN,0.7849
LELE        ,SAS,0.8911
LELIS       ,RP,0.5796
LELLA       ,SAS,0.5602
LENGKONG    ,BIA,0.8889
LENGSAVATH  ,LA,1
LENGUYEN    ,VM,0.9998
LENH        ,VM,0.8839
LENIN       ,SAS,0.9888
LENKA       ,SAS,0.9362
LENON       ,RP,0.5714
LEODONES    ,RP,0.925
LEONCIO     ,RP,0.8492
LEONEN      ,RP,1
LEONES      ,RP,0.8476
LEONIDA     ,RP,0.7531
LEONIDO     ,RP,0.9971
LEOPANDO    ,RP,1
LEOU        ,GCA,0.55
LEOW        ,MY,0.509
LEPHAM      ,VM,1
LEPON       ,RP,0.5764
LEQUANG     ,VM,0.9998
LEQUIN      ,RP,0.6637
LER         ,BM,0.5806
LERIAS      ,RP,0.7843
LERIO       ,RP,1
LERIT       ,RP,0.9962
LERUM       ,RP,0.5283
LESACA      ,RP,0.9999
LESMANA     ,BIA,0.8741
LESTARI     ,BIA,0.9018
LETRAN      ,VM,0.6901
LEU         ,GCA,0.7157
LEUANG      ,LA,0.9075
LEUNG       ,GCA,0.9134
LEUS        ,RP,0.5078
LEUTERIO    ,RP,0.9754
LEVISTE     ,RP,1
LEVITA      ,RP,0.7418
LEVU        ,VM,0.6433
LEW         ,GCA,0.6112
LEYBAG      ,RP,0.9996
LEYBLE      ,RP,0.9999
LEYCO       ,RP,0.9444
LEYESA      ,RP,1
LEYNES      ,RP,1
LEYSON      ,RP,0.9752
LEZADA      ,RP,0.9855
LHADON      ,SAS,0.5179
LHAMO       ,GCA,0.5448
LI          ,GCA,0.9685
LIAM        ,RP,0.7209
LIANA       ,BM,0.8508
LIANG       ,GCA,0.9543
LIANGCO     ,RP,1
LIAO        ,GCA,0.9491
LIAQAT      ,SAS,1
LIAQUAT     ,SAS,1
LIAU        ,GCA,0.6044
LIAUW       ,BIA,0.7574
LIAW        ,GCA,0.7565
LIBAO       ,RP,1
LIBARIOS    ,RP,0.977
LIBATIQUE   ,RP,0.9998
LIBED       ,RP,1
LIBIRAN     ,RP,1
LIBOON      ,RP,0.9478
LIBOR       ,RP,0.6364
LIBORO      ,RP,1
LIBRANDO    ,RP,1
LIBRE       ,RP,0.926
LIBREA      ,RP,0.8409
LIBRES      ,RP,1
LIBROJO     ,RP,1
LIBRON      ,RP,0.9912
LIBUNAO     ,RP,1
LIBUT       ,RP,1
LICARDO     ,RP,0.9951
LICAS       ,RP,0.8519
LICERA      ,RP,0.5862
LICHAUCO    ,RP,1
LICHEN      ,GCA,0.9302
LICLICAN    ,RP,0.8787
LICUANAN    ,RP,1
LICUD       ,RP,1
LICUDINE    ,RP,0.9998
LICUP       ,RP,1
LIDDER      ,SAS,0.7333
LIDHAR      ,SAS,0.8235
LIE         ,BIA,0.6525
LIEM        ,BIA,0.6213
LIENG       ,VM,0.7361
LIEU        ,VM,0.7961
LIEV        ,CB,0.7666
LIEW        ,MY,0.7402
LIGAN       ,RP,0.9
LIGAYA      ,RP,1
LIGERALDE   ,RP,1
LIGH        ,GCA,0.9199
LIGOT       ,RP,0.96
LIGSAY      ,RP,0.9983
LIH         ,GCA,0.8972
LII         ,GCA,1
LILAGAN     ,RP,1
LILANI      ,SAS,0.9259
LILLES      ,RP,0.9452
LIMAN       ,BIA,0.5205
LIMARY      ,LA,0.9377
LIMAYE      ,SAS,1
LIMB        ,XK,0.6071
LIMBACHIA   ,SAS,0.8182
LIMBACHIYA  ,SAS,1
LIMBAG      ,RP,1
LIMBAGA     ,RP,1
LIMBO       ,RP,0.9996
LIMBU       ,NP,0.5871
LIMCACO     ,RP,0.9995
LIMJOCO     ,RP,1
LIMJUCO     ,RP,1
LIMLINGAN   ,RP,1
LIMOS       ,RP,1
LIMOSNERO   ,RP,0.9982
LIMPIN      ,RP,1
LIMSON      ,RP,0.9349
LIN         ,GCA,0.9604
LINA        ,RP,0.6693
LINAO       ,RP,1
LINARDI     ,BIA,0.623
LINATOC     ,RP,1
LINAYAO     ,RP,1
LINCHEN     ,GCA,1
LINDAIN     ,RP,1
LINESES     ,RP,0.9976
LING        ,GCA,0.708
LINGAD      ,RP,1
LINGALA     ,SAS,1
LINGAM      ,SAS,0.7727
LINGAMANENI ,SAS,1
LINGAN      ,RP,0.566
LINGAO      ,RP,1
LINGAREDDY  ,SAS,1
LINGAT      ,RP,0.9784
LINH        ,VM,0.8385
LINSANGAN   ,RP,1
LINSAO      ,RP,1
LINTAG      ,RP,1
LINTAO      ,RP,0.9999
LIOE        ,BIA,0.8554
LIONGSON    ,RP,1
LIOU        ,GCA,0.9208
LIP         ,GCA,0.6094
LIPANA      ,RP,0.9437
LIPAR       ,RP,0.8155
LIPAT       ,RP,1
LIPATA      ,RP,1
LIPI        ,SAS,0.82
LIQUIGAN    ,RP,0.9999
LIRAG       ,RP,1
LIRIO       ,RP,0.7788
LISAMA      ,RP,0.6549
LISING      ,RP,0.9892
LISONDRA    ,RP,1
LIT         ,GCA,0.7265
LITERAL     ,RP,0.8294
LITON       ,SAS,0.9318
LITONJUA    ,RP,1
LIU         ,GCA,0.9551
LIV         ,CB,0.7039
LIVELO      ,RP,0.9996
LIWAG       ,RP,1
LIWANAG     ,RP,0.9816
LIYANAGE    ,CE,0.8609
LIZADA      ,RP,0.9998
LIZARDA     ,RP,0.9999
LIZARES     ,RP,0.899
LIZASO      ,RP,0.7206
LKHAGVASUREN,MG,1
LLABAN      ,RP,1
LLACER      ,RP,0.7058
LLACUNA     ,RP,0.93
LLAGAS      ,RP,0.9769
LLAGUNO     ,RP,0.5038
LLAMADO     ,RP,1
LLAMERA     ,RP,0.6905
LLAMES      ,RP,0.8484
LLAMIDO     ,RP,1
LLAMZON     ,RP,0.8857
LLANA       ,RP,0.5307
LLANERA     ,RP,1
LLANETA     ,RP,1
LLANEZA     ,RP,0.6101
LLANTADA    ,RP,0.8507
LLANTO      ,RP,1
LLAPITAN    ,RP,0.9917
LLARENA     ,RP,0.5223
LLARENAS    ,RP,0.9999
LLAVE       ,RP,0.8819
LLAVORE     ,RP,0.8889
LLEDO       ,RP,0.5493
LLENA       ,RP,1
LLENADO     ,RP,1
LLEVA       ,RP,1
LLOBRERA    ,RP,1
LLORA       ,RP,0.9798
LLOREN      ,RP,0.9794
LLORICO     ,RP,1
LLORIN      ,RP,0.9995
LNU         ,SAS,0.9236
LO          ,GCA,0.7268
LOANZON     ,RP,0.9997
LOBRIN      ,RP,1
LOBSANG     ,GCA,0.6154
LOBUSTA     ,RP,1
LOC         ,VM,0.7795
LOCQUIAO    ,RP,0.9999
LOCSIN      ,RP,1
LODAYA      ,SAS,1
LODEVICO    ,RP,0.9997
LODHA       ,SAS,1
LODHI       ,SAS,0.9449
LODHIA      ,SAS,0.5263
LODI        ,SAS,0.536
LODIN       ,AF,0.8679
LOEK        ,CB,0.6832
LOEUM       ,CB,0.7567
LOEUN       ,CB,0.5816
LOEUNG      ,CB,0.886
LOFRANCO    ,RP,0.9334
LOGANATHAN  ,SAS,0.9185
LOGARTA     ,RP,1
LOGRONIO    ,RP,1
LOHANI      ,NP,0.5584
LOHIA       ,SAS,0.8947
LOHIYA      ,SAS,1
LOI         ,VM,0.6449
LOJO        ,RP,0.5481
LOK         ,GCA,0.7369
LOKA        ,SAS,0.53
LOKE        ,MY,0.506
LOKESH      ,SAS,0.999
LOKHANDE    ,SAS,1
LOKHANDWALA ,SAS,1
LOLENG      ,RP,0.9999
LOLLA       ,SAS,0.8839
LOMAHAN     ,RP,0.9999
LOMBOS      ,RP,1
LOMBOY      ,RP,0.9765
LOMIBAO     ,RP,0.9885
LOMOTAN     ,RP,1
LON         ,CB,0.61240000000000006
LONDHE      ,SAS,1
LONDRES     ,RP,0.5628
LONGAKIT    ,RP,1
LONGBOY     ,RP,0.9949
LONGIA      ,SAS,1
LONH        ,CB,0.9104
LONKAR      ,SAS,1
LONTOC      ,RP,0.9833
LONTOK      ,RP,0.9792
LONZANIDA   ,RP,0.9989
LOOC        ,VM,0.7451
LOOD        ,RP,0.7204
LOOI        ,MY,0.8344
LOOMBA      ,SAS,0.9687
LOPA        ,SAS,0.5666
LOPENA      ,RP,1
LOQUELLANO  ,RP,0.9998
LOR         ,LA,0.5828
LORENA      ,RP,0.5506
LORENO      ,RP,0.6842
LORESCA     ,RP,1
LORETE      ,RP,1
LORICA      ,RP,0.9583
LORICO      ,RP,1
LORILLA     ,RP,1
LORN        ,CB,0.8398
LOSBANOS    ,RP,0.9971
LOTA        ,RP,0.7936
LOTHI       ,LA,0.8095
LOTIA       ,SAS,1
LOTLIKAR    ,SAS,1
LOU         ,GCA,0.8221
LOUANGLATH  ,LA,0.936
LOUANGRATH  ,LA,0.9176
LOUEY       ,GCA,0.7532
LOUI        ,GCA,0.8254
LOUIE       ,GCA,0.847
LOUN        ,CB,0.6823
LOUR        ,CB,0.746
LOV         ,CB,0.956
LOVAN       ,LA,0.7495
LOVANH      ,LA,0.8333
LOZARES     ,RP,0.9999
LU          ,GCA,0.822
LUAI        ,BM,1
LUALHATI    ,RP,0.973
LUAN        ,GCA,0.8525
LUANGAMATH  ,LA,0.9999
LUANGAPHAY  ,LA,1
LUANGASA    ,LA,0.7994
LUANGKHOT   ,LA,0.9327
LUANGLATH   ,LA,0.9411
LUANGPRASEUT,LA,0.9998
LUANGRAJ    ,LA,0.9999
LUANGRATH   ,LA,0.9201
LUANGVISETH ,LA,0.9286
LUANSING    ,RP,1
LUAT        ,RP,0.9988
LUBAG       ,RP,1
LUBANA      ,SAS,1
LUBANG      ,RP,1
LUBAY       ,RP,0.9999
LUBIANO     ,RP,0.7931
LUBINA      ,RP,0.5671
LUBIS       ,BIA,0.9051
LUBONG      ,RP,1
LUBRIN      ,RP,0.7011
LUBUGUIN    ,RP,1
LUC         ,VM,0.6621
LUCASAN     ,RP,1
LUCENO      ,RP,0.7079
LUCHEN      ,GCA,0.9699
LUCINA      ,RP,0.9994
LUCZON      ,RP,0.9993
LUDAN       ,RP,0.5648
LUDOVICE    ,RP,0.999
LUDOVICO    ,RP,0.7555
LUGA        ,RP,0.574
LUGOS       ,RP,0.651
LUGTU       ,RP,1
LUGUE       ,RP,0.8993
LUH         ,GCA,0.9342
LUHAR       ,SAS,0.8276
LUI         ,GCA,0.8666
LUISTRO     ,RP,1
LUK         ,GCA,0.8947
LUKBAN      ,RP,1
LUKITO      ,BIA,0.8952
LUKMAN      ,BIA,0.7863
LUKOSE      ,SAS,0.9826
LULLA       ,SAS,0.9998
LUM         ,GCA,0.6022
LUMABAN     ,RP,1
LUMABAO     ,RP,0.9923
LUMABAS     ,RP,1
LUMAGUE     ,RP,1
LUMAGUI     ,RP,1
LUMANG      ,RP,1
LUMANLAN    ,RP,1
LUMANOG     ,RP,1
LUMANTAS    ,RP,1
LUMAPAS     ,RP,1
LUMAUIG     ,RP,1
LUMBA       ,RP,0.9454
LUMBAB      ,RP,0.9999
LUMBANG     ,RP,1
LUMBANTOBING,BIA,0.8103
LUMBAO      ,RP,1
LUMBO       ,RP,0.9999
LUMBRE      ,RP,0.8286
LUMBRES     ,RP,1
LUMEN       ,RP,0.9911
LUMIBAO     ,RP,1
LUNAS       ,RP,0.607
LUNASCO     ,RP,0.7918
LUNASIN     ,RP,1
LUNG        ,GCA,0.7643
LUNIA       ,SAS,1
LUO         ,GCA,0.9767
LUONG       ,VM,0.9192
LUPISAN     ,RP,1
LUQMAN      ,SAS,0.7514
LUSTINA     ,RP,1
LUSTRE      ,RP,0.6356
LUSUNG      ,RP,1
LUTERO      ,RP,1
LUTHRA      ,SAS,0.9085
LUU         ,VM,0.9135
LUYEN       ,VM,1
LUYUN       ,RP,1
LUZA        ,RP,0.5796
LUZADAS     ,RP,0.9167
LUZANO      ,RP,0.9998
LUZOD       ,RP,0.9824
LV          ,GCA,1
LWE         ,BM,0.6727
LWIN        ,BM,0.8498
LY          ,VM,0.7514
LYAN        ,BM,0.5217
LYFOUNG     ,LA,0.6731
LYO         ,XK,0.5946
LYOU        ,XK,0.56
LYU         ,XK,0.6872
MA          ,GCA,0.8112
MAA         ,GCA,0.7464
MAALA       ,RP,0.9429
MAAN        ,SAS,0.8273
MABALOT     ,RP,0.9997
MABANAG     ,RP,0.9458
MABANTA     ,RP,0.9663
MABAQUIAO   ,RP,1
MABASA      ,RP,0.8958
MABILANGAN  ,RP,1
MABILOG     ,RP,1
MABINI      ,RP,1
MABUCHI     ,JA,1
MABUNAY     ,RP,1
MABUNGA     ,RP,1
MABUTAS     ,RP,0.9999
MABUTI      ,RP,0.9464
MAC         ,VM,0.7915
MACAALAY    ,RP,1
MACABASCO   ,RP,0.9231
MACABENTA   ,RP,1
MACABEO     ,RP,0.9702
MACABIO     ,RP,0.9996
MACABITAS   ,RP,0.9999
MACABUHAY   ,RP,1
MACABULOS   ,RP,1
MACADAAN    ,RP,1
MACADAEG    ,RP,0.9988
MACADANGDANG,RP,1
MACAGBA     ,RP,0.9996
MACAHILAS   ,RP,0.9229
MACAHILIG   ,RP,0.9998
MACAIRAN    ,RP,1
MACALALAD   ,RP,1
MACALALAG   ,RP,1
MACALANDA   ,RP,1
MACALE      ,RP,1
MACALINAO   ,RP,1
MACALINDONG ,RP,1
MACALINO    ,RP,1
MACALINTAL  ,RP,1
MACALISANG  ,RP,1
MACALMA     ,RP,1
MACAM       ,RP,0.9024
MACANAS     ,RP,0.9951
MACANDOG    ,RP,1
MACAPAGAL   ,RP,0.9943
MACAPINLAC  ,RP,1
MACAPUGAY   ,RP,1
MACARAEG    ,RP,0.9884
MACARAIG    ,RP,1
MACARANAS   ,RP,0.9572
MACARIOLA   ,RP,1
MACASA      ,RP,1
MACASAET    ,RP,1
MACASERO    ,RP,1
MACASIEB    ,RP,0.9997
MACASINAG   ,RP,1
MACASO      ,RP,0.9531
MACASPAC    ,RP,1
MACATANGAY  ,RP,1
MACATIAG    ,RP,1
MACATO      ,RP,0.9995
MACATULA    ,RP,1
MACAVINTA   ,RP,0.9995
MACAWILE    ,RP,0.9991
MACAWILI    ,RP,1
MACAY       ,RP,0.5429
MACAYAN     ,RP,0.9473
MACEREN     ,RP,1
MACH        ,VM,0.6836
MACHACON    ,RP,0.9189
MACHANI     ,SAS,0.8
MACHATE     ,RP,0.7194
MACHERLA    ,SAS,1
MACHHI      ,SAS,1
MACHIDA     ,JA,0.9921
MACHINO     ,JA,0.9996
MACHIRAJU   ,SAS,1
MACION      ,RP,0.9166
MACLANG     ,RP,1
MACOY       ,RP,0.8267
MACROHON    ,RP,1
MACTAL      ,RP,1
MACUGAY     ,RP,0.9933
MACWAN      ,SAS,0.9824
MADAAN      ,SAS,1
MADABHUSHI  ,SAS,1
MADABUSHI   ,SAS,1
MADADI      ,SAS,0.6744
MADAHAR     ,SAS,0.9444
MADALA      ,SAS,0.9864
MADALI      ,RP,0.9953
MADAMBA     ,RP,0.9804
MADAN       ,SAS,0.8333
MADARANG    ,RP,0.974
MADAS       ,SAS,0.577
MADASU      ,SAS,1
MADATHIL    ,SAS,1
MADAYAG     ,RP,0.965
MADDA       ,SAS,0.8625
MADDALA     ,SAS,1
MADDALI     ,SAS,1
MADDELA     ,RP,0.5393
MADDI       ,SAS,0.9091
MADDINENI   ,SAS,1
MADDIPATI   ,SAS,1
MADDIPATLA  ,SAS,1
MADDUKURI   ,SAS,1
MADDULA     ,SAS,1
MADDURI     ,SAS,1
MADELA      ,RP,0.8558
MADERAL     ,RP,0.6666
MADERAZO    ,RP,1
MADHA       ,BM,0.6166
MADHAN      ,SAS,0.8033
MADHANI     ,SAS,0.8557
MADHAV      ,SAS,0.8403
MADHAVAN    ,SAS,0.961
MADHAVARAM  ,SAS,1
MADHIRA     ,SAS,1
MADHOK      ,SAS,0.9583
MADHU       ,SAS,0.9618
MADHUKAR    ,SAS,1
MADHUSUDAN  ,SAS,1
MADHUSUDHAN ,SAS,1
MADHVANI    ,SAS,0.7838
MADINENI    ,SAS,1
MADIRAJU    ,SAS,1
MADIREDDI   ,SAS,1
MADIREDDY   ,SAS,1
MADISETTY   ,SAS,1
MADLA       ,RP,0.9072
MADLAMBAYAN ,RP,0.9538
MADLANGBAYAN,RP,1
MADLANSACAY ,RP,1
MADNANI     ,SAS,1
MADNI       ,SAS,0.9999
MADOLORA    ,RP,0.9971
MADRA       ,SAS,0.619
MADRAS      ,SAS,0.6323
MADRASWALA  ,SAS,1
MADRIAGA    ,RP,0.985
MADRIDEJOS  ,RP,1
MADRONA     ,RP,0.77
MADUGULA    ,SAS,1
MADULI      ,RP,0.9832
MADURI      ,SAS,0.6742
MAEDA       ,JA,0.9084
MAEGAWA     ,JA,0.9571
MAEHARA     ,JA,0.9999
MAEJIMA     ,JA,1
MAEKAWA     ,JA,0.9852
MAEMURA     ,JA,1
MAENG       ,XK,1
MAENO       ,JA,1
MAESHIRO    ,JA,0.8259
MAEYAMA     ,JA,0.9999
MAEZAWA     ,JA,1
MAGADIA     ,RP,0.9809
MAGAHIS     ,RP,0.9998
MAGALE      ,RP,0.9934
MAGALING    ,RP,1
MAGALIT     ,RP,0.9999
MAGALONA    ,RP,1
MAGALONG    ,RP,1
MAGANIS     ,RP,0.9985
MAGANTE     ,RP,0.9999
MAGANTI     ,SAS,1
MAGAO       ,RP,0.992
MAGAOAY     ,RP,0.9998
MAGAR       ,BT,0.6055
MAGARRO     ,RP,0.8079
MAGAT       ,RP,0.9804
MAGAWAY     ,RP,1
MAGBAG      ,RP,1
MAGBALETA   ,RP,0.9999
MAGBANUA    ,RP,1
MAGBITANG   ,RP,1
MAGBOO      ,RP,1
MAGBUAL     ,RP,1
MAGBULOS    ,RP,1
MAGCALAS    ,RP,1
MAGDADARO   ,RP,0.9999
MAGDAEL     ,RP,0.9167
MAGDALUYO   ,RP,1
MAGDAMO     ,RP,1
MAGDANGAL   ,RP,1
MAGDARAOG   ,RP,1
MAGDAY      ,RP,1
MAGDIRILA   ,RP,1
MAGESH      ,SAS,0.9067
MAGGAY      ,RP,0.9523
MAGHANOY    ,RP,0.9998
MAGHARI     ,RP,0.8431
MAGHINAY    ,RP,0.9999
MAGHIRANG   ,RP,0.975
MAGHUYOP    ,RP,0.9988
MAGISTRADO  ,RP,1
MAGLALANG   ,RP,1
MAGLAQUE    ,RP,1
MAGLAQUI    ,RP,1
MAGLASANG   ,RP,0.9999
MAGLAYA     ,RP,0.9998
MAGLIBA     ,RP,1
MAGLINAO    ,RP,0.9997
MAGLINTE    ,RP,0.9987
MAGLUYAN    ,RP,1
MAGNAYE     ,RP,0.9734
MAGNO       ,RP,0.8622
MAGPALI     ,RP,0.9491
MAGPANTAY   ,RP,0.9849
MAGPAYO     ,RP,0.9787
MAGPIONG    ,RP,0.9505
MAGPOC      ,RP,0.9659
MAGPUSAO    ,RP,0.9986
MAGRACIA    ,RP,1
MAGSAKAY    ,RP,1
MAGSALIN    ,RP,1
MAGSANOC    ,RP,1
MAGSAYO     ,RP,0.9998
MAGSAYSAY   ,RP,0.9741
MAGSI       ,SAS,0.9143
MAGSINO     ,RP,1
MAGSIPOC    ,RP,1
MAGSOMBOL   ,RP,1
MAGTALAS    ,RP,1
MAGTANONG   ,RP,0.9647
MAGTIBAY    ,RP,1
MAGTIRA     ,RP,1
MAGTOTO     ,RP,0.98
MAGUIGAD    ,RP,0.9996
MAH         ,GCA,0.5032
MAHADEV     ,SAS,1
MAHADEVA    ,CE,0.5455
MAHADEVAN   ,SAS,0.9461
MAHADEVIA   ,SAS,1
MAHADIK     ,SAS,1
MAHAJAN     ,SAS,0.9792
MAHAL       ,SAS,0.8799
MAHALE      ,SAS,1
MAHALINGAM  ,SAS,0.8634
MAHAMMAD    ,SAS,0.899
MAHANKALI   ,SAS,1
MAHANT      ,SAS,0.9375
MAHANTA     ,SAS,1
MAHANTI     ,SAS,0.9998
MAHAPATRA   ,SAS,0.9796
MAHARANA    ,SAS,0.8765
MAHARJAN    ,NP,0.9534
MAHATO      ,NP,0.534
MAHAVADI    ,SAS,1
MAHAVONG    ,LA,0.9997
MAHAY       ,SAS,0.8423
MAHBOOB     ,SAS,0.7957
MAHBUB      ,SAS,0.9655
MAHBUBANI   ,SAS,0.7333
MAHENDRA    ,SAS,0.7095
MAHENDRAKAR ,SAS,1
MAHENDRAN   ,SAS,0.5922
MAHENDRU    ,SAS,1
MAHESH      ,SAS,0.9042
MAHESHWARI  ,SAS,0.9918
MAHESHWARY  ,SAS,1
MAHEY       ,SAS,0.994
MAHFOOZ     ,SAS,0.8302
MAHFUZ      ,SAS,0.7445
MAHI        ,SAS,0.7458
MAHIDA      ,SAS,0.9529
MAHIL       ,SAS,0.8718
MAHILUM     ,RP,1
MAHINAN     ,RP,0.9999
MAHINAY     ,RP,0.9784
MAHINDRU    ,SAS,0.925
MAHMOOD     ,SAS,0.8174
MAHMUD      ,SAS,0.7017
MAHTAB      ,SAS,0.9365
MAHTANI     ,SAS,0.6277
MAHTO       ,SAS,0.8643
MAHUSAY     ,RP,0.9987
MAI         ,VM,0.6632
MAICO       ,RP,1
MAIGUE      ,RP,1
MAING       ,XK,0.8102
MAINI       ,SAS,0.8632
MAIQUEZ     ,RP,0.6415
MAISURIA    ,SAS,0.8095
MAITI       ,SAS,0.9831
MAITRA      ,SAS,0.9847
MAITY       ,SAS,1
MAIWAND     ,AF,0.925
MAIWANDI    ,AF,0.9992
MAIYA       ,SAS,0.9231
MAJAM       ,RP,0.8571
MAJARUCON   ,RP,0.9676
MAJEED      ,SAS,0.5716
MAJETHIA    ,SAS,1
MAJETI      ,SAS,1
MAJI        ,SAS,0.7944
MAJID       ,SAS,0.5986
MAJIMA      ,JA,1
MAJITHIA    ,SAS,0.8358
MAJJI       ,SAS,1
MAJMUDAR    ,SAS,0.9891
MAJMUNDAR   ,SAS,1
MAJUMDAR    ,SAS,0.9765
MAJUMDER    ,SAS,0.9737
MAK         ,GCA,0.7996
MAKABALI    ,RP,0.8965
MAKABE      ,JA,0.9205
MAKADIA     ,SAS,0.9697
MAKAM       ,SAS,1
MAKANI      ,SAS,0.8125
MAKATI      ,SAS,1
MAKDA       ,SAS,0.9565
MAKEN       ,SAS,0.6686
MAKHANI     ,SAS,0.7516
MAKHDOOM    ,SAS,0.8871
MAKHIJA     ,SAS,0.9885
MAKHIJANI   ,SAS,0.9603
MAKIHARA    ,JA,1
MAKIL       ,SAS,0.7169
MAKILAN     ,RP,0.9973
MAKILING    ,RP,1
MAKIM       ,SAS,0.9302
MAKIMOTO    ,JA,0.994
MAKINANO    ,RP,0.911
MAKINENI    ,SAS,1
MAKINO      ,JA,0.9719
MAKISHI     ,JA,0.9962
MAKISHIMA   ,JA,0.9444
MAKITA      ,JA,0.9677
MAKIYAMA    ,JA,0.875
MAKKAPATI   ,SAS,1
MAKKAR      ,SAS,0.6923
MAKKENA     ,SAS,1
MAKKER      ,SAS,1
MAKNOJIA    ,SAS,0.9855
MAKNOJIYA   ,SAS,1
MAKOL       ,SAS,0.7409
MAKUTA      ,JA,0.5616
MAKWANA     ,SAS,0.8827
MAL         ,SAS,0.5973
MALABAD     ,RP,0.9792
MALABANAN   ,RP,0.9933
MALABED     ,RP,1
MALABUYOC   ,RP,0.9999
MALACA      ,RP,0.8974
MALACAS     ,RP,1
MALAGAR     ,RP,0.9991
MALAGUIT    ,RP,1
MALAKER     ,SAS,0.9626
MALALIS     ,RP,0.9985
MALALUAN    ,RP,0.9999
MALANA      ,RP,0.9805
MALANG      ,RP,0.7955
MALANI      ,SAS,0.9374
MALANO      ,RP,0.8572
MALANOG     ,RP,1
MALAPATI    ,SAS,1
MALAPIRA    ,RP,1
MALAPIT     ,RP,1
MALAPITAN   ,RP,1
MALAQUI     ,RP,0.9999
MALASAN     ,RP,1
MALASIG     ,RP,0.9694
MALATE      ,RP,1
MALATHONG   ,LA,0.9023
MALAVIA     ,SAS,1
MALAVIYA    ,SAS,1
MALAVONG    ,LA,0.9152
MALAYIL     ,SAS,1
MALAYTHONG  ,LA,0.9999
MALAZARTE   ,RP,1
MALBAS      ,RP,0.9333
MALDIA      ,RP,0.9998
MALEMPATI   ,SAS,1
MALEPATI    ,SAS,1
MALGAPO     ,RP,1
MALHAN      ,SAS,0.9524
MALHI       ,SAS,0.8764
MALHOTRA    ,SAS,0.9339
MALI        ,SAS,0.5576
MALIAKAL    ,SAS,0.9999
MALIBIRAN   ,RP,1
MALICAY     ,RP,0.9995
MALICDEM    ,RP,1
MALICSI     ,RP,1
MALIG       ,RP,0.9706
MALIGAYA    ,RP,1
MALIHA      ,SAS,0.6934
MALIHAN     ,RP,1
MALIJAN     ,RP,0.936
MALIK       ,SAS,0.8572
MALIKSI     ,RP,1
MALIKYAR    ,AF,1
MALILAY     ,RP,0.8068
MALIMBAN    ,RP,1
MALINAO     ,RP,0.9368
MALINAY     ,RP,1
MALING      ,RP,0.7992
MALINIS     ,RP,1
MALINO      ,RP,0.7317
MALIREDDY   ,SAS,1
MALISETTY   ,SAS,1
MALIT       ,RP,0.9295
MALIWANAG   ,RP,1
MALIWAT     ,RP,0.9725
MALIXI      ,RP,1
MALKAN      ,SAS,0.8243
MALKANI     ,SAS,0.9681
MALL        ,SAS,0.7805
MALLA       ,NP,0.5793
MALLADI     ,SAS,1
MALLAM      ,SAS,0.5161
MALLAMPALLI ,SAS,1
MALLAMPATI  ,SAS,1
MALLARE     ,RP,0.9875
MALLARI     ,RP,0.9848
MALLAVARAPU ,SAS,1
MALLELA     ,SAS,1
MALLHI      ,SAS,0.9999
MALLI       ,SAS,0.7334
MALLICK     ,SAS,0.9178
MALLIDI     ,SAS,1
MALLIK      ,SAS,0.9408
MALLIKARJUNA,SAS,1
MALLILLIN   ,RP,1
MALLINA     ,SAS,1
MALLIPEDDI  ,SAS,1
MALLIPUDI   ,SAS,1
MALLORCA    ,RP,0.972
MALLU       ,SAS,1
MALLYA      ,SAS,0.7396
MALOLES     ,RP,1
MALOLOT     ,RP,1
MALONG      ,RP,0.9687
MALONZO     ,RP,1
MALOO       ,SAS,0.74
MALPANI     ,SAS,1
MALPAYA     ,RP,1
MALTEZO     ,RP,0.9995
MALTO       ,RP,0.999
MALUBAY     ,RP,1
MALUNAY     ,RP,0.9787
MALUTO      ,RP,1
MALUYO      ,RP,1
MALVAR      ,RP,0.9347
MALVEDA     ,RP,1
MALVIYA     ,SAS,1
MALYALA     ,SAS,1
MAM         ,CB,0.8449
MAMAC       ,RP,0.9617
MAMACLAY    ,RP,1
MAMANGUN    ,RP,1
MAMARADLO   ,RP,1
MAMARIL     ,RP,1
MAMAT       ,MY,0.8605
MAMAUAG     ,RP,1
MAMDANI     ,SAS,0.5827
MAMERTO     ,RP,0.9388
MAMIDALA    ,SAS,1
MAMIDI      ,SAS,1
MAMILLAPALLI,SAS,1
MAMIYA      ,JA,0.9627
MAMMEN      ,SAS,0.9288
MAMON       ,RP,0.515
MAMOON      ,SAS,0.9
MAMPILLY    ,SAS,0.9999
MAMSA       ,SAS,0.6098
MAMTANI     ,SAS,0.925
MAMTORA     ,SAS,0.9464
MAMUAD      ,RP,0.9999
MAMUN       ,SAS,0.9612
MAMUYAC     ,RP,1
MAN         ,GCA,0.6175
MANAAY      ,RP,1
MANABAT     ,RP,1
MANABE      ,JA,0.9817
MANACOP     ,RP,1
MANAGBANAG  ,RP,0.9999
MANAGO      ,RP,0.55
MANAHAN     ,RP,0.7889
MANAIG      ,RP,1
MANAKA      ,JA,0.7619
MANAKTALA   ,SAS,1
MANALAC     ,RP,1
MANALAD     ,RP,1
MANALANG    ,RP,0.9944
MANALANSAN  ,RP,1
MANALASTAS  ,RP,1
MANALAYSAY  ,RP,1
MANALESE    ,RP,1
MANALIGOD   ,RP,0.9999
MANALILI    ,RP,1
MANALO      ,RP,0.9748
MANALOTO    ,RP,0.9795
MANAM       ,SAS,1
MANANDHAR   ,NP,0.9317
MANANGAN    ,RP,1
MANANQUIL   ,RP,1
MANANSALA   ,RP,0.9904
MANANTAN    ,RP,1
MANAOAT     ,RP,0.9999
MANAOG      ,RP,1
MANAOIS     ,RP,0.9797
MANAPAT     ,RP,0.9369
MANAPSAL    ,RP,1
MANARANG    ,RP,1
MANARIN     ,RP,0.5184
MANASAN     ,RP,1
MANASIA     ,SAS,0.9953
MANATAD     ,RP,0.8714
MANAVALAN   ,SAS,1
MANAYAN     ,RP,1
MANCAO      ,RP,0.9995
MANCENIDO   ,RP,0.9231
MANCHALA    ,SAS,1
MANCHANDA   ,SAS,0.9787
MANCHIKANTI ,SAS,1
MAND        ,SAS,0.8228
MANDA       ,SAS,0.7514
MANDAC      ,RP,0.97
MANDADAPU   ,SAS,1
MANDADI     ,SAS,1
MANDADO     ,RP,0.5862
MANDAIR     ,SAS,0.6333
MANDAL      ,SAS,0.8531
MANDALA     ,SAS,0.7868
MANDALAPU   ,SAS,1
MANDALI     ,SAS,1
MANDALIA    ,SAS,0.6813
MANDAN      ,SAS,0.7683
MANDANAS    ,RP,1
MANDAP      ,RP,1
MANDAPAT    ,RP,1
MANDAPATI   ,SAS,1
MANDAVA     ,SAS,0.9904
MANDAVIA    ,SAS,0.8889
MANDAVILLI  ,SAS,1
MANDAYAM    ,SAS,1
MANDER      ,SAS,0.5474
MANDIA      ,RP,0.5262
MANDIN      ,RP,0.6524
MANDING     ,RP,0.9997
MANDLI      ,SAS,0.6522
MANDREKAR   ,SAS,0.9999
MANDVIWALA  ,SAS,1
MANDYAM     ,SAS,1
MANEGDEG    ,RP,0.9998
MANEGO      ,RP,0.9915
MANEJA      ,RP,1
MANEK       ,SAS,0.5279
MANEKIA     ,SAS,0.6034
MANELA      ,RP,0.5869
MANEPALLI   ,SAS,1
MANERA      ,RP,0.7619
MANESE      ,RP,0.9588
MANEZ       ,RP,0.8498
MANG        ,BM,0.6681
MANGABAT    ,RP,0.97
MANGAHAS    ,RP,0.9858
MANGAHIS    ,RP,1
MANGALAM    ,SAS,0.9118
MANGALI     ,RP,0.7059
MANGALINDAN ,RP,0.9783
MANGAM      ,SAS,0.6116
MANGANAAN   ,RP,0.9999
MANGANTI    ,RP,1
MANGAOANG   ,RP,0.9806
MANGAPIT    ,RP,0.9998
MANGARIN    ,RP,0.9999
MANGASER    ,RP,0.9966
MANGAT      ,SAS,0.8333
MANGAWANG   ,RP,0.9999
MANGAYA     ,RP,0.9048
MANGAYAYAM  ,RP,1
MANGHNANI   ,SAS,0.9474
MANGI       ,SAS,0.842
MANGIBIN    ,RP,1
MANGILA     ,RP,1
MANGILIMAN  ,RP,1
MANGILIT    ,RP,1
MANGINSAY   ,RP,0.9979
MANGIO      ,RP,0.9945
MANGIPUDI   ,SAS,1
MANGLA      ,SAS,0.9758
MANGLALLAN  ,RP,0.9997
MANGLANI    ,SAS,1
MANGLAPUS   ,RP,0.9999
MANGLICMOT  ,RP,1
MANGLIK     ,SAS,1
MANGLINONG  ,RP,1
MANGOBA     ,RP,1
MANGON      ,RP,0.9492
MANGONA     ,RP,0.9995
MANGONON    ,RP,1
MANGOSING   ,RP,0.9996
MANGROBANG  ,RP,1
MANGU       ,SAS,0.6825
MANGUBAT    ,RP,1
MANGUERA    ,RP,0.9298
MANGUERRA   ,RP,0.9615
MANGUIAT    ,RP,1
MANGULABNAN ,RP,1
MANGUNDAYAO ,RP,1
MANGUNE     ,RP,1
MANGUNSONG  ,BIA,0.8788
MANH        ,VM,0.8571
MANHAS      ,SAS,0.75
MANI        ,SAS,0.7243
MANIAGO     ,RP,0.9762
MANIAN      ,SAS,0.888
MANIAR      ,SAS,0.9884
MANIBO      ,RP,1
MANIBOG     ,RP,0.9974
MANICHANH   ,LA,0.9189
MANICKAM    ,SAS,0.922
MANICKAVASAG,SAS,0.8556
MANIEGO     ,RP,0.9643
MANIGBAS    ,RP,1
MANIK       ,SAS,0.7364
MANIKANDAN  ,SAS,0.9954
MANIKHAM    ,LA,0.9986
MANIKIS     ,RP,0.567
MANIKONDA   ,SAS,1
MANIKTALA   ,SAS,1
MANILA      ,RP,0.7594
MANIMARAN   ,SAS,0.9994
MANIMBO     ,RP,1
MANIMTIM    ,RP,1
MANINANG    ,RP,1
MANINGAS    ,RP,1
MANINGAT    ,RP,1
MANINGDING  ,RP,1
MANINGO     ,RP,0.9538
MANIO       ,RP,1
MANIPOL     ,RP,0.9483
MANIPON     ,RP,1
MANIQUIS    ,RP,1
MANIQUIZ    ,RP,1
MANIRATH    ,LA,1
MANISH      ,SAS,0.8525
MANITI      ,RP,0.9474
MANIULIT    ,RP,1
MANIVANH    ,LA,0.8915
MANIVANNAN  ,SAS,0.9503
MANIVONG    ,LA,0.9155
MANIWANG    ,RP,1
MANIYA      ,SAS,1
MANIYAR     ,SAS,1
MANJARES    ,RP,0.5959
MANJEE      ,SAS,1
MANJITKAUR  ,SAS,1
MANJRA      ,SAS,0.6863
MANJREKAR   ,SAS,1
MANJUNATH   ,SAS,1
MANJUNATHA  ,SAS,1
MANKAD      ,SAS,1
MANKAR      ,SAS,1
MANKU       ,SAS,0.5909
MANLANGIT   ,RP,1
MANLAPAZ    ,RP,0.9899
MANLAPIG    ,RP,1
MANLICLIC   ,RP,1
MANLONGAT   ,RP,0.8367
MANLUCU     ,RP,1
MANLULU     ,RP,0.9677
MANLUTAC    ,RP,0.975
MANMANO     ,RP,0.9999
MANNAM      ,SAS,1
MANNAN      ,SAS,0.9175
MANNARI     ,JA,0.6509
MANNAVA     ,SAS,1
MANNE       ,SAS,0.8784
MANNEM      ,SAS,1
MANNEPALLI  ,SAS,1
MANOCHA     ,SAS,0.951
MANOHAR     ,SAS,0.7731
MANOHARAN   ,SAS,0.912
MANOJ       ,SAS,0.9414
MANONGDO    ,RP,1
MANONGSONG  ,RP,1
MANOSCA     ,RP,1
MANSHA      ,SAS,1
MANSHARAMANI,SAS,1
MANSOR      ,MY,0.5696
MANSUKHANI  ,SAS,0.8558
MANSURI     ,SAS,0.8947
MANSURY     ,AF,0.7567
MANTANI     ,JA,0.9918
MANTARING   ,RP,1
MANTENA     ,SAS,1
MANTES      ,RP,0.9454
MANTHA      ,SAS,0.8201
MANTHENA    ,SAS,1
MANTO       ,RP,0.6261
MANTRALA    ,SAS,1
MANTRAVADI  ,SAS,1
MANTRI      ,SAS,0.9781
MANTRIPRAGAD,SAS,1
MANTUA      ,RP,0.6098
MANUBAG     ,RP,0.9993
MANUBAY     ,RP,0.9998
MANUEL      ,RP,0.5229
MANUKONDA   ,SAS,1
MANULLANG   ,BIA,0.9091
MANUNTAG    ,RP,1
MANURUNG    ,BIA,0.899
MANUYAG     ,RP,1
MANUZON     ,RP,1
MANWANI     ,SAS,0.8784
MANYAM      ,SAS,1
MANYVANH    ,LA,0.8843
MANYVONG    ,LA,0.9999
MANZANA     ,RP,0.9552
MANZAR      ,SAS,0.9178
MANZON      ,RP,0.8523
MANZOOR     ,SAS,0.9186
MAO         ,GCA,0.7224
MAOKHAMPHIOU,LA,0.9467
MAPA        ,RP,0.7023
MAPALO      ,RP,0.9572
MAPANAO     ,RP,1
MAPARA      ,SAS,0.8519
MAPILE      ,RP,0.9997
MAPILI      ,RP,1
MAPOTE      ,RP,1
MAPOY       ,RP,1
MAPUA       ,RP,1
MAQBOOL     ,SAS,0.9352
MAQSOOD     ,SAS,0.9302
MAQUERA     ,RP,0.7472
MAQUILAN    ,RP,1
MAQUILING   ,RP,1
MAQUINDANG  ,RP,0.921
MARAAN      ,RP,0.9993
MARADA      ,SAS,0.864
MARALIT     ,RP,1
MARAM       ,SAS,0.9417
MARAMAG     ,RP,0.9687
MARAMARA    ,RP,0.9999
MARAMBA     ,RP,0.9767
MARAMIS     ,BIA,0.9153
MARAMREDDY  ,SAS,1
MARANA      ,RP,0.7827
MARANAN     ,RP,1
MARANCA     ,RP,0.879
MARANIA     ,RP,0.9998
MARAPAO     ,RP,1
MARARAC     ,RP,0.9998
MARASIGAN   ,RP,0.9892
MARATAS     ,RP,0.9853
MARATHE     ,SAS,1
MARAVILLAS  ,RP,0.5115
MARAYA      ,RP,1
MARAYAG     ,RP,1
MARBELLA    ,RP,1
MARBUN      ,BIA,0.8537
MARCAIDA    ,RP,0.8649
MARCELINO   ,RP,0.51
MARCELLANA  ,RP,1
MARCELO     ,RP,0.7316
MARCHA      ,RP,0.667
MAREDDY     ,SAS,1
MAREDIA     ,SAS,0.9947
MAREDIYA    ,SAS,1
MARELLA     ,SAS,0.6387
MAREPALLY   ,SAS,1
MARFANI     ,SAS,1
MARFATIA    ,SAS,1
MARFIL      ,RP,0.5884
MARFORI     ,RP,1
MARGALLO    ,RP,1
MARGAREJO   ,RP,0.544
MARGARET    ,BIA,0.5891
MARGATE     ,RP,1
MARGES      ,RP,0.825
MARGONO     ,BIA,0.9167
MARIANO     ,RP,0.7295
MARIAPPAN   ,SAS,0.9595
MARILAO     ,RP,0.9989
MARILLA     ,RP,0.9699
MARIMUTHU   ,SAS,0.8664
MARINAS     ,RP,0.8721
MARINGANTI  ,SAS,1
MARIP       ,BM,0.9412
MARISTELA   ,RP,1
MARKA       ,SAS,0.6798
MARKAN      ,SAS,0.82
MARKOSE     ,SAS,0.9266
MARLA       ,SAS,1
MARLANG     ,RP,0.9998
MARMA       ,SAS,0.5005
MARNI       ,SAS,0.8571
MAROJU      ,SAS,1
MAROK       ,SAS,0.6314
MAROO       ,SAS,0.9913
MAROOF      ,SAS,0.5393
MARPAUNG    ,BIA,1
MARQUINEZ   ,RP,0.5592
MARRI       ,SAS,0.9796
MARRIA      ,SAS,0.796
MARTELINO   ,RP,0.9387
MARTHI      ,SAS,0.9091
MARTICIO    ,RP,0.9979
MARTIJA     ,RP,0.5599
MARTIRES    ,RP,0.9531
MARTIREZ    ,RP,1
MARUCUT     ,RP,0.9727
MARUF       ,SAS,0.5714
MARUI       ,JA,0.9245
MARUMOTO    ,JA,0.8409
MARUNO      ,JA,1
MARUO       ,JA,1
MARUOKA     ,JA,1
MARUPUDI    ,SAS,1
MARUTA      ,JA,0.8525
MARUTANI    ,JA,0.9996
MARUVADA    ,SAS,1
MARUYA      ,JA,0.8987
MARUYAMA    ,JA,0.9532
MARWAH      ,SAS,0.9454
MARWAHA     ,SAS,0.9412
MARYAM      ,SAS,0.8095
MARZAN      ,RP,0.8617
MARZO       ,RP,0.5963
MARZUKI     ,MY,0.5968
MASA        ,RP,0.5744
MASADA      ,JA,0.9275
MASAI       ,JA,0.7041
MASAKI      ,JA,0.9294
MASANA      ,RP,0.7429
MASAND      ,SAS,0.9462
MASANGCAY   ,RP,1
MASANGKAY   ,RP,1
MASANI      ,SAS,0.9167
MASANQUE    ,RP,1
MASAOKA     ,JA,0.9982
MASCARDO    ,RP,1
MASCARENHAS ,SAS,0.615
MASCARINA   ,RP,1
MASCARINAS  ,RP,1
MASCUNANA   ,RP,0.8773
MASHIKO     ,JA,1
MASHIMA     ,JA,1
MASHIMO     ,JA,1
MASHINO     ,JA,0.8935
MASHITA     ,JA,0.9885
MASHRIQI    ,AF,0.9698
MASHRUWALA  ,SAS,1
MASICLAT    ,RP,1
MASIH       ,SAS,0.9342
MASILAMANI  ,SAS,0.9619
MASILANG    ,RP,1
MASINAS     ,RP,0.9193
MASING      ,RP,0.8729
MASKARA     ,SAS,0.9965
MASKEY      ,NP,0.9016
MASONGSONG  ,RP,0.9999
MASOOD      ,SAS,0.8905
MASOODI     ,SAS,0.5588
MASOOM      ,SAS,0.7209
MASROOR     ,SAS,0.8571
MASSAND     ,SAS,1
MASTER      ,SAS,0.6668
MASUBUCHI   ,JA,1
MASUD       ,SAS,0.7823
MASUDA      ,JA,0.9447
MASUHARA    ,JA,0.9782
MASUI       ,JA,0.9774
MASUKAWA    ,JA,0.9335
MASUKO      ,JA,1
MASULIT     ,RP,0.9961
MASUM       ,SAS,1
MASUMI      ,AF,0.5357
MASUMOTO    ,JA,0.9776
MASUMURA    ,JA,0.9999
MASUNAGA    ,JA,0.9975
MASUNO      ,JA,0.9996
MASUO       ,JA,0.76
MASUOKA     ,JA,0.9929
MASUTANI    ,JA,0.9987
MASUYAMA    ,JA,1
MASUZAWA    ,JA,1
MATALIA     ,SAS,0.9062
MATAM       ,SAS,0.8636
MATAMIS     ,RP,0.8965
MATANGUIHAN ,RP,1
MATANI      ,SAS,0.9415
MATANO      ,JA,0.6831
MATANZA     ,RP,0.9984
MATAWARAN   ,RP,1
MATAYOSHI   ,JA,0.8262
MATCHA      ,SAS,0.9893
MATEEN      ,SAS,0.7823
MATEL       ,RP,0.5429
MATELA      ,RP,0.8238
MATHAI      ,SAS,0.9418
MATHAN      ,SAS,0.9999
MATHAROO    ,SAS,1
MATHARU     ,SAS,0.6891
MATHAY      ,RP,0.9326
MATHEN      ,SAS,0.9368
MATHEW      ,SAS,0.9127
MATHI       ,SAS,0.7629
MATHIVANAN  ,SAS,1
MATHRANI    ,SAS,1
MATHUR      ,SAS,0.9547
MATHURIA    ,SAS,0.9273
MATIBAG     ,RP,1
MATIENZO    ,RP,0.5934
MATILLANO   ,RP,1
MATIN       ,SAS,0.6132
MATIONG     ,RP,0.9998
MATMANIVONG ,LA,0.9988
MATOBA      ,JA,0.9983
MATOZA      ,RP,0.9347
MATRO       ,RP,0.9456
MATSU       ,JA,0.6499
MATSUBA     ,JA,0.9406
MATSUBARA   ,JA,0.9721
MATSUBAYASHI,JA,1
MATSUDA     ,JA,0.9327
MATSUDAIRA  ,JA,0.9993
MATSUDO     ,JA,0.818
MATSUEDA    ,JA,0.9991
MATSUFUJI   ,JA,0.8846
MATSUHASHI  ,JA,0.9667
MATSUI      ,JA,0.9607
MATSUKAWA   ,JA,0.9535
MATSUKI     ,JA,0.9808
MATSUKURA   ,JA,1
MATSUMIYA   ,JA,0.9998
MATSUMORI   ,JA,0.9972
MATSUMOTO   ,JA,0.9458
MATSUMURA   ,JA,0.9514
MATSUNAGA   ,JA,0.9322
MATSUNAMI   ,JA,0.9667
MATSUNO     ,JA,0.9728
MATSUNOBU   ,JA,0.9999
MATSUO      ,JA,0.9612
MATSUOKA    ,JA,0.941
MATSUSAKA   ,JA,0.9956
MATSUSHIGE  ,JA,0.8677
MATSUSHIMA  ,JA,0.9715
MATSUSHITA  ,JA,0.9642
MATSUTANI   ,JA,0.9999
MATSUURA    ,JA,0.9498
MATSUYA     ,JA,0.9375
MATSUYAMA   ,JA,0.9566
MATSUYOSHI  ,JA,0.9988
MATSUZAKA   ,JA,1
MATSUZAKI   ,JA,0.9863
MATSUZAWA   ,JA,1
MATTAM      ,SAS,1
MATTOO      ,SAS,1
MATTU       ,SAS,0.8181
MATULAC     ,RP,1
MATULIN     ,RP,0.9927
MATUNDAN    ,RP,1
MATURAN     ,RP,1
MATURI      ,SAS,0.6577
MATUTINA    ,RP,1
MATUTINO    ,RP,0.996
MAULA       ,RP,0.596
MAULANA     ,BIA,0.7778
MAULEON     ,RP,0.6831
MAULIK      ,SAS,0.9979
MAULION     ,RP,0.8461
MAULIT      ,RP,0.9997
MAUNG       ,BM,0.8448
MAURILLO    ,RP,0.7748
MAURYA      ,SAS,1
MAVANI      ,SAS,0.8364
MAVI        ,SAS,0.8015
MAW         ,BM,0.639
MAWANI      ,SAS,0.5376
MAWARDI     ,BIA,0.5294
MAWI        ,BM,0.8904
MAWIA       ,BM,0.9362
MAWLA       ,SAS,0.56
MAXINO      ,RP,0.9998
MAXION      ,RP,0.9496
MAYANI      ,SAS,0.6964
MAYAR       ,AF,0.8382
MAYEDA      ,JA,0.5048
MAYEKAR     ,SAS,0.9107
MAYLON      ,RP,0.9676
MAYNIGO     ,RP,1
MAYOLA      ,RP,0.8407
MAYUGA      ,RP,1
MAYUGBA     ,RP,0.9997
MAZHAR      ,SAS,0.8511
MAZHER      ,SAS,0.8286
MAZID       ,SAS,0.7125
MAZLAN      ,MY,0.9211
MAZUMDAR    ,SAS,0.9785
MAZUMDER    ,SAS,0.9612
MEACH       ,CB,0.8783
MEAH        ,SAS,0.7885
MEAK        ,CB,0.8565
MEAN        ,CB,0.8309
MEAS        ,CB,0.8315
MECATE      ,RP,0.9995
MEDALLA     ,RP,1
MEDALLE     ,RP,1
MEDARAMETLA ,SAS,1
MEDENILLA   ,RP,1
MEDEPALLI   ,SAS,1
MEDES       ,RP,0.6747
MEDHEKAR    ,SAS,1
MEDHI       ,SAS,1
MEDI        ,SAS,0.7917
MEDIANA     ,RP,1
MEDICHERLA  ,SAS,1
MEDIKONDA   ,SAS,1
MEDIOS      ,RP,1
MEDIRATTA   ,SAS,0.9079
MEDRIANO    ,RP,1
MEDURI      ,SAS,0.9182
MEEHLEIB    ,RP,0.9992
MEENA       ,SAS,0.8303
MEENAKSHI   ,SAS,1
MEENAKSHISU ,SAS,1
MEENAKSHISUN,SAS,1
MEERZA      ,SAS,0.7949
MEESALA     ,SAS,1
MEGHANI     ,SAS,0.939
MEGIA       ,RP,0.6383
MEGURO      ,JA,0.9481
MEH         ,BM,0.6827
MEHANDRU    ,SAS,1
MEHAR       ,SAS,0.9444
MEHAT       ,SAS,0.9111
MEHBOOB     ,SAS,0.9667
MEHDI       ,SAS,0.7236
MEHENDALE   ,SAS,1
MEHER       ,SAS,0.9182
MEHIRDEL    ,AF,0.9999
MEHMI       ,SAS,1
MEHMOOD     ,SAS,0.9778
MEHNDIRATTA ,SAS,1
MEHRA       ,SAS,0.9074
MEHROK      ,SAS,1
MEHROTRA    ,SAS,0.9885
MEHTA       ,SAS,0.9196
MEHTANI     ,SAS,1
MEI         ,GCA,0.975
MEILY       ,RP,0.9429
MEIM        ,RP,1
MEJARES     ,RP,0.9998
MEJICA      ,RP,0.9999
MEJICO      ,RP,0.8313
MEJOS       ,RP,1
MEK         ,CB,0.5554
MEKA        ,SAS,0.7913
MEKALA      ,SAS,1
MEKARU      ,JA,0.8766
MEKDARA     ,LA,0.9999
MEKSAVANH   ,LA,0.9166
MEL         ,CB,0.5458
MELAD       ,RP,0.8225
MELEGRITO   ,RP,1
MELENCIO    ,RP,1
MELKOTE     ,SAS,1
MELLACHERUVU,SAS,1
MELLIZA     ,RP,1
MELOCOTON   ,RP,1
MELWANI     ,SAS,0.5846
MEMBRERE    ,RP,0.9128
MEMON       ,SAS,0.9465
MEMPIN      ,RP,1
MEN         ,CB,0.5683
MENACHERY   ,SAS,0.9999
MENCHAVEZ   ,RP,1
MENDAROS    ,RP,1
MENDIGORIN  ,RP,0.9979
MENDIORO    ,RP,1
MENDIRATTA  ,SAS,1
MENDIS      ,CE,0.7815
MENDON      ,SAS,0.9816
MENDONES    ,RP,1
MENDONZA    ,SAS,0.5412
MENDOZAJR   ,RP,0.793
MENDPARA    ,SAS,1
MENDU       ,SAS,1
MENEZ       ,RP,0.6386
MENG        ,GCA,0.8741
MENGHANI    ,SAS,1
MENGUITO    ,RP,1
MENH        ,CB,0.8611
MENINA      ,RP,0.9291
MENON       ,SAS,0.8957
MENOR       ,RP,0.9474
MENORATH    ,LA,0.8709
MERAI       ,SAS,0.7018
MERAJ       ,SAS,0.782
MERANA      ,RP,0.9985
MERANI      ,SAS,0.7531
MERANO      ,RP,0.9977
MERCADER    ,RP,0.7155
MERCENE     ,RP,1
MERCHANT    ,SAS,0.6496
MEREDDY     ,SAS,1
MERETE      ,RP,0.6052
MERIALES    ,RP,1
MERIN       ,RP,0.5463
MERIS       ,RP,0.6612
MERLUZA     ,RP,1
MERTO       ,RP,0.9997
MERUGU      ,SAS,1
MESHRAM     ,SAS,1
MESINA      ,RP,0.8196
MESIONA     ,RP,0.9997
METLA       ,SAS,1
METRA       ,RP,0.5775
METRAN      ,RP,1
METTA       ,SAS,0.611
METTU       ,SAS,1
MEY         ,CB,0.7113
MEYYAPPAN   ,SAS,0.9515
MHASKAR     ,SAS,1
MHATRE      ,SAS,1
MI          ,GCA,0.7964
MIA         ,SAS,0.8392
MIAH        ,SAS,0.9456
MIAN        ,SAS,0.9157
MIANA       ,RP,0.8043
MIAO        ,GCA,0.9665
MICIANO     ,RP,1
MICLAT      ,RP,0.9732
MICUA       ,RP,1
MIDHA       ,SAS,0.9545
MIDORIKAWA  ,JA,1
MIECH       ,CB,0.7012
MIEL        ,RP,0.8055
MIEN        ,CB,0.6341
MIGITA      ,JA,0.9991
MIGLANI     ,SAS,1
MIGUELINO   ,RP,0.999
MIHA        ,SAS,0.6666
MIHARA      ,JA,0.9823
MIIKE       ,JA,0.9838
MIKAMI      ,JA,0.9644
MIKASA      ,JA,0.9474
MIKAWA      ,JA,0.9994
MIKI        ,JA,0.9578
MIKKILINENI ,SAS,1
MIKUNI      ,JA,0.9997
MIKURIYA    ,JA,0.9117
MILANA      ,RP,0.5175
MILI        ,SAS,0.5394
MILITANTE   ,RP,0.9996
MILITAR     ,RP,0.9999
MILLADO     ,RP,1
MILLANES    ,RP,0.6948
MILLANO     ,RP,0.8966
MILLARE     ,RP,1
MILLARES    ,RP,0.5206
MILLENA     ,RP,1
MILLENDEZ   ,RP,1
MIM         ,SAS,0.7082
MIMA        ,JA,0.9858
MIMAKI      ,JA,0.9809
MIMURA      ,JA,0.9894
MIN         ,XK,0.7854
MINAGAWA    ,JA,1
MINAKATA    ,JA,0.7368
MINAKAWA    ,JA,1
MINAMI      ,JA,0.9554
MINAMIDE    ,JA,0.9844
MINAMOTO    ,JA,0.9999
MINATO      ,JA,0.9293
MINDANAO    ,RP,1
MINDO       ,RP,0.9988
MINDORO     ,RP,0.8224
MINE        ,JA,0.752
MINEGISHI   ,JA,1
MINEI       ,JA,0.9248
MINESES     ,RP,0.9992
MING        ,GCA,0.5948
MINGOY      ,RP,0.9989
MINH        ,VM,0.8182
MINHAJ      ,SAS,0.9091
MINHAS      ,SAS,0.9017
MINIANO     ,RP,1
MINIMO      ,RP,1
MINOBE      ,JA,0.9994
MINOCHA     ,SAS,0.9739
MINODA      ,JA,1
MINOURA     ,JA,1
MINOWA      ,JA,0.9717
MINOZA      ,RP,0.9703
MIQUE       ,RP,1
MIR         ,SAS,0.6344
MIRABUENO   ,RP,1
MIRADOR     ,RP,0.9999
MIRAFLOR    ,RP,0.9726
MIRAFLORES  ,RP,1
MIRAJ       ,SAS,0.6
MIRAJKAR    ,SAS,1
MIRAL       ,RP,0.8113
MIRANDILLA  ,RP,1
MIRANI      ,SAS,0.8171
MIRANO      ,RP,0.7663
MIRASOL     ,RP,0.989
MIRAVITE    ,RP,1
MIRCHANDANI ,SAS,0.8509
MIRIYALA    ,SAS,1
MIRPURI     ,SAS,0.6809
MIRYALA     ,SAS,1
MIRZA       ,SAS,0.787
MIRZADA     ,AF,0.9444
MISA        ,RP,0.6778
MISAJON     ,RP,0.8177
MISAKA      ,JA,0.8616
MISAKI      ,JA,0.9388
MISAL       ,SAS,0.759
MISAWA      ,JA,0.955
MISAY       ,RP,0.6176
MISBAH      ,SAS,0.7969
MISE        ,JA,0.5805
MISENAS     ,RP,0.9999
MISHIMA     ,JA,0.9779
MISHRA      ,SAS,0.8155
MISLANG     ,RP,0.9999
MISOLA      ,RP,1
MISON       ,RP,0.6136
MISONO      ,JA,1
MISQUITTA   ,SAS,1
MISRA       ,SAS,0.9355
MISRI       ,SAS,0.5999
MISSION     ,RP,0.9026
MISTICA     ,RP,1
MISTRI      ,SAS,0.8088
MISTRY      ,SAS,0.7528
MISUMI      ,JA,0.9512
MITA        ,JA,0.644
MITAL       ,SAS,0.7521
MITAMURA    ,JA,0.9998
MITANI      ,JA,0.9638
MITH        ,CB,0.8598
MITHA       ,SAS,0.7115
MITHAIWALA  ,SAS,1
MITHAL      ,SAS,0.8333
MITHANI     ,SAS,0.9204
MITO        ,JA,0.8277
MITOBE      ,JA,0.9992
MITOMA      ,JA,0.9942
MITRA       ,SAS,0.8312
MITSUDA     ,JA,0.9956
MITSUHASHI  ,JA,1
MITSUI      ,JA,0.9714
MITSUISHI   ,JA,1
MITSUMORI   ,JA,0.9991
MITSUMOTO   ,JA,1
MITSUNAGA   ,JA,0.9244
MITSUOKA    ,JA,0.9999
MITSUYA     ,JA,1
MITSUYASU   ,JA,0.9927
MITTA       ,SAS,0.7129
MITTAL      ,SAS,0.9826
MITTAPALLI  ,SAS,1
MITTRA      ,SAS,1
MIU         ,GCA,0.6623
MIURA       ,JA,0.9537
MIWA        ,JA,0.9603
MIYA        ,JA,0.6162
MIYABE      ,JA,1
MIYACHI     ,JA,1
MIYAGAWA    ,JA,0.9727
MIYAGI      ,JA,0.9625
MIYAGISHIMA ,JA,0.8111
MIYAGUCHI   ,JA,0.9989
MIYAHARA    ,JA,0.9603
MIYAHIRA    ,JA,0.6434
MIYAI       ,JA,0.9634
MIYAJI      ,JA,0.9647
MIYAJIMA    ,JA,0.9871
MIYAKAWA    ,JA,0.9604
MIYAKE      ,JA,0.9435
MIYAKI      ,JA,0.8859
MIYAKO      ,JA,1
MIYAKOSHI   ,JA,1
MIYAMA      ,JA,1
MIYAMAE     ,JA,1
MIYAMORI    ,JA,1
MIYAMOTO    ,JA,0.912
MIYAMURA    ,JA,0.9152
MIYANAGA    ,JA,1
MIYANISHI   ,JA,1
MIYANO      ,JA,1
MIYAO       ,JA,0.9698
MIYAOKA     ,JA,1
MIYARA      ,JA,0.7368
MIYASAKA    ,JA,0.9821
MIYASHITA   ,JA,0.9738
MIYATA      ,JA,0.9738
MIYATAKE    ,JA,0.9995
MIYAUCHI    ,JA,1
MIYAWAKI    ,JA,1
MIYAZAKI    ,JA,0.9625
MIYAZATO    ,JA,1
MIYAZAWA    ,JA,1
MIYAZONO    ,JA,0.9796
MIYOSHI     ,JA,0.9659
MIZAN       ,SAS,0.7108
MIZAR       ,BT,0.6242
MIZOBUCHI   ,JA,1
MIZOGUCHI   ,JA,0.9799
MIZOKAMI    ,JA,0.9906
MIZOTA      ,JA,0.9997
MIZUGUCHI   ,JA,1
MIZUHARA    ,JA,0.9978
MIZUKAMI    ,JA,0.9773
MIZUKI      ,JA,0.8372
MIZUKOSHI   ,JA,1
MIZUMA      ,JA,1
MIZUMOTO    ,JA,0.9416
MIZUMURA    ,JA,1
MIZUNO      ,JA,0.9665
MIZUSAWA    ,JA,0.958
MIZUSHIMA   ,JA,0.9355
MIZUTA      ,JA,1
MIZUTANI    ,JA,0.9639
MLO         ,VM,0.9528
MO          ,GCA,0.7372
MOAZZAM     ,SAS,0.7808
MOBEEN      ,SAS,0.9516
MOBIN       ,SAS,0.5126
MOBO        ,RP,1
MOC         ,VM,0.8266
MOCHERLA    ,SAS,1
MOCHIDA     ,JA,1
MOCHIZUKI   ,JA,0.9691
MODAK       ,SAS,0.9522
MODALI      ,SAS,1
MODAN       ,SAS,0.7027
MODELO      ,RP,1
MODGIL      ,SAS,1
MODH        ,SAS,1
MODHA       ,SAS,0.7473
MODI        ,SAS,0.9301
MODINA      ,RP,0.9375
MODY        ,SAS,0.9466
MOEEN       ,SAS,0.76
MOEUN       ,CB,0.7957
MOEUNG      ,CB,0.9532
MOEY        ,MY,0.8567
MOGHAL      ,SAS,0.9167
MOGHE       ,SAS,1
MOGHUL      ,SAS,1
MOGI        ,JA,0.9664
MOGILI      ,SAS,1
MOGOL       ,RP,0.8405
MOGOTE      ,RP,0.9987
MOGUL       ,SAS,0.5279
MOHABBAT    ,AF,0.8023
MOHAMMAD    ,SAS,0.5102
MOHAMMADY   ,AF,0.5625
MOHAMMEDABD ,SAS,0.8899
MOHAN       ,SAS,0.6512
MOHANAN     ,SAS,1
MOHANDAS    ,SAS,0.9603
MOHANDOSS   ,SAS,1
MOHANKUMAR  ,SAS,1
MOHANLAL    ,SAS,0.6061
MOHANRAJ    ,SAS,0.9712
MOHANRAM    ,SAS,0.8276
MOHANTY     ,SAS,0.9896
MOHAPATRA   ,SAS,0.9902
MOHARIR     ,SAS,1
MOHDALI     ,MY,0.9512
MOHDNOOR    ,MY,0.9297
MOHDNOR     ,MY,0.9355
MOHDSALLEH  ,MY,1
MOHDYUSOF   ,MY,0.9667
MOHDYUSOFF  ,MY,0.9375
MOHDZAIN    ,MY,1
MOHIDEEN    ,SAS,0.5377
MOHILE      ,SAS,1
MOHINDRA    ,SAS,0.8496
MOHINDROO   ,SAS,0.9999
MOHITE      ,SAS,1
MOHIUDDIN   ,SAS,0.9238
MOHLA       ,SAS,0.9977
MOHMAND     ,AF,0.7391
MOHRI       ,JA,0.8816
MOHSIN      ,SAS,0.5754
MOHSINI     ,AF,0.9492
MOHTA       ,SAS,1
MOHYUDDIN   ,SAS,0.9307
MOID        ,SAS,1
MOIN        ,SAS,0.7669
MOINUDDIN   ,SAS,0.9447
MOISES      ,RP,0.5645
MOITRA      ,SAS,1
MOIZ        ,SAS,0.9655
MOJADDEDI   ,AF,0.8939
MOJADDIDI   ,AF,0.9199
MOJADEDI    ,AF,0.8684
MOJADIDI    ,AF,0.948
MOJADO      ,RP,0.9924
MOJARES     ,RP,0.9999
MOJUMDER    ,SAS,1
MOK         ,GCA,0.6729
MOKASHI     ,SAS,1
MOKHA       ,SAS,0.9474
MOKKAPATI   ,SAS,1
MOKTAN      ,NP,0.5905
MOLAS       ,RP,0.5789
MOLERA      ,RP,0.6267
MOLLAH      ,SAS,0.9453
MOLLICK     ,SAS,0.719
MOLO        ,RP,0.7997
MOLON       ,RP,0.67
MOLOO       ,SAS,0.7551
MOLUGU      ,SAS,1
MOM         ,CB,0.8347
MOMAND      ,AF,0.8571
MOMEN       ,SAS,0.5517
MOMI        ,SAS,0.9996
MOMII       ,JA,0.9655
MOMIN       ,SAS,0.9792
MOMIYAMA    ,JA,1
MOMMA       ,JA,1
MOMOHARA    ,JA,0.6298
MOMOI       ,JA,1
MOMOSE      ,JA,1
MON         ,BM,0.5016
MONASTERIAL ,RP,0.9997
MONCE       ,RP,0.6434
MONDAL      ,SAS,0.9712
MONDALA     ,RP,0.9997
MONDARES    ,RP,0.9991
MONDEJAR    ,RP,0.6045
MONDEN      ,JA,0.8725
MONDERO     ,RP,0.9961
MONDIA      ,RP,0.9966
MONDIDO     ,RP,0.999
MONDINA     ,RP,1
MONDOK      ,RP,0.7317
MONDOL      ,SAS,0.7179
MONDONEDO   ,RP,0.7058
MONEDA      ,RP,0.7609
MONES       ,RP,0.7475
MONGA       ,SAS,0.9049
MONGAR      ,BT,0.705
MONGER      ,BT,0.5315
MONGIA      ,SAS,0.9155
MONH        ,CB,0.8772
MONIAGA     ,BIA,0.7347
MONILLAS    ,RP,0.9989
MONINGKA    ,BIA,0.9189
MONIR       ,SAS,0.7184
MONIRUZZAMAN,SAS,1
MONIS       ,RP,0.6189
MONJI       ,JA,0.8737
MONMA       ,JA,0.9913
MONSALE     ,RP,1
MONSALUD    ,RP,0.9176
MONSOD      ,RP,1
MONSUR      ,SAS,1
MONTA       ,RP,0.8645
MONTALBO    ,RP,0.7209
MONTALES    ,RP,1
MONTANCES   ,RP,1
MONTAYRE    ,RP,0.9526
MONTEBON    ,RP,1
MONTECILLO  ,RP,0.8207
MONTECLARO  ,RP,1
MONTEFALCON ,RP,0.9999
MONTEHERMOSO,RP,0.8679
MONTELIBANO ,RP,1
MONTERA     ,RP,0.5634
MONTEREY    ,RP,0.8868
MONTEROLA   ,RP,0.7798
MONTEROSO   ,RP,0.6451
MONTESA     ,RP,0.9568
MONTESCLAROS,RP,1
MONTEVIRGEN ,RP,1
MONTIERO    ,RP,0.6283
MONTILLANO  ,RP,1
MONTINOLA   ,RP,1
MONTOJO     ,RP,0.9655
MONTON      ,RP,0.9162
MONTORIO    ,RP,0.5754
MONTUYA     ,RP,1
MOOC        ,VM,0.9386
MOOI        ,MY,0.8452
MOOKERJEE   ,SAS,0.9271
MOOLA       ,SAS,0.875
MOON        ,XK,0.7864
MOONDRA     ,SAS,1
MOORJANI    ,SAS,0.8361
MOORTHY     ,SAS,0.9547
MOOSA       ,SAS,0.5535
MOOSANI     ,SAS,1
MOOSVI      ,SAS,0.8965
MOPAS       ,RP,0.9997
MOPERA      ,RP,1
MORABE      ,RP,0.9999
MORADA      ,RP,0.9739
MORAL       ,RP,0.5555
MORALA      ,RP,1
MORALDE     ,RP,1
MORALEDA    ,RP,0.807
MORALEJA    ,RP,0.9997
MORANI      ,SAS,0.8656
MORATA      ,RP,0.6337
MORATIN     ,RP,0.5674
MORCO       ,RP,1
MORDENO     ,RP,1
MORENTE     ,RP,0.7599
MORES       ,RP,0.5754
MORETO      ,RP,0.6889
MORGIA      ,RP,0.7625
MORI        ,JA,0.8135
MORIBE      ,JA,0.8148
MORIE       ,JA,0.5621
MORIGUCHI   ,JA,0.9991
MORIHARA    ,JA,0.975
MORII       ,JA,1
MORIKAMI    ,JA,0.9896
MORIKAWA    ,JA,0.9486
MORIKI      ,JA,0.9992
MORIMITSU   ,JA,0.7105
MORIMOTO    ,JA,0.9467
MORIMURA    ,JA,0.9595
MORINAGA    ,JA,0.973
MORINAKA    ,JA,0.8506
MORINO      ,JA,0.7295
MORIO       ,JA,0.5058
MORIOKA     ,JA,0.9707
MORISAKI    ,JA,0.9491
MORISATO    ,JA,0.9255
MORISAWA    ,JA,1
MORISE      ,JA,0.9317
MORISHIGE   ,JA,0.9387
MORISHIMA   ,JA,1
MORISHITA   ,JA,0.9938
MORITA      ,JA,0.946
MORITANI    ,JA,0.9333
MORITO      ,JA,0.9333
MORIUCHI    ,JA,0.9999
MORIWAKE    ,JA,0.9855
MORIWAKI    ,JA,0.9609
MORIYA      ,JA,0.9546
MORIYAMA    ,JA,0.9591
MORIYASU    ,JA,1
MORIZONO    ,JA,0.9988
MORKER      ,SAS,0.9211
MORM        ,CB,0.9998
MORN        ,CB,0.8356
MOROHASHI   ,JA,1
MOROHOSHI   ,JA,1
MOROI       ,JA,0.9302
MOROOKA     ,JA,1
MOROZUMI    ,JA,1
MORRE       ,RP,0.8479
MORSHED     ,SAS,0.5645
MORTA       ,RP,0.9993
MORTE       ,RP,0.7397
MORTEL      ,RP,0.7735
MORTERA     ,RP,0.6582
MORTIZ      ,RP,0.9661
MOSHREF     ,AF,0.7083
MOSO        ,RP,0.9161
MOSQUITO    ,RP,0.7405
MOSTAJO     ,RP,0.6436
MOSTOFA     ,SAS,1
MOSTOLES    ,RP,1
MOSUELA     ,RP,1
MOTALEB     ,SAS,0.8936
MOTANI      ,SAS,0.7143
MOTAS       ,RP,0.7641
MOTEGI      ,JA,1
MOTH        ,CB,0.5123
MOTHA       ,CE,0.5933
MOTHE       ,SAS,0.5758
MOTHUKURI   ,SAS,1
MOTIANI     ,SAS,0.9167
MOTIN       ,SAS,0.6108
MOTIWALA    ,SAS,1
MOTIWALLA   ,SAS,1
MOTODA      ,JA,0.9999
MOTOHASHI   ,JA,1
MOTOI       ,JA,0.8043
MOTOKI      ,JA,0.9737
MOTOMURA    ,JA,1
MOTONAGA    ,JA,0.9219
MOTOOKA     ,JA,0.9901
MOTOS       ,RP,0.8866
MOTOYAMA    ,JA,0.9486
MOTOYOSHI   ,JA,0.9999
MOTURI      ,SAS,0.6692
MOTURU      ,SAS,1
MOTUS       ,RP,0.9069
MOTWANI     ,SAS,0.9462
MOU         ,GCA,0.8754
MOUA        ,LA,0.7255
MOUANOUTOUA ,LA,0.8368
MOUDGIL     ,SAS,1
MOUGHAL     ,SAS,0.9462
MOULIC      ,RP,1
MOUN        ,CB,0.8071
MOUNG       ,CB,0.7271
MOUNIVONG   ,LA,0.9639
MOUNTRY     ,LA,0.9164
MOVVA       ,SAS,1
MOWLA       ,SAS,0.7849
MOY         ,GCA,0.8491
MOZAFFAR    ,SAS,0.6491
MOZUMDER    ,SAS,0.9583
MRIDHA      ,SAS,0.9639
MU          ,GCA,0.6234
MUA         ,LA,0.5593
MUAN        ,BM,0.6329
MUANA       ,RP,0.6341
MUANG       ,BM,0.8208
MUBARIK     ,SAS,1
MUBASHAR    ,SAS,1
MUBASHIR    ,SAS,1
MUBEEN      ,SAS,0.9687
MUCHHALA    ,SAS,1
MUCHTAR     ,BIA,0.7872
MUDA        ,MY,0.6944
MUDALIAR    ,SAS,0.5638
MUDASSAR    ,SAS,1
MUDDANA     ,SAS,1
MUDDASANI   ,SAS,1
MUDGAL      ,SAS,1
MUDHAR      ,SAS,0.8254
MUDIGONDA   ,SAS,1
MUDIREDDY   ,SAS,1
MUDUMBA     ,SAS,1
MUDUNURI    ,SAS,1
MUE         ,BM,0.8235
MUFTI       ,SAS,0.8045
MUGAR       ,RP,0.9014
MUGHAL      ,SAS,0.8901
MUHAMAD     ,MY,0.557
MUHAMMADALI ,SAS,0.625
MUHAMMADI   ,AF,0.6
MUHAR       ,SAS,0.972
MUHN        ,XK,0.8087
MUI         ,GCA,0.9279
MUJADDIDI   ,AF,0.5814
MUJAHID     ,SAS,0.873
MUJEEB      ,SAS,1
MUJIB       ,SAS,0.9111
MUJTABA     ,SAS,0.9143
MUJUMDAR    ,SAS,1
MUKADAM     ,SAS,0.8319
MUKAI       ,JA,0.8914
MUKAIDA     ,JA,0.9994
MUKARRAM    ,SAS,0.9995
MUKATI      ,SAS,1
MUKERJEE    ,SAS,0.9262
MUKERJI     ,SAS,0.9783
MUKHERJEE   ,SAS,0.9729
MUKHERJI    ,SAS,1
MUKHI       ,SAS,0.9145
MUKHOPADHYAY,SAS,0.9803
MUKHTAR     ,SAS,0.5284
MUKKA       ,SAS,0.9997
MUKKAMALA   ,SAS,1
MUKKAMALLA  ,SAS,1
MUKKAVILLI  ,SAS,1
MUKKU       ,SAS,1
MUKOYAMA    ,JA,0.9474
MUKTADIR    ,SAS,1
MUKUL       ,SAS,0.7383
MUKUND      ,SAS,0.9999
MUKUNDAN    ,SAS,1
MULA        ,SAS,0.5014
MULANI      ,SAS,0.9302
MULAY       ,SAS,0.9872
MULCHANDANI ,SAS,0.9338
MULDONG     ,RP,1
MULEY       ,SAS,0.9996
MULIA       ,BIA,0.8319
MULIADI     ,BIA,0.9057
MULIAWAN    ,BIA,0.8824
MULIK       ,SAS,0.6708
MULJADI     ,BIA,0.9175
MULJI       ,SAS,0.6333
MULJONO     ,BIA,0.8209
MULLA       ,SAS,0.5513
MULLAH      ,SAS,0.5854
MULLANGI    ,SAS,1
MULLAPUDI   ,SAS,1
MULLICK     ,SAS,0.9176
MULPURI     ,SAS,1
MULTANI     ,SAS,0.9675
MULUKUTLA   ,SAS,1
MULYADI     ,BIA,0.9487
MULYANA     ,BIA,0.8537
MULYE       ,SAS,0.9992
MULYONO     ,BIA,0.902
MUMMADI     ,SAS,1
MUMMANENI   ,SAS,1
MUMTAZ      ,SAS,0.9408
MUN         ,XK,0.9085
MUNAF       ,SAS,0.7273
MUNAGALA    ,SAS,1
MUNAKATA    ,JA,1
MUNAR       ,RP,0.8204
MUNASINGHE  ,CE,0.88
MUNAWAR     ,SAS,0.9568
MUNDA       ,RP,0.5784
MUNDACKAL   ,SAS,1
MUNDADA     ,SAS,1
MUNDHRA     ,SAS,1
MUNDI       ,SAS,0.8061
MUNDIN      ,RP,0.9676
MUNDKUR     ,SAS,1
MUNDRA      ,SAS,1
MUNEER      ,SAS,0.8667
MUNEKATA    ,JA,0.9979
MUNEZ       ,RP,0.5035
MUNG        ,BM,0.8244
MUNGARA     ,SAS,0.9464
MUNGCAL     ,RP,1
MUNGRA      ,SAS,0.7741
MUNI        ,SAS,0.7203
MUNIM       ,SAS,1
MUNIR       ,SAS,0.9053
MUNISWAMY   ,SAS,1
MUNIYAPPA   ,SAS,1
MUNJAL      ,SAS,0.984
MUNJI       ,RP,0.5151
MUNKHBAT    ,MG,1
MUNNA       ,SAS,0.5889
MUNNANGI    ,SAS,1
MUNNI       ,SAS,1
MUNOT       ,SAS,1
MUNSAYAC    ,RP,1
MUNSHAW     ,SAS,0.5489
MUNSHI      ,SAS,0.9283
MUNTHE      ,BIA,0.6549
MUNUKUTLA   ,SAS,1
MUNUSAMY    ,SAS,0.7647
MUNUSWAMY   ,SAS,1
MUON        ,CB,0.7599
MUONG       ,CB,0.88
MUPAS       ,RP,0.9286
MUPPALA     ,SAS,1
MUPPALLA    ,SAS,1
MUPPARAJU   ,SAS,1
MUPPAVARAPU ,SAS,1
MUPPIDI     ,SAS,1
MUQTADIR    ,SAS,0.9981
MURADI      ,AF,0.6604
MURAI       ,JA,0.9265
MURAKAMI    ,JA,0.9412
MURAKAWA    ,JA,0.9743
MURAKI      ,JA,0.9792
MURAKOSHI   ,JA,1
MURALEEDHARA,SAS,0.9667
MURALI      ,SAS,0.9947
MURALIDHAR  ,SAS,1
MURALIDHARA ,SAS,1
MURALIDHARAN,SAS,1
MURALIKRISHN,SAS,1
MURAMATSU   ,JA,0.9883
MURAMOTO    ,JA,0.8913
MURANAKA    ,JA,0.858
MURANO      ,JA,0.5663
MURAO       ,JA,0.6684
MURAOKA     ,JA,0.9307
MURARI      ,SAS,0.8876
MURARKA     ,SAS,1
MURASAKI    ,JA,0.9983
MURASAWA    ,JA,1
MURASE      ,JA,0.9847
MURASHIGE   ,JA,0.8661
MURASHIMA   ,JA,0.9998
MURATA      ,JA,0.9489
MURAYAMA    ,JA,0.9509
MURGAI      ,SAS,1
MURJANI     ,SAS,0.9027
MUROI       ,JA,1
MUROTA      ,JA,0.9091
MUROYA      ,JA,0.9444
MURTAZA     ,SAS,0.9359
MURTHI      ,SAS,0.7945
MURTHY      ,SAS,0.9694
MURTUZA     ,SAS,0.9375
MURTY       ,SAS,0.77
MURUGAN     ,SAS,0.9558
MURUGANANDAM,SAS,1
MURUGAPPAN  ,SAS,0.9634
MURUGESAN   ,SAS,0.9758
MUSALE      ,SAS,1
MUSANI      ,SAS,0.732
MUSASHI     ,JA,0.997
MUSHA       ,JA,0.7673
MUSHTAQ     ,SAS,0.9724
MUSKU       ,SAS,1
MUSNGI      ,RP,0.9839
MUSNI       ,RP,1
MUSTAFFA    ,MY,0.8625
MUSTI       ,SAS,0.9973
MUSUNURI    ,SAS,1
MUSUNURU    ,SAS,1
MUTA        ,JA,0.8146
MUTHA       ,SAS,1
MUTHIAH     ,SAS,0.8807
MUTHU       ,SAS,0.9385
MUTHUKRISHNA,SAS,0.9821
MUTHUKUMAR  ,SAS,0.9999
MUTHUKUMARAN,SAS,0.8806
MUTHUKUMARAS,SAS,0.9577
MUTHURAMALIN,SAS,1
MUTHURAMAN  ,SAS,1
MUTHUSAMY   ,SAS,0.9005
MUTHUSWAMY  ,SAS,1
MUTHYALA    ,SAS,1
MUTIA       ,RP,0.875
MUTO        ,JA,0.8733
MUTREJA     ,SAS,1
MUTTI       ,SAS,0.5365
MUTUC       ,RP,1
MUTYALA     ,SAS,1
MUVVA       ,SAS,1
MUVVALA     ,SAS,1
MUY         ,CB,0.5473
MUYANO      ,RP,1
MUYCO       ,RP,1
MUYOT       ,RP,1
MUZAFFAR    ,SAS,0.9247
MUZAMMIL    ,SAS,0.8409
MUZUMDAR    ,SAS,1
MY          ,CB,0.5902
MYA         ,BM,0.8703
MYAING      ,BM,0.95
MYAT        ,BM,0.8047
MYINT       ,BM,0.8619
MYLAVARAPU  ,SAS,1
MYNENI      ,SAS,1
MYO         ,BM,0.7875
MYONG       ,XK,1
MYOUNG      ,XK,1
MYSORE      ,SAS,1
MYUNG       ,XK,0.9872
NA          ,XK,0.7659
NAANOS      ,RP,0.9997
NAAZ        ,SAS,0.8936
NABAR       ,SAS,0.9999
NABAS       ,RP,0.5411
NABEEL      ,SAS,0.7424
NABESHIMA   ,JA,1
NABETA      ,JA,0.7253
NABI        ,SAS,0.6033
NABIZADA    ,AF,0.9684
NABLE       ,RP,0.9429
NABOA       ,RP,0.9224
NABONG      ,RP,1
NABOR       ,RP,0.6584
NABUA       ,RP,1
NACAPUY     ,RP,0.9994
NACAR       ,RP,0.7755
NACARIO     ,RP,0.9997
NACES       ,RP,1
NACHAMPASAK ,LA,0.9994
NACHAMPASSAK,LA,0.9998
NACHIAPPAN  ,SAS,0.9625
NACHIMUTHU  ,SAS,1
NACHNANI    ,SAS,0.9999
NACHOR      ,RP,0.9534
NACINO      ,RP,0.9998
NACION      ,RP,1
NACIONAL    ,RP,1
NACIONALES  ,RP,0.9999
NACIS       ,RP,0.674
NACNAC      ,RP,0.9995
NACORDA     ,RP,0.9999
NACPIL      ,RP,1
NACU        ,RP,0.6634
NACUA       ,RP,0.9994
NADAF       ,SAS,0.8558
NADAR       ,SAS,0.7752
NADARAJAH   ,CE,0.6524
NADARAJAN   ,SAS,0.7121
NADEEM      ,SAS,0.9272
NADELA      ,RP,1
NADELLA     ,SAS,1
NADENDLA    ,SAS,1
NADGAUDA    ,SAS,1
NADGIR      ,SAS,1
NADI        ,AF,0.5
NADIG       ,SAS,0.8404
NADIGER     ,SAS,0.995
NADIMPALLI  ,SAS,1
NADKARNI    ,SAS,0.9924
NADRES      ,RP,1
NAEEM       ,SAS,0.8712
NAEEMI      ,AF,0.5128
NAFARRETE   ,RP,0.9377
NAFEES      ,SAS,0.9143
NAFEY       ,AF,0.9159
NAFIS       ,SAS,0.7259
NAG         ,SAS,0.9775
NAGABHUSHAN ,SAS,1
NAGABHUSHANA,SAS,1
NAGAE       ,JA,1
NAGAFUCHI   ,JA,0.9991
NAGAHAMA    ,JA,0.9398
NAGAHARA    ,JA,1
NAGAHASHI   ,JA,1
NAGAHIRO    ,JA,0.7602
NAGAHISA    ,JA,0.9997
NAGAI       ,JA,0.9645
NAGAISHI    ,JA,0.9436
NAGAKI      ,JA,0.9957
NAGAKURA    ,JA,1
NAGAL       ,RP,0.8596
NAGALINGAM  ,SAS,0.7941
NAGALLA     ,SAS,1
NAGAMATSU   ,JA,0.9332
NAGAMI      ,JA,0.999
NAGAMINE    ,JA,0.8638
NAGAMORI    ,JA,1
NAGAMOTO    ,JA,0.9977
NAGANATHAN  ,SAS,0.9118
NAGANAWA    ,JA,0.9348
NAGANO      ,JA,0.9032
NAGANUMA    ,JA,0.9625
NAGAO       ,JA,0.9397
NAGAOKA     ,JA,0.992
NAGAPPAN    ,SAS,0.9189
NAGAR       ,SAS,0.5246
NAGARA      ,JA,0.5161
NAGARAJ     ,SAS,0.9865
NAGARAJA    ,SAS,0.9839
NAGARAJAN   ,SAS,0.9861
NAGARAJU    ,SAS,1
NAGARIA     ,SAS,0.8372
NAGARKAR    ,SAS,1
NAGASAKA    ,JA,0.986
NAGASAKI    ,JA,1
NAGASAKO    ,JA,0.8751
NAGASAWA    ,JA,0.976
NAGASE      ,JA,0.9621
NAGASHIMA   ,JA,0.9816
NAGATA      ,JA,0.911
NAGATANI    ,JA,0.9982
NAGATO      ,JA,0.9998
NAGATOMO    ,JA,0.9672
NAGATOSHI   ,JA,0.8506
NAGATSUKA   ,JA,1
NAGAYA      ,JA,0.9779
NAGAYAMA    ,JA,0.9655
NAGAYASU    ,JA,1
NAGAYOSHI   ,JA,1
NAGDA       ,SAS,0.8661
NAGDEV      ,SAS,1
NAGELLA     ,SAS,0.9997
NAGENDRA    ,SAS,0.9432
NAGENDRAN   ,SAS,0.7083
NAGESH      ,SAS,1
NAGESWARAN  ,SAS,0.9333
NAGINENI    ,SAS,1
NAGIREDDY   ,SAS,1
NAGISETTY   ,SAS,1
NAGO        ,JA,0.8549
NAGORI      ,SAS,1
NAGOSHI     ,JA,0.994
NAGPAL      ,SAS,0.9598
NAGPAUL     ,SAS,1
NAGRA       ,SAS,0.9077
NAGRAMPA    ,RP,1
NAGRANI     ,SAS,0.8116
NAGRATH     ,SAS,1
NAGTALON    ,RP,0.9999
NAGUIAT     ,RP,1
NAGUIT      ,RP,1
NAGULA      ,SAS,1
NAGUMO      ,JA,1
NAGURA      ,JA,1
NAHA        ,SAS,0.8847
NAHAL       ,SAS,0.8351
NAHAR       ,SAS,0.9619
NAHATA      ,SAS,1
NAHEED      ,SAS,1
NAHER       ,SAS,0.9794
NAHID       ,SAS,0.6154
NAHM        ,XK,0.9128
NAIDAS      ,RP,0.9994
NAIDU       ,SAS,0.5
NAIK        ,SAS,0.8674
NAIN        ,SAS,0.768
NAINANI     ,SAS,0.8983
NAING       ,BM,0.8183
NAINGGOLAN  ,BIA,0.9109
NAINI       ,SAS,0.5308
NAIR        ,SAS,0.8859
NAITHANI    ,SAS,1
NAITO       ,JA,0.964
NAJAM       ,SAS,0.9462
NAJIBI      ,AF,0.5238
NAJMI       ,SAS,0.6373
NAJMUDDIN   ,SAS,1
NAK         ,CB,0.7391
NAKA        ,JA,0.8803
NAKABAYASHI ,JA,0.9461
NAKACHI     ,JA,0.8301
NAKADA      ,JA,0.9482
NAKADE      ,JA,0.8367
NAKAE       ,JA,0.9725
NAKAGAKI    ,JA,0.9991
NAKAGAMA    ,JA,0.9919
NAKAGAMI    ,JA,0.9655
NAKAGAWA    ,JA,0.9331
NAKAGAWARA  ,JA,0.9969
NAKAGIRI    ,JA,0.8836
NAKAGOME    ,JA,1
NAKAGOMI    ,JA,0.8723
NAKAGUCHI   ,JA,0.9969
NAKAHAMA    ,JA,1
NAKAHARA    ,JA,0.9257
NAKAHASHI   ,JA,0.9999
NAKAHATA    ,JA,1
NAKAHIRA    ,JA,0.9997
NAKAI       ,JA,0.9102
NAKAISHI    ,JA,0.8133
NAKAJI      ,JA,0.9248
NAKAJIMA    ,JA,0.9829
NAKAJO      ,JA,1
NAKAKI      ,JA,0.9818
NAKAKURA    ,JA,0.8783
NAKAMA      ,JA,0.7495
NAKAMARU    ,JA,0.9999
NAKAMATSU   ,JA,0.8225
NAKAMICHI   ,JA,0.9999
NAKAMINE    ,JA,0.7926
NAKAMITSU   ,JA,0.942
NAKAMORI    ,JA,1
NAKAMOTO    ,JA,0.8396
NAKAMURA    ,JA,0.9182
NAKANE      ,JA,0.981
NAKANISHI   ,JA,0.9538
NAKANO      ,JA,0.9446
NAKAO       ,JA,0.9454
NAKAOKA     ,JA,0.9952
NAKARMI     ,NP,1
NAKASAKI    ,JA,0.9975
NAKASATO    ,JA,0.7712
NAKASE      ,JA,1
NAKASHIMA   ,JA,0.9088
NAKASONE    ,JA,0.653
NAKASU      ,JA,0.9846
NAKASUJI    ,JA,0.9979
NAKATA      ,JA,0.9033
NAKATANI    ,JA,0.9922
NAKATO      ,JA,0.5185
NAKATSU     ,JA,0.7886
NAKATSUJI   ,JA,1
NAKATSUKA   ,JA,0.9999
NAKATSUKASA ,JA,0.9998
NAKAUCHI    ,JA,1
NAKAWATASE  ,JA,0.7585
NAKAYA      ,JA,0.9457
NAKAYAMA    ,JA,0.9272
NAKAZAKI    ,JA,1
NAKAZATO    ,JA,0.9707
NAKAZAWA    ,JA,0.9872
NAKAZONO    ,JA,0.8556
NAKKA       ,SAS,1
NAKPIL      ,RP,1
NAKRA       ,SAS,0.9285
NAKRANI     ,SAS,0.9551
NAKUM       ,SAS,0.6977
NALAM       ,SAS,0.7528
NALAN       ,AF,0.7285
NALDO       ,RP,0.9994
NALDOZA     ,RP,0.9995
NALLA       ,SAS,0.9862
NALLAMILLI  ,SAS,0.9362
NALLAMOTHU  ,SAS,1
NALLAN      ,SAS,0.8344
NALLANI     ,SAS,1
NALLAPANENI ,SAS,1
NALLAPAREDDY,SAS,1
NALLAPATI   ,SAS,1
NALLATHAMBI ,SAS,1
NALLI       ,SAS,0.7454
NALLU       ,SAS,1
NALLURI     ,SAS,0.986
NALOS       ,RP,0.8741
NALUZ       ,RP,1
NAM         ,XK,0.9224
NAMA        ,SAS,0.8128
NAMALA      ,SAS,0.9474
NAMASIVAYAM ,SAS,0.8611
NAMBA       ,JA,0.9504
NAMBI       ,SAS,0.6712
NAMBIAR     ,SAS,0.9163
NAMBOODIRI  ,SAS,1
NAMBU       ,JA,0.9467
NAMBURI     ,SAS,0.9542
NAMBURU     ,SAS,1
NAMGOONG    ,XK,1
NAMGUNG     ,XK,1
NAMIKAWA    ,JA,0.9324
NAMIKI      ,JA,1
NAMJOSHI    ,SAS,1
NAMKOONG    ,XK,0.9804
NAMKUNG     ,XK,0.9447
NAMNAMA     ,RP,1
NAMOC       ,RP,0.9999
NAMOCA      ,RP,0.9999
NAMURA      ,JA,1
NAMVONG     ,LA,0.8393
NAN         ,GCA,0.7682
NANAKORN    ,TH,1
NANAS       ,RP,0.631
NANAVATI    ,SAS,0.98
NANAVATY    ,SAS,1
NANAYAKKARA ,CE,0.9517
NANBU       ,JA,0.9493
NANDA       ,SAS,0.909
NANDAGOPAL  ,SAS,1
NANDAKUMAR  ,SAS,0.9506
NANDAL      ,SAS,0.9993
NANDAM      ,SAS,1
NANDAMURI   ,SAS,1
NANDAN      ,SAS,0.5036
NANDHA      ,SAS,0.8919
NANDI       ,SAS,0.9538
NANDIGAM    ,SAS,1
NANDIGAMA   ,SAS,1
NANDIMANDALA,SAS,1
NANDIPATI   ,SAS,1
NANDULA     ,SAS,1
NANDURI     ,SAS,1
NANDWANI    ,SAS,0.7206
NANDY       ,SAS,0.9712
NANDYALA    ,SAS,1
NANGIA      ,SAS,0.9406
NANJAPPA    ,SAS,1
NANJO       ,JA,0.9403
NANNAPANENI ,SAS,1
NANNO       ,JA,0.5829
NANQUIL     ,RP,1
NANTES      ,RP,0.7
NANTHAVONG  ,LA,0.8879
NANTHAVONGDO,LA,0.961
NANTHAVONGSA,LA,0.9218
NAO         ,CB,0.7192
NAOE        ,JA,0.5949
NAOI        ,JA,1
NAPALAN     ,RP,1
NAPENAS     ,RP,1
NAPITUPULU  ,BIA,0.8864
NAPIZA      ,RP,1
NAPULI      ,RP,1
NAQI        ,SAS,0.7723
NAQUI       ,SAS,0.9256
NAQVI       ,SAS,0.9513
NAR         ,BM,0.5174
NARA        ,JA,0.7569
NARAD       ,SAS,0.5832
NARAG       ,RP,0.9999
NARAHARA    ,JA,0.9984
NARAHARI    ,SAS,0.9773
NARAHARISETT,SAS,1
NARALA      ,SAS,1
NARANG      ,SAS,0.9728
NARANJA     ,RP,0.9999
NARANONG    ,TH,0.9455
NARAPARAJU  ,SAS,1
NARASAKI    ,JA,0.9068
NARASIMHA   ,SAS,1
NARASIMHAMUR,SAS,1
NARASIMHAN  ,SAS,0.9909
NARAVAL     ,RP,1
NARAYANA    ,SAS,1
NARAYANAM   ,SAS,1
NARAYANAN   ,SAS,0.9649
NARAYANASAMY,SAS,0.9244
NARAYANASWAM,SAS,1
NARCISE     ,RP,0.9389
NARCISO     ,RP,0.6998
NARE        ,SAS,0.5812
NAREDDY     ,SAS,1
NARENDRA    ,SAS,0.8831
NARENDRAN   ,SAS,0.7361
NARESH      ,SAS,0.7349
NARGIS      ,SAS,1
NARIANI     ,SAS,1
NARIDO      ,RP,0.9999
NARIKAWA    ,JA,0.999
NARIMATSU   ,JA,0.8452
NARIO       ,RP,0.7589
NARISETTY   ,SAS,1
NARITA      ,JA,0.9342
NARITO      ,RP,0.9959
NARITOMI    ,JA,0.8886
NARKAR      ,SAS,1
NARKHEDE    ,SAS,1
NARLA       ,SAS,1
NARNE       ,SAS,0.8571
NARON       ,RP,0.5091
NARRA       ,SAS,0.8399
NARSI       ,SAS,0.549
NARTATES    ,RP,0.9999
NARTATEZ    ,RP,0.9993
NARTE       ,RP,0.9759
NARTEA      ,RP,0.75
NARU        ,SAS,0.9995
NARULA      ,SAS,0.903
NARUMI      ,JA,1
NARUO       ,JA,0.6662
NARUSAWA    ,JA,1
NARUSE      ,JA,1
NARVARTE    ,RP,0.6574
NARVASA     ,RP,1
NARVEKAR    ,SAS,1
NARWAL      ,SAS,0.8406
NARWANI     ,SAS,0.8421
NASAR       ,SAS,0.8424
NASEEM      ,SAS,0.9184
NASEER      ,SAS,0.8922
NASERY      ,AF,0.7941
NASHIRO     ,JA,0.8992
NASIM       ,SAS,0.8058
NASIR       ,SAS,0.7118
NASIRUDDIN  ,SAS,1
NASIS       ,RP,0.6977
NASOL       ,RP,1
NASONGKHLA  ,TH,1
NASRAT      ,AF,0.68
NASREEN     ,SAS,1
NASRIN      ,SAS,0.9421
NASRULLAH   ,SAS,0.7571
NASSA       ,SAS,0.6994
NASSERY     ,AF,0.7857
NASSIRY     ,AF,0.7
NASTOR      ,RP,1
NASU        ,JA,1
NASUTION    ,BIA,0.8146
NAT         ,SAS,0.7944
NATALIA     ,BIA,0.697
NATALIO     ,RP,0.6325
NATANI      ,SAS,0.5791
NATARAJ     ,SAS,0.9745
NATARAJAN   ,SAS,0.9844
NATESAN     ,SAS,0.9842
NATH        ,SAS,0.7575
NATHA       ,SAS,0.8
NATHANI     ,SAS,0.855
NATHWANI    ,SAS,0.5102
NATIVIDAD   ,RP,0.7916
NATO        ,RP,0.9342
NATORI      ,JA,1
NATSUHARA   ,JA,0.9599
NATSUME     ,JA,0.9664
NATT        ,SAS,0.6903
NATU        ,SAS,0.9659
NAUNG       ,BM,0.9
NAUNGAYAN   ,RP,0.8591
NAUSHAD     ,SAS,0.6538
NAUTIYAL    ,SAS,1
NAVAJA      ,RP,0.9997
NAVAL       ,RP,0.8548
NAVALE      ,SAS,1
NAVALES     ,RP,0.9726
NAVALTA     ,RP,0.9906
NAVANI      ,SAS,1
NAVARATNAM  ,CE,0.7895
NAVARES     ,RP,0.6973
NAVARRA     ,RP,0.531
NAVASCA     ,RP,1
NAVATA      ,RP,1
NAVEED      ,SAS,0.9764
NAVEEN      ,SAS,0.9948
NAVERA      ,RP,1
NAVIWALA    ,SAS,1
NAVOA       ,RP,0.9999
NAVONG      ,LA,0.9062
NAVOR       ,RP,0.6418
NAW         ,BM,0.8394
NAWA        ,JA,0.8315
NAWAB       ,SAS,0.7897
NAWABI      ,AF,0.9553
NAWAL       ,SAS,0.7024
NAWATA      ,JA,1
NAWAZ       ,SAS,0.9467
NAWL        ,BM,1
NAWN        ,BM,0.7485
NAYAB       ,SAS,0.68
NAYAK       ,SAS,0.9806
NAYANI      ,SAS,0.976
NAYAR       ,SAS,0.8423
NAYEE       ,SAS,0.5977
NAYEEM      ,SAS,0.9597
NAYI        ,SAS,1
NAYUDU      ,SAS,0.9998
NAYYAR      ,SAS,0.9655
NAYYER      ,SAS,0.8667
NAZ         ,SAS,0.9259
NAZAL       ,RP,0.5603
NAZARALI    ,SAS,0.5303
NAZARENO    ,RP,0.9728
NAZARY      ,AF,0.6594
NAZEER      ,SAS,0.803
NAZIM       ,SAS,0.5676
NAZIR       ,SAS,0.8083
NAZLI       ,SAS,0.6292
NAZNEEN     ,SAS,1
NAZNIN      ,SAS,1
NAZRUL      ,SAS,1
NE          ,BM,0.7775
NEA         ,CB,0.6382
NEAK        ,CB,0.8629
NEANG       ,CB,0.663
NEBAB       ,RP,0.9998
NEBRE       ,RP,0.9986
NEBRES      ,RP,0.9677
NEBRIDA     ,RP,0.962
NEBRIJA     ,RP,0.9985
NECESITO    ,RP,1
NEDUNURI    ,SAS,1
NEELA       ,SAS,1
NEELAKANDAN ,SAS,1
NEELAKANTAN ,SAS,1
NEELAM      ,SAS,1
NEELI       ,SAS,1
NEEMA       ,SAS,0.6667
NEERUKONDA  ,SAS,1
NEGADO      ,RP,0.9999
NEGANDHI    ,SAS,1
NEGI        ,SAS,0.9212
NEGISHI     ,JA,0.991
NEGORO      ,JA,0.9344
NEGRANZA    ,RP,0.9954
NEGRILLO    ,RP,0.606
NEHA        ,SAS,0.98
NEHAL       ,SAS,0.9333
NEHIL       ,SAS,0.722
NEHRA       ,SAS,0.8424
NEHRU       ,SAS,0.807
NEISHI      ,JA,0.9436
NEKKALAPUDI ,SAS,1
NEKKANTI    ,SAS,1
NELLAS      ,RP,0.7536
NELLORE     ,SAS,1
NELLURI     ,SAS,1
NELLUTLA    ,SAS,1
NELMIDA     ,RP,0.9432
NELVIS      ,RP,0.9238
NELWAN      ,BIA,0.9333
NEM         ,CB,0.5681
NEMA        ,SAS,0.74
NEMADE      ,SAS,1
NEMANI      ,SAS,0.8715
NEMEDEZ     ,RP,0.9992
NEMOTO      ,JA,0.9886
NENE        ,SAS,0.6165
NEO         ,SN,0.6592
NEOGI       ,SAS,1
NEOH        ,MY,0.8222
NEOPANEY    ,BT,0.7605
NEOU        ,CB,0.8595
NEPACENA    ,RP,1
NEPALI      ,NP,0.8119
NEPOMUCENO  ,RP,0.8094
NER         ,RP,0.7254
NERA        ,RP,0.8608
NERELLA     ,SAS,1
NERGUI      ,MG,1
NERIDA      ,RP,0.9999
NERONA      ,RP,1
NERURKAR    ,SAS,1
NERVEZA     ,RP,0.9679
NERY        ,RP,0.5297
NESA        ,SAS,1
NESSA       ,SAS,0.9706
NET         ,CB,0.6192
NETHI       ,SAS,1
NETI        ,SAS,0.9412
NEUPANE     ,NP,0.7266
NEVADA      ,RP,0.8619
NEVADO      ,RP,0.6235
NEWAZ       ,SAS,1
NEWGEN      ,VM,0.5731
NEYPES      ,RP,0.8887
NEZAM       ,AF,0.6491
NEZU        ,JA,1
NG          ,GCA,0.7148
NGAE        ,BM,0.7
NGAH        ,MY,0.5111
NGAI        ,GCA,0.9129
NGAN        ,GCA,0.714
NGAYAN      ,RP,0.9999
NGCHAN      ,GCA,0.8226
NGE         ,BM,0.6641
NGEN        ,CB,0.5428
NGET        ,CB,0.9182
NGETH       ,CB,0.806
NGHE        ,VM,0.9043
NGHI        ,VM,1
NGHIEM      ,VM,0.9354
NGIM        ,CB,0.7826
NGIN        ,CB,0.8555
NGO         ,VM,0.8983
NGOC        ,VM,0.9467
NGOR        ,CB,0.6
NGOUN       ,CB,0.7815
NGOV        ,CB,0.8656
NGOY        ,CB,0.5674
NGU         ,VM,0.6671
NGUI        ,MY,0.5667
NGUON       ,CB,0.8468
NGUY        ,VM,0.8617
NGUYEN      ,VM,0.9514
NGUYENBUI   ,VM,1
NGUYENDANG  ,VM,1
NGUYENDO    ,VM,0.9988
NGUYENHO    ,VM,1
NGUYENHOANG ,VM,0.9993
NGUYENHUYNH ,VM,1
NGUYENKHOA  ,VM,0.9999
NGUYENLE    ,VM,0.9398
NGUYENPHAM  ,VM,1
NGUYENPHAN  ,VM,0.9993
NGUYENPHUOC ,VM,0.9069
NGUYENTHI   ,VM,0.9155
NGUYENTRAN  ,VM,0.9587
NGUYENTRUON ,VM,1
NGUYENVO    ,VM,0.9507
NGUYENVU    ,VM,0.9999
NGWE        ,BM,0.7126
NGY         ,CB,1
NHAM        ,VM,0.8773
NHAN        ,VM,0.9039
NHEAN       ,CB,0.8189
NHEK        ,CB,0.9016
NHEM        ,CB,0.8255
NHEP        ,CB,0.7768
NHIEU       ,VM,0.912
NHIM        ,CB,0.9038
NHIN        ,VM,0.9241
NHKUM       ,BM,0.898
NHO         ,XK,0.9727
NHOUNG      ,CB,0.851
NHU         ,VM,1
NI          ,GCA,0.9524
NIAN        ,GCA,0.9504
NIAZ        ,SAS,0.8093
NIAZI       ,SAS,0.5918
NIBUNGCO    ,RP,0.9999
NICANDRO    ,RP,1
NICART      ,RP,1
NICDAO      ,RP,1
NICHANI     ,SAS,0.9663
NIDADAVOLU  ,SAS,1
NIDOY       ,RP,1
NIE         ,GCA,0.7995
NIEBRES     ,RP,1
NIEDO       ,RP,0.871
NIEH        ,GCA,0.9869
NIEN        ,GCA,0.8876
NIERE       ,RP,0.9847
NIERRAS     ,RP,1
NIERVA      ,RP,0.9999
NIETES      ,RP,0.9994
NIEVA       ,RP,0.6299
NIEVERA     ,RP,1
NIGAM       ,SAS,0.9569
NIGAR       ,SAS,0.9455
NIGOS       ,RP,0.918
NIGUIDULA   ,RP,0.9998
NIHAL       ,SAS,0.7878
NIHALANI    ,SAS,1
NIHEI       ,JA,0.9967
NII         ,JA,0.9265
NIIDA       ,JA,1
NIIKURA     ,JA,1
NIIMI       ,JA,0.9622
NIIMURA     ,JA,1
NIINO       ,JA,0.999
NIIRO       ,JA,0.9996
NIITSUMA    ,JA,0.9972
NIIYA       ,JA,0.9699
NIIYAMA     ,JA,1
NIJHAWAN    ,SAS,0.9454
NIJJAR      ,SAS,0.912
NIJJER      ,SAS,0.9156
NIKAIDO     ,JA,0.9255
NIKAM       ,SAS,1
NIKI        ,JA,0.972
NIL         ,CB,0.6774
NILAKANTAN  ,SAS,1
NILLO       ,RP,0.9047
NILO        ,RP,0.6046
NIM         ,VM,0.6687
NIMBALKAR   ,SAS,1
NIMIS       ,RP,0.6404
NIMKAR      ,SAS,1
NIMMA       ,SAS,1
NIMMAGADDA  ,SAS,1
NIMMALA     ,SAS,1
NIMURA      ,JA,0.9518
NINAN       ,SAS,0.958
NING        ,GCA,0.9329
NINH        ,VM,0.9351
NINOMIYA    ,JA,0.979
NIO         ,BIA,0.6111
NIP         ,GCA,0.8233
NIPAL       ,RP,0.7647
NIRAULA     ,NP,0.7722
NIRAVONG    ,LA,0.997
NIRMAL      ,SAS,0.9237
NIROULA     ,BT,0.5691
NISA        ,SAS,0.9318
NISAR       ,SAS,0.8861
NISCHAL     ,SAS,0.9375
NISHAT      ,SAS,1
NISHI       ,JA,0.907
NISHIBAYASHI,JA,0.9999
NISHIDA     ,JA,0.9577
NISHIDE     ,JA,1
NISHIE      ,JA,0.9999
NISHIGAKI   ,JA,1
NISHIGAYA   ,JA,0.978
NISHIGUCHI  ,JA,0.9499
NISHIHAMA   ,JA,0.9848
NISHIHARA   ,JA,0.9873
NISHIHATA   ,JA,1
NISHIHIRA   ,JA,0.8087
NISHII      ,JA,0.9593
NISHIJIMA   ,JA,0.9454
NISHIJO     ,JA,0.9907
NISHIKATA   ,JA,1
NISHIKAWA   ,JA,0.9449
NISHIKI     ,JA,0.9865
NISHIME     ,JA,0.9855
NISHIMIYA   ,JA,0.9993
NISHIMORI   ,JA,0.9721
NISHIMOTO   ,JA,0.8608
NISHIMURA   ,JA,0.9332
NISHIMUTA   ,JA,0.9832
NISHINA     ,JA,1
NISHINAKA   ,JA,0.9985
NISHINO     ,JA,0.9866
NISHIO      ,JA,0.9666
NISHIOKA    ,JA,0.9589
NISHITA     ,JA,0.8175
NISHITANI   ,JA,0.9756
NISHIUCHI   ,JA,0.9231
NISHIURA    ,JA,1
NISHIWAKI   ,JA,0.948
NISHIYAMA   ,JA,0.9708
NISHIZAKI   ,JA,0.9999
NISHIZAWA   ,JA,0.9799
NISPEROS    ,RP,0.9245
NISTALA     ,SAS,1
NITAO       ,JA,0.9907
NITE        ,RP,0.6018
NITH        ,CB,0.8249
NITO        ,RP,0.5
NITTA       ,JA,0.9182
NITTALA     ,SAS,1
NITTO       ,JA,0.5755
NITURA      ,RP,1
NIU         ,GCA,0.9465
NIVERA      ,RP,1
NIWA        ,JA,0.9357
NIYOGI      ,SAS,1
NIZAM       ,SAS,0.5627
NIZAMANI    ,SAS,1
NIZAMI      ,SAS,0.9333
NIZAMUDDIN  ,SAS,1
NIZAR       ,SAS,0.6038
NJOO        ,BIA,0.8923
NLN         ,SAS,0.5494
NO          ,XK,0.8843
NOBE        ,JA,0.8801
NOBI        ,SAS,0.8772
NOBIDA      ,RP,0.8507
NOBLEJAS    ,RP,1
NOBLEZA     ,RP,0.977
NOBORI      ,JA,0.9845
NOBUHARA    ,JA,1
NOBUTA      ,JA,1
NOCEDA      ,RP,0.5833
NOCELO      ,RP,0.6893
NOCHE       ,RP,0.9619
NOCOM       ,RP,1
NOCON       ,RP,0.8681
NOCOS       ,RP,1
NOCUM       ,RP,1
NODA        ,JA,0.69
NODORA      ,RP,0.9997
NOER        ,BIA,0.5221
NOEUN       ,CB,0.8741
NOFUENTE    ,RP,1
NOGAMI      ,JA,0.9346
NOGAR       ,RP,0.7718
NOGAWA      ,JA,1
NOGI        ,JA,1
NOGOY       ,RP,1
NOGRA       ,RP,1
NOGUCHI     ,JA,0.9599
NOH         ,XK,0.9465
NOHARA      ,JA,0.9989
NOJADERA    ,RP,1
NOJI        ,JA,0.9985
NOJIMA      ,JA,0.9553
NOJIRI      ,JA,1
NOKEO       ,LA,0.909
NOKHAM      ,LA,0.9273
NOM         ,CB,0.7104
NOMA        ,JA,0.8967
NOMAIR      ,AF,0.7083
NOMANI      ,SAS,0.8268
NOMI        ,JA,0.9428
NOMIYAMA    ,JA,0.9999
NOMOTO      ,JA,0.9881
NOMULA      ,SAS,1
NOMURA      ,JA,0.9433
NON         ,RP,0.5746
NONAKA      ,JA,0.991
NONAN       ,RP,0.9997
NONATO      ,RP,0.6704
NONES       ,RP,0.8216
NONG        ,VM,0.5483
NONO        ,RP,0.6869
NONOG       ,RP,0.934
NONOMURA    ,JA,1
NONOYAMA    ,JA,1
NOOKALA     ,SAS,1
NOOL        ,RP,0.9709
NOORALI     ,SAS,0.878
NOORANI     ,SAS,0.8258
NOORDIN     ,MY,0.6071
NOORI       ,AF,0.5645
NOORISTANI  ,AF,0.9474
NOORUDDIN   ,SAS,0.8889
NOORY       ,AF,0.7792
NOORZAD     ,AF,0.8861
NOORZAI     ,AF,1
NOORZAY     ,AF,0.9997
NOP         ,CB,0.8233
NORASING    ,LA,0.7209
NORAVONG    ,LA,0.8947
NORBERTE    ,RP,0.9979
NORCIO      ,RP,0.9832
NORDON      ,GCA,0.6002
NOREEN      ,SAS,0.7915
NORI        ,SAS,0.6216
NORIEL      ,RP,0.9993
NORIKANE    ,JA,0.9998
NORITAKE    ,JA,0.9977
NORM        ,CB,0.7036
NORMANDIA   ,RP,0.7445
NORN        ,CB,0.8605
NORNG       ,CB,0.8651
NORO        ,JA,0.9167
NORONHA     ,SAS,0.5957
NOSAKA      ,JA,0.9996
NOSE        ,JA,0.9373
NOTARTE     ,RP,1
NOTTA       ,SAS,0.923
NOU         ,CB,0.8616
NOUCHI      ,JA,0.5395
NOUMAN      ,SAS,0.5457
NOUN        ,CB,0.7903
NOUV        ,CB,0.8846
NOV         ,CB,0.8267
NOVAL       ,RP,0.5949
NOVALES     ,RP,0.6399
NOVENARIO   ,RP,0.9999
NOVENCIDO   ,RP,0.9975
NOVERO      ,RP,0.8501
NOVICIO     ,RP,1
NOVILLA     ,RP,0.9994
NOVIO       ,RP,0.8569
NOZA        ,RP,0.8696
NOZAKI      ,JA,0.9812
NOZAWA      ,JA,0.933
NOZOE       ,JA,1
NOZU        ,JA,1
NU          ,BM,0.8023
NUAM        ,BM,0.8992
NUBLA       ,RP,1
NUCUM       ,RP,0.986
NUCUP       ,RP,1
NUE         ,BM,0.5161
NUESCA      ,RP,0.9578
NUESTRO     ,RP,1
NUEVA       ,RP,0.8349
NUEZCA      ,RP,0.9999
NUFABLE     ,RP,0.9149
NUGARA      ,CE,0.8045
NUGRAHA     ,BIA,0.9265
NUGROHO     ,BIA,0.8873
NUGUID      ,RP,1
NUGYEN      ,VM,0.9211
NUHA        ,SAS,0.9412
NUIQUE      ,RP,1
NUKALA      ,SAS,1
NUKUI       ,JA,1
NULUD       ,RP,1
NUMATA      ,JA,0.9892
NUMOTO      ,JA,0.986
NUNAG       ,RP,0.9841
NUNE        ,SAS,0.5421
NUNG        ,BM,0.6016
NUNNA       ,SAS,0.9797
NUNOKAWA    ,JA,0.9993
NUON        ,CB,0.846
NUQUE       ,RP,1
NUQUI       ,RP,1
NURANI      ,SAS,0.5778
NURDIN      ,BIA,0.7919
NURISTANI   ,AF,0.7708
NURUDDIN    ,SAS,0.729
NURUZZAMAN  ,SAS,0.9403
NUSRAT      ,SAS,0.9623
NUSRATY     ,AF,0.9985
NUTAKKI     ,SAS,1
NUTH        ,CB,0.8577
NUTHAKKI    ,SAS,1
NUTHALAPATI ,SAS,1
NUTI        ,SAS,0.5114
NUVAL       ,RP,1
NUYDA       ,RP,0.9999
NUYEN       ,VM,0.7596
NWE         ,BM,0.867
NY          ,CB,0.7781
NYAW        ,BM,0.6327
NYEIN       ,BM,0.878
NYI         ,BM,0.8824
NYIMA       ,GCA,0.5521
NYO         ,BM,0.8413
NYUNT       ,BM,0.8907
O           ,XK,0.737
OAD         ,SAS,1
OAMIL       ,RP,0.9999
OANDASAN    ,RP,0.9993
OANES       ,RP,0.7317
OANIA       ,RP,0.9299
OASAY       ,RP,0.9964
OBA         ,JA,0.8089
OBACH       ,RP,0.9844
OBAIDI      ,AF,0.7049
OBAIDULLAH  ,SAS,0.8571
OBALDO      ,RP,1
OBANA       ,RP,0.6731
OBARA       ,JA,0.6489
OBATA       ,JA,0.9469
OBAY        ,RP,0.9534
OBAYASHI    ,JA,0.9757
OBCENA      ,RP,0.9091
OBEDOZA     ,RP,1
OBENA       ,RP,1
OBENZA      ,RP,1
OBERAI      ,SAS,1
OBERES      ,RP,1
OBEROI      ,SAS,0.9196
OBIACORO    ,RP,0.9991
OBIAS       ,RP,0.94
OBIEN       ,RP,1
OBIETA      ,RP,0.7959
OBILLO      ,RP,1
OBINA       ,RP,0.9998
OBIS        ,RP,0.9947
OBISPO      ,RP,0.5067
OBLENA      ,RP,0.9999
OBLEPIAS    ,RP,1
OBLIGACION  ,RP,0.9528
OBOZA       ,RP,0.8554
OBRA        ,RP,0.9986
OBRADOR     ,RP,0.5263
OBRERO      ,RP,0.9989
OBRIQUE     ,RP,1
OBUCHI      ,JA,0.9467
OBUSAN      ,RP,1
OCA         ,RP,0.8288
OCARIZA     ,RP,1
OCAVA       ,RP,1
OCCENA      ,RP,0.6071
OCCIANO     ,RP,0.9998
OCFEMIA     ,RP,1
OCHANI      ,SAS,1
OCHI        ,JA,0.8877
OCHIAI      ,JA,0.9943
OCHINANG    ,RP,1
OCHOCO      ,RP,0.9444
OCHOTORENA  ,RP,0.6451
OCK         ,XK,1
OCO         ,RP,1
OCONER      ,RP,1
OCRETO      ,RP,0.9809
OCTAVIANO   ,RP,0.7011
OCTAVIO     ,RP,0.7189
OCTAVO      ,RP,0.6486
ODA         ,JA,0.8653
ODAGIRI     ,JA,1
ODAJIMA     ,JA,1
ODAKA       ,JA,1
ODANI       ,JA,0.9181
ODARI       ,BT,0.7308
ODATE       ,JA,1
ODON        ,RP,0.564
ODULIO      ,RP,1
ODVINA      ,RP,0.9997
OE          ,JA,0.9502
OEI         ,BIA,0.7181
OEN         ,BIA,0.588
OEUN        ,CB,0.7931
OEUNG       ,CB,0.9368
OEUR        ,CB,0.905
OEURN       ,CB,0.7671
OEY         ,BIA,0.7725
OFIANA      ,RP,0.9997
OFRANCIA    ,RP,0.9927
OGA         ,JA,0.8975
OGAKI       ,JA,0.9388
OGALE       ,SAS,0.9412
OGAMI       ,JA,0.9996
OGANE       ,JA,0.9994
OGASAWARA   ,JA,0.9818
OGATA       ,JA,0.8942
OGAWA       ,JA,0.9601
OGAWARA     ,JA,1
OGI         ,JA,0.9716
OGIHARA     ,JA,0.9789
OGINO       ,JA,1
OGISO       ,JA,1
OGITA       ,JA,0.9492
OGIWARA     ,JA,0.9727
OGOSHI      ,JA,0.9999
OGOY        ,RP,1
OGUCHI      ,JA,0.8961
OGUMA       ,JA,0.9404
OGURA       ,JA,0.9603
OGURI       ,JA,0.9262
OGURO       ,JA,1
OGUSHI      ,JA,0.9333
OH          ,XK,0.9452
OHAMA       ,JA,0.9685
OHASHI      ,JA,0.9788
OHATA       ,JA,1
OHBA        ,JA,1
OHE         ,JA,0.6239
OHI         ,JA,0.6562
OHIGASHI    ,JA,0.998
OHIRA       ,JA,0.9749
OHISHI      ,JA,0.9375
OHKAWA      ,JA,1
OHKI        ,JA,1
OHKUBO      ,JA,1
OHMORI      ,JA,1
OHMURA      ,JA,1
OHN         ,BM,0.5
OHNISHI     ,JA,0.9804
OHNO        ,JA,0.9677
OHORI       ,JA,1
OHR         ,XK,0.5799
OHRI        ,SAS,0.9398
OHSAWA      ,JA,1
OHSHIMA     ,JA,1
OHTA        ,JA,0.9745
OHTAKE      ,JA,1
OHTANI      ,JA,1
OHTSUKA     ,JA,1
OHTSUKI     ,JA,1
OHYA        ,JA,1
OHYAMA      ,JA,1
OI          ,JA,0.8681
OIDA        ,JA,0.6933
OIKAWA      ,JA,0.9365
OIKE        ,JA,1
OISHI       ,JA,0.9567
OIWA        ,JA,0.9619
OIZUMI      ,JA,1
OJASCASTRO  ,RP,0.9999
OJERIO      ,RP,0.9953
OJHA        ,SAS,0.6673
OJIMA       ,JA,0.9792
OJIRI       ,JA,0.7562
OK          ,XK,0.6901
OKA         ,JA,0.8685
OKABAYASHI  ,JA,0.9666
OKABE       ,JA,0.972
OKADA       ,JA,0.9577
OKADO       ,JA,1
OKAHARA     ,JA,0.9889
OKAJIMA     ,JA,1
OKAMI       ,JA,0.9872
OKAMOTO     ,JA,0.9396
OKAMURA     ,JA,0.8982
OKANO       ,JA,0.9685
OKATA       ,JA,0.9878
OKAWA       ,JA,0.9877
OKAWARA     ,JA,1
OKAYAMA     ,JA,1
OKAYASU     ,JA,1
OKAZAKI     ,JA,0.9727
OKAZAWA     ,JA,1
OKI         ,JA,0.8845
OKIHARA     ,JA,0.9112
OKIMOTO     ,JA,0.7414
OKIMURA     ,JA,0.9101
OKINAKA     ,JA,0.8997
OKINO       ,JA,0.8379
OKITA       ,JA,0.9763
OKIYAMA     ,JA,0.9999
OKOCHI      ,JA,0.8725
OKOSHI      ,JA,0.963
OKU         ,JA,0.8152
OKUBO       ,JA,0.9496
OKUDA       ,JA,0.9751
OKUDAIRA    ,JA,1
OKUGAWA     ,JA,1
OKUHARA     ,JA,0.894
OKUI        ,JA,0.9146
OKUMA       ,JA,0.9358
OKUMOTO     ,JA,0.9792
OKUMURA     ,JA,0.9363
OKUNO       ,JA,0.9775
OKURA       ,JA,0.9896
OKUTANI     ,JA,1
OKUTSU      ,JA,0.9994
OKUYAMA     ,JA,0.9689
OLACO       ,RP,1
OLAES       ,RP,0.9539
OLAGUER     ,RP,0.9998
OLAIVAR     ,RP,0.9974
OLALIA      ,RP,1
OLANDA      ,RP,0.8652
OLASO       ,RP,0.7947
OLAY        ,RP,0.8089
OLAYVAR     ,RP,0.8694
OLAZO       ,RP,0.6769
OLBES       ,RP,1
OLEDAN      ,RP,1
OLEGARIO    ,RP,0.9476
OLESCO      ,RP,0.8684
OLIGARIO    ,RP,0.6266
OLIGO       ,RP,0.9982
OLIMPO      ,RP,0.9997
OLIS        ,RP,0.6402
OLLERO      ,RP,0.9885
OLLET       ,RP,0.6078
OLOMI       ,AF,0.9999
OLONAN      ,RP,1
OLORES      ,RP,0.9677
OLOTEO      ,RP,0.978
OLPINDO     ,RP,1
OLVIS       ,RP,0.9005
OLYMPIA     ,RP,0.9911
OMACHI      ,JA,0.9999
OMAE        ,JA,0.8321
OMAIR       ,SAS,0.5102
OMANDAM     ,RP,1
OMATA       ,JA,1
OMATSU      ,JA,0.9992
OMBAO       ,RP,1
OMEGA       ,RP,0.7707
OMI         ,JA,0.9181
OMINE       ,JA,0.9366
OMIYA       ,JA,1
OMNES       ,RP,0.8571
OMO         ,RP,0.5224
OMORI       ,JA,0.9496
OMOTE       ,JA,1
OMOTO       ,JA,0.9291
OMURA       ,JA,0.9863
OMURO       ,JA,0.9008
ON          ,VM,0.5854
ONA         ,RP,0.626
ONAGA       ,JA,0.5086
ONAKA       ,JA,0.9976
ONATO       ,RP,1
ONDA        ,JA,0.9133
ONDATJE     ,CE,0.5662
ONEVATHANA  ,LA,0.9999
ONGCHANGCO  ,RP,1
ONGJOCO     ,RP,1
ONGKIKO     ,RP,1
ONGKINGCO   ,RP,1
ONGOCO      ,RP,1
ONGPIN      ,RP,1
ONIA        ,RP,0.96
ONIATE      ,RP,0.9974
ONISHI      ,JA,0.9604
ONITSUKA    ,JA,0.9998
ONIZUKA     ,JA,0.9815
ONO         ,JA,0.9567
ONODA       ,JA,0.9771
ONODERA     ,JA,0.9672
ONOE        ,JA,1
ONOGI       ,JA,1
ONOUE       ,JA,1
ONOZAWA     ,JA,1
ONOZUKA     ,JA,1
ONUKI       ,JA,0.9845
ONUMA       ,JA,0.8204
ONZA        ,RP,0.9998
OO          ,BM,0.7277
OOI         ,MY,0.87
OOKA        ,JA,0.9689
OOMMEN      ,SAS,0.9581
OON         ,MY,0.6064
OPENA       ,RP,1
OPERANA     ,RP,1
OPERARIO    ,RP,1
OPIANA      ,RP,0.9991
OPILAS      ,RP,1
OPINA       ,RP,0.9999
OPINALDO    ,RP,1
OPINION     ,RP,1
OPLE        ,RP,1
OPPUS       ,RP,1
OPULENCIA   ,RP,0.9996
ORA         ,RP,0.624
ORAA        ,RP,0.8125
ORACION     ,RP,0.9324
ORAIS       ,RP,0.9994
ORALLO      ,RP,0.9682
ORANTE      ,RP,0.7546
ORARA       ,RP,0.9996
ORATE       ,RP,0.9999
ORBETA      ,RP,0.931
ORBINO      ,RP,0.9801
ORBITA      ,RP,1
ORBON       ,RP,0.8161
ORCA        ,RP,0.9937
ORCINO      ,RP,0.9619
ORCULLO     ,RP,1
ORDA        ,RP,0.7073
ORDANEZ     ,RP,1
ORDANZA     ,RP,1
ORDEN       ,RP,0.9553
ORDIALES    ,RP,0.6712
ORDILLAS    ,RP,1
ORDINARIO   ,RP,0.9822
ORDIZ       ,RP,0.875
ORDONA      ,RP,0.9566
ORDONIA     ,RP,0.9953
ORDONIO     ,RP,0.9113
ORDONO      ,RP,0.8586
OREIRO      ,RP,0.9214
OREJOLA     ,RP,1
OREJUDOS    ,RP,1
ORENCIA     ,RP,0.9999
ORENSE      ,RP,0.967
ORETA       ,RP,0.9659
ORETO       ,RP,0.9534
OREVILLO    ,RP,0.9993
ORFANO      ,RP,0.8163
ORGANO      ,RP,0.9981
ORGAS       ,RP,0.7372
ORIAS       ,RP,0.7936
ORIBELLO    ,RP,0.9997
ORIEL       ,RP,0.79
ORIG        ,RP,1
ORIGENES    ,RP,1
ORIHARA     ,JA,1
ORII        ,JA,1
ORIKASA     ,JA,0.9988
ORILLA      ,RP,1
ORILLAZA    ,RP,1
ORILLE      ,RP,0.8861
ORILLO      ,RP,0.9986
ORIMOTO     ,JA,0.9995
ORINES      ,RP,0.9996
ORINION     ,RP,1
ORINO       ,RP,0.9046
ORIONDO     ,RP,0.8095
ORITA       ,JA,0.967
ORITO       ,JA,0.75
ORIZA       ,RP,0.9888
ORK         ,CB,0.8201
ORLANDA     ,RP,1
ORLANES     ,RP,0.9362
ORLINA      ,RP,1
ORLINO      ,RP,0.9651
ORM         ,CB,0.7288
ORMITA      ,RP,0.9998
ORN         ,CB,0.6743
ORNEDO      ,RP,0.8364
OROC        ,RP,0.9995
OROH        ,BIA,0.8947
OROLA       ,RP,1
ORONCE      ,RP,1
OROSA       ,RP,0.6122
ORPIA       ,RP,1
ORPIANO     ,RP,0.9999
ORPILLA     ,RP,0.9998
ORQUE       ,RP,1
ORQUIA      ,RP,0.9999
ORQUIOLA    ,RP,0.9995
ORQUIZA     ,RP,1
ORSUA       ,RP,0.7727
ORTAL       ,RP,0.814
ORTALEZA    ,RP,1
ORTALIZ     ,RP,1
ORTALIZA    ,RP,0.9184
ORTANEZ     ,RP,1
ORTEZA      ,RP,1
ORTIGA      ,RP,0.9959
ORTIGAS     ,RP,0.8723
ORTIGUERRA  ,RP,0.9286
ORTILLA     ,RP,1
ORTIN       ,RP,0.7103
ORTIZLUIS   ,RP,0.9739
ORUGANTI    ,SAS,1
OSADA       ,JA,0.9398
OSAKA       ,JA,0.9769
OSAKI       ,JA,0.9752
OSAKO       ,JA,0.941
OSANAI      ,JA,1
OSATO       ,JA,0.902
OSAWA       ,JA,0.9609
OSE         ,JA,0.5983
OSEA        ,RP,1
OSHIBA      ,JA,0.8889
OSHIDA      ,JA,1
OSHIKAWA    ,JA,1
OSHIMA      ,JA,0.9655
OSHIO       ,JA,1
OSHIRO      ,JA,0.6948
OSHITA      ,JA,0.9121
OSIA        ,RP,0.5519
OSIT        ,RP,0.5655
OSMENA      ,RP,1
OSOTEO      ,RP,1
OSOTIO      ,RP,0.9963
OSTIL       ,RP,1
OSTREA      ,RP,0.9999
OSUGA       ,JA,1
OSUGI       ,JA,0.9994
OSUKA       ,JA,0.8723
OSUMI       ,JA,0.9998
OSWAL       ,SAS,1
OTA         ,JA,0.9522
OTAGURO     ,JA,0.9248
OTAKA       ,JA,1
OTAKE       ,JA,0.9818
OTAKI       ,JA,0.9836
OTAL        ,SAS,0.7616
OTANES      ,RP,0.9348
OTANI       ,JA,0.9458
OTEYZA      ,RP,0.9373
OTGONBAYAR  ,MG,1
OTO         ,JA,0.7061
OTOMO       ,JA,1
OTOSHI      ,JA,0.9668
OTSU        ,JA,1
OTSUBO      ,JA,0.9866
OTSUJI      ,JA,0.9777
OTSUKA      ,JA,0.9664
OTSUKI      ,JA,0.9817
OU          ,GCA,0.8344
OUANO       ,RP,1
OUCH        ,CB,0.8388
OUCHI       ,JA,0.9677
OUCHIDA     ,JA,0.8816
OUDOM       ,LA,0.8507
OUDOMSOUK   ,LA,0.9999
OUE         ,JA,0.9997
OUK         ,CB,0.8596
OUM         ,CB,0.7541
OUN         ,CB,0.7719
OUNG        ,CB,0.6605
OUNKEO      ,LA,0.9231
OUNKHAM     ,LA,0.9999
OURA        ,JA,0.9071
OURN        ,CB,1
OUSEPH      ,SAS,1
OUTHAVONG   ,LA,0.9222
OUY         ,CB,0.9999
OUYANG      ,GCA,0.9913
OV          ,CB,0.9985
OWA         ,JA,0.7021
OWADA       ,JA,0.9556
OWAIS       ,SAS,0.5806
OWAKI       ,JA,1
OWAN        ,JA,0.6412
OWN         ,GCA,0.6176
OWYANG      ,GCA,0.8686
OYA         ,JA,0.9739
OYABU       ,JA,1
OYADOMARI   ,JA,0.7625
OYAKAWA     ,JA,0.9238
OYAMA       ,JA,0.9238
OYAMADA     ,JA,0.9444
OYANAGI     ,JA,1
OYANG       ,GCA,1
OYAO        ,RP,0.9999
OYOS        ,RP,0.768
OYOUNG      ,GCA,0.6887
OZA         ,SAS,0.9359
OZAIR       ,SAS,0.8418
OZAKI       ,JA,0.972
OZASA       ,JA,1
OZAWA       ,JA,0.9816
OZEKI       ,JA,0.9597
OZOA        ,RP,0.9883
OZONE       ,JA,0.5398
PAA         ,RP,0.9453
PAAS        ,RP,0.6109
PAAT        ,RP,0.8085
PABALAN     ,RP,0.9873
PABALATE    ,RP,0.9999
PABALINAS   ,RP,1
PABANI      ,SAS,0.7959
PABBA       ,SAS,1
PABBATHI    ,SAS,1
PABBISETTY  ,SAS,1
PABELLO     ,RP,0.794
PABELLON    ,RP,0.8859
PABILONA    ,RP,1
PABILONIA   ,RP,0.9984
PABLA       ,SAS,0.8952
PABLEO      ,RP,1
PABLICO     ,RP,1
PABLO       ,RP,0.552
PABO        ,RP,0.8671
PABROS      ,RP,0.9947
PABUSTAN    ,RP,1
PACA        ,RP,0.5726
PACADA      ,RP,0.9999
PACALDO     ,RP,1
PACANA      ,RP,0.9245
PACARIEM    ,RP,0.9999
PACARRO     ,RP,0.7828
PACATANG    ,RP,0.9984
PACETE      ,RP,1
PACHAURI    ,SAS,1
PACHIKARA   ,SAS,0.92
PACHO       ,RP,0.705
PACIA       ,RP,0.8735
PACIO       ,RP,0.8986
PACION      ,RP,0.9672
PACIS       ,RP,0.9825
PACLEB      ,RP,0.9852
PACLIBAR    ,RP,1
PACOL       ,RP,1
PACPACO     ,RP,1
PACQUING    ,RP,0.9696
PACTOL      ,RP,0.9088
PACUBAS     ,RP,1
PACULAN     ,RP,1
PACULBA     ,RP,0.9848
PACUMIO     ,RP,1
PADA        ,RP,0.9901
PADALA      ,SAS,0.9769
PADALIA     ,SAS,1
PADALKAR    ,SAS,1
PADAM       ,SAS,1
PADAMA      ,RP,0.9998
PADAMADA    ,RP,0.9992
PADAOAN     ,RP,1
PADAONG     ,RP,0.9998
PADASDAO    ,RP,0.9995
PADAVALA    ,SAS,1
PADAYAO     ,RP,0.9981
PADAYHAG    ,RP,0.9999
PADDA       ,SAS,0.9536
PADELA      ,SAS,1
PADER       ,RP,0.9432
PADERANGA   ,RP,0.9999
PADERES     ,RP,0.8469
PADERNA     ,RP,0.875
PADERNAL    ,RP,1
PADHI       ,SAS,0.9796
PADHIAR     ,SAS,0.7629
PADHY       ,SAS,1
PADHYE      ,SAS,0.9766
PADI        ,SAS,0.675
PADIA       ,SAS,0.6601
PADIERNOS   ,RP,1
PADIGOS     ,RP,1
PADILLO     ,RP,0.6659
PADIOS      ,RP,0.9976
PADIYAR     ,SAS,1
PADLAN      ,RP,1
PADMANABAN  ,SAS,1
PADMANABHA  ,SAS,1
PADMANABHAN ,SAS,0.9871
PADOLINA    ,RP,0.9771
PADOR       ,RP,1
PADRE       ,RP,0.9597
PADUA       ,RP,0.8576
PADWAL      ,SAS,1
PAE         ,XK,0.9302
PAEK        ,XK,0.9768
PAENG       ,XK,1
PAESTE      ,RP,1
PAET        ,RP,0.9787
PAGADALA    ,SAS,1
PAGADOR     ,RP,0.9018
PAGADUAN    ,RP,0.9843
PAGAL       ,RP,0.9444
PAGALA      ,RP,0.9124
PAGAR       ,RP,0.6863
PAGARAGAN   ,RP,1
PAGARAN     ,RP,0.9996
PAGARIGAN   ,RP,1
PAGATPATAN  ,RP,0.9669
PAGAY       ,RP,0.8833
PAGAYON     ,RP,1
PAGBA       ,RP,0.9927
PAGCU       ,RP,1
PAGDANGANAN ,RP,1
PAGDILAO    ,RP,0.9999
PAGGAO      ,RP,1
PAGKALINAWAN,RP,1
PAGLINAWAN  ,RP,0.9994
PAGSANJAN   ,RP,1
PAGSISIHAN  ,RP,1
PAGSOLINGAN ,RP,0.9999
PAGTAKHAN   ,RP,0.9193
PAGTALUNAN  ,RP,1
PAGTAMA     ,RP,1
PAGTULINGAN ,RP,1
PAGUD       ,RP,0.9983
PAGUIA      ,RP,1
PAGUILIGAN  ,RP,0.9412
PAGUIO      ,RP,0.9819
PAGUIRIGAN  ,RP,1
PAGULAYAN   ,RP,0.9614
PAGUNSAN    ,RP,1
PAGUNTALAN  ,RP,1
PAGUYO      ,RP,0.9663
PAHAL       ,SAS,0.7647
PAHANG      ,RP,1
PAHARI      ,NP,0.8036
PAHATI      ,RP,1
PAHED       ,RP,0.999
PAHK        ,XK,0.9982
PAHN        ,XK,0.6271
PAHUJA      ,SAS,0.9779
PAHWA       ,SAS,0.9864
PAIDI       ,SAS,1
PAIK        ,XK,0.9597
PAILY       ,SAS,0.9516
PAING       ,BM,0.7043
PAISO       ,RP,1
PAISTE      ,RP,0.933
PAJA        ,RP,0.6097
PAJAR       ,RP,0.7428
PAJARILLAGA ,RP,1
PAJARILLO   ,RP,0.9883
PAJARITO    ,RP,0.5767
PAJE        ,RP,0.9464
PAJELA      ,RP,0.999
PAJIMOLA    ,RP,0.9578
PAJIMULA    ,RP,0.9987
PAJO        ,RP,0.7037
PAK         ,XK,0.8779
PAKA        ,SAS,0.9388
PAKALA      ,SAS,0.9995
PAKALAPATI  ,SAS,1
PAKANATI    ,SAS,1
PAKINGAN    ,RP,1
PAKPAHAN    ,BIA,0.8904
PAL         ,SAS,0.7111
PALABAY     ,RP,1
PALABRICA   ,RP,0.9996
PALAC       ,RP,0.559
PALACA      ,RP,0.9954
PALACOL     ,RP,0.9968
PALACPAC    ,RP,0.9997
PALAD       ,RP,1
PALADO      ,RP,0.9298
PALADUGU    ,SAS,1
PALAGANAS   ,RP,1
PALAGIRI    ,SAS,1
PALALAY     ,RP,0.9997
PALAN       ,SAS,0.6054
PALANA      ,RP,0.9996
PALANCA     ,RP,0.9239
PALANG      ,RP,0.9999
PALANI      ,SAS,0.9391
PALANIAPPAN ,SAS,0.9543
PALANICHAMY ,SAS,1
PALANISAMY  ,SAS,0.9693
PALANISWAMY ,SAS,1
PALANIVEL   ,SAS,0.9398
PALANIVELU  ,SAS,1
PALAPARTHI  ,SAS,1
PALAR       ,BIA,0.6549
PALARCA     ,RP,0.9999
PALAROAN    ,RP,0.9997
PALAT       ,SAS,0.7746
PALATTAO    ,RP,1
PALEC       ,RP,0.8797
PALEKAR     ,SAS,1
PALEPU      ,SAS,1
PALER       ,RP,0.7335
PALERACIO   ,RP,1
PALETI      ,SAS,1
PALIA       ,SAS,0.9873
PALICTE     ,RP,0.9947
PALILEO     ,RP,1
PALIMA      ,RP,1
PALINES     ,RP,0.9999
PALINO      ,RP,0.5492
PALIS       ,RP,0.8056
PALISOC     ,RP,1
PALIT       ,SAS,0.8682
PALIWAL     ,SAS,1
PALJOR      ,GCA,0.6216
PALKAR      ,SAS,1
PALKHIWALA  ,SAS,1
PALLA       ,SAS,0.7345
PALLAYA     ,RP,0.9986
PALLE       ,SAS,0.7714
PALLEN      ,RP,0.5079
PALLERA     ,RP,1
PALLERLA    ,SAS,1
PALLI       ,SAS,0.7394
PALLY       ,SAS,0.8873
PALMARES    ,RP,0.8864
PALMES      ,RP,0.9253
PALMOS      ,RP,0.7772
PALO        ,RP,0.5684
PALOMA      ,RP,0.7824
PALOMATA    ,RP,1
PALOMPO     ,RP,0.9982
PALON       ,RP,0.9809
PALOR       ,RP,1
PALPALLATOC ,RP,0.9985
PALTA       ,SAS,0.5309
PALTING     ,RP,1
PALUGOD     ,RP,1
PALURI      ,SAS,1
PALUSTRE    ,RP,0.9346
PAMA        ,RP,0.8783
PAMAN       ,RP,0.9999
PAMARAN     ,RP,1
PAMARTHI    ,SAS,1
PAMATIAN    ,RP,0.9994
PAMATMAT    ,RP,0.939
PAMBID      ,RP,1
PAMIDI      ,SAS,1
PAMIDIMUKKAL,SAS,1
PAMINTUAN   ,RP,0.9909
PAMITTAN    ,RP,1
PAMMA       ,SAS,0.9347
PAMMI       ,SAS,1
PAMMIT      ,RP,1
PAMNANI     ,SAS,1
PAMPATI     ,SAS,1
PAMPLONA    ,RP,0.6065
PAMPO       ,RP,0.8408
PAMPOLINA   ,RP,0.9997
PAMULA      ,SAS,0.5906
PAMULAPATI  ,SAS,1
PAN         ,GCA,0.9285
PANADO      ,RP,0.9999
PANAGUITON  ,RP,1
PANAHON     ,RP,1
PANALIGAN   ,RP,1
PANARA      ,SAS,0.9862
PANARES     ,RP,1
PANATI      ,SAS,0.9992
PANCHAGNULA ,SAS,1
PANCHAL     ,SAS,0.9375
PANCHANI    ,SAS,1
PANCHAPAKESA,SAS,1
PANCHO      ,RP,0.8654
PANCHOLI    ,SAS,0.9492
PANCHOLY    ,SAS,1
PANCHUMARTHI,SAS,1
PANCIPANCI  ,RP,0.9999
PANDA       ,SAS,0.9496
PANDE       ,SAS,0.8683
PANDES      ,RP,0.7994
PANDEY      ,SAS,0.6782
PANDEYA     ,SAS,0.6279
PANDHER     ,SAS,0.9532
PANDHI      ,SAS,1
PANDI       ,SAS,0.6377
PANDIAN     ,SAS,0.969
PANDIRI     ,SAS,1
PANDIT      ,SAS,0.8834
PANDITA     ,SAS,1
PANDJAITAN  ,BIA,0.8696
PANDRANGI   ,SAS,1
PANDURANGAN ,SAS,1
PANDYA      ,SAS,0.9382
PANEDA      ,RP,0.7227
PANELA      ,RP,0.5864
PANELO      ,RP,0.8623
PANEM       ,RP,0.8983
PANER       ,RP,0.9525
PANERIO     ,RP,0.9298
PANES       ,RP,0.8736
PANESAR     ,SAS,0.75
PANG        ,GCA,0.674
PANGALANGAN ,RP,1
PANGAN      ,RP,0.9728
PANGANIBAN  ,RP,0.9878
PANGARIBUAN ,BIA,0.9268
PANGEMANAN  ,BIA,0.9167
PANGESTU    ,BIA,0.8133
PANGGABEAN  ,BIA,0.9322
PANGILINAN  ,RP,0.9822
PANGULURI   ,SAS,1
PANICKER    ,SAS,0.972
PANIGRAHI   ,SAS,1
PANINGBATAN ,RP,1
PANIS       ,RP,0.8988
PANIT       ,RP,0.7885
PANIZA      ,RP,0.6885
PANJA       ,SAS,0.8372
PANJABI     ,SAS,0.875
PANJAITAN   ,BIA,0.8812
PANJSHIRI   ,AF,1
PANJWANI    ,SAS,0.9621
PANKAJ      ,SAS,1
PANLAQUI    ,RP,1
PANLASIGUI  ,RP,0.9985
PANLILIO    ,RP,0.9929
PANN        ,CB,0.6616
PANNA       ,SAS,0.8878
PANNALA     ,SAS,1
PANNEERSELV ,SAS,1
PANNEERSELVA,SAS,1
PANNI       ,SAS,0.9877
PANNU       ,SAS,0.9131
PANONCILLO  ,RP,0.9949
PANOPIO     ,RP,1
PANOTES     ,RP,1
PANSARE     ,SAS,1
PANSE       ,SAS,0.9277
PANSOY      ,RP,0.9998
PANSURIA    ,SAS,1
PANT        ,SAS,0.5609
PANTA       ,NP,0.6074
PANTE       ,RP,0.9352
PANTHA      ,NP,0.7826
PANTHI      ,NP,1
PANTI       ,RP,0.6545
PANTIG      ,RP,1
PANTINO     ,RP,0.7898
PANU        ,SAS,0.5984
PANUGANTI   ,SAS,1
PANWALA     ,SAS,1
PANWAR      ,SAS,1
PANYA       ,TH,0.507
PANYAM      ,SAS,1
PANYANOUVONG,LA,0.9272
PANYAVONG   ,LA,0.9272
PAO         ,GCA,0.739
PAPAGAYO    ,RP,0.9988
PAPEL       ,RP,0.7074
PAPILLA     ,RP,0.875
PAPINENI    ,SAS,1
PAPIO       ,RP,0.9112
PAPPACHAN   ,SAS,1
PAPPACHEN   ,SAS,1
PAPPU       ,SAS,1
PAPPY       ,SAS,0.9884
PAR         ,BM,0.7562
PARAAN      ,RP,1
PARAB       ,SAS,1
PARACHA     ,SAS,0.9396
PARACUELLES ,RP,0.947
PARADELA    ,RP,0.5504
PARADERO    ,RP,1
PARADEZA    ,RP,0.9999
PARADIES    ,RP,0.5083
PARADKAR    ,SAS,1
PARADO      ,RP,1
PARAFINA    ,RP,1
PARAGAS     ,RP,0.9689
PARAGUYA    ,RP,1
PARAISO     ,RP,0.9196
PARAJULI    ,NP,0.8313
PARAKH      ,SAS,1
PARALEJAS   ,RP,1
PARALES     ,RP,0.9295
PARALKAR    ,SAS,1
PARAM       ,RP,0.7605
PARAMASIVAM ,SAS,0.9406
PARAMASIVAN ,SAS,1
PARAMBIL    ,SAS,0.8947
PARAMESH    ,SAS,0.9999
PARAMESHWARA,SAS,1
PARAMESWARAN,SAS,0.9207
PARAN       ,RP,0.731
PARANADA    ,RP,0.9992
PARANAL     ,RP,1
PARANGAN    ,RP,0.9991
PARANI      ,RP,0.9826
PARANJAPE   ,SAS,0.9803
PARANJPE    ,SAS,0.9766
PARANTHAMAN ,SAS,0.8823
PARAOAN     ,RP,0.9997
PARAON      ,RP,1
PARAS       ,RP,0.8752
PARASA      ,SAS,1
PARASHAR    ,SAS,1
PARASHER    ,SAS,0.9999
PARASNIS    ,SAS,1
PARASO      ,RP,0.9988
PARASURAMAN ,SAS,1
PARAWAN     ,RP,0.94
PARAYIL     ,SAS,1
PARAYNO     ,RP,0.9871
PARAZ       ,RP,0.9983
PARBO       ,RP,0.999
PARCASIO    ,RP,0.9992
PARCERO     ,RP,0.8969
PARCHA      ,SAS,0.956
PARCHURI    ,SAS,1
PARCO       ,RP,0.793
PARCON      ,RP,1
PARDASANI   ,SAS,1
PARDEDE     ,BIA,0.8939
PARDESHI    ,SAS,1
PARDESI     ,SAS,0.6087
PARDILLA    ,RP,0.6428
PARDILLO    ,RP,0.5033
PARDIWALA   ,SAS,0.8983
PAREEK      ,SAS,1
PAREKH      ,SAS,0.9048
PAREL       ,RP,0.857
PARHAR      ,SAS,0.8387
PARIAL      ,RP,0.9057
PARIAN      ,RP,0.8879
PARICO      ,RP,1
PARIDA      ,SAS,1
PARIGI      ,SAS,0.5022
PARIHAR     ,SAS,1
PARIJA      ,SAS,1
PARIKH      ,SAS,0.9756
PARILLA     ,RP,0.9634
PARIMI      ,SAS,1
PARIN       ,RP,0.8346
PARINA      ,RP,0.948
PARINAS     ,RP,0.9999
PARITALA    ,SAS,1
PARITI      ,SAS,0.9347
PARK        ,XK,0.9552
PARKAR      ,SAS,0.8416
PARKASH     ,SAS,0.9454
PARKHI      ,SAS,1
PARKKIM     ,XK,1
PARKLEE     ,XK,1
PARLADE     ,RP,0.5918
PARLAN      ,RP,0.9999
PARMAR      ,SAS,0.8495
PAROCHA     ,RP,1
PARONE      ,RP,0.7778
PARONG      ,RP,0.9998
PARPAN      ,RP,0.9076
PARPIA      ,SAS,0.6849
PARQUE      ,GCA,0.5069
PARRENAS    ,RP,1
PARRENO     ,RP,0.5685
PARRO       ,RP,0.5039
PARTHASARATH,SAS,0.994
PARTHIBAN   ,SAS,0.9999
PARTI       ,SAS,0.9998
PARTIBLE    ,RP,1
PARTIDO     ,RP,0.9063
PARTOSAN    ,RP,0.9988
PARUBRUB    ,RP,0.9998
PARUCHURI   ,SAS,0.9805
PARULAN     ,RP,1
PARULEKAR   ,SAS,1
PARULKAR    ,SAS,1
PARUNGAO    ,RP,0.9784
PARUPALLI   ,SAS,1
PARVAIZ     ,SAS,1
PARVATANENI ,SAS,1
PARVATHANENI,SAS,1
PARVEEN     ,SAS,0.9901
PARVEN      ,SAS,1
PARVEZ      ,SAS,0.9304
PARVIN      ,SAS,0.8184
PARWANA     ,AF,0.5789
PARWANI     ,SAS,0.6726
PARYANI     ,SAS,0.8163
PASAG       ,RP,1
PASALA      ,SAS,1
PASALO      ,RP,1
PASAM       ,SAS,1
PASAMBA     ,RP,1
PASAMONTE   ,RP,0.8915
PASANA      ,RP,0.94
PASAOA      ,RP,0.9999
PASARI      ,SAS,1
PASARIBU    ,BIA,0.8667
PASAY       ,RP,0.9177
PASCASIO    ,RP,0.5998
PASCO       ,RP,0.6298
PASCUA      ,RP,0.9658
PASCUAL     ,RP,0.6737
PASHA       ,SAS,0.7994
PASHAM      ,SAS,1
PASIA       ,RP,0.9658
PASIBE      ,RP,0.9989
PASILIAO    ,RP,1
PASIMIO     ,RP,0.9967
PASION      ,RP,0.9769
PASOL       ,RP,0.9049
PASQUIN     ,RP,0.5697
PASRICHA    ,SAS,0.9313
PASSI       ,SAS,0.5689
PASTORAL    ,RP,0.9577
PASTORES    ,RP,0.9999
PASULA      ,SAS,0.6338
PASUMARTHI  ,SAS,1
PASUMARTHY  ,SAS,1
PASUMARTI   ,SAS,1
PASUPATHY   ,SAS,0.8983
PASUPULATI  ,SAS,1
PASUPULETI  ,SAS,1
PATACSIL    ,RP,0.9393
PATADIA     ,SAS,0.9407
PATAG       ,RP,1
PATAGUE     ,RP,0.9998
PATALINGHUG ,RP,1
PATANGAN    ,RP,1
PATANGE     ,SAS,1
PATANI      ,SAS,0.7742
PATANKAR    ,SAS,1
PATAO       ,RP,0.8964
PATAWARAN   ,RP,0.9481
PATCHA      ,SAS,0.6944
PATEL       ,SAS,0.876
PATELL      ,SAS,0.898
PATENIA     ,RP,1
PATH        ,CB,0.8063
PATHA       ,SAS,0.8857
PATHAK      ,SAS,0.8513
PATHAMMAVONG,LA,0.8911
PATHAN      ,SAS,0.9785
PATHANIA    ,SAS,1
PATHARE     ,SAS,1
PATHI       ,SAS,1
PATHIRANA   ,CE,1
PATHMANATHAN,CE,0.8169
PATHOUMTHONG,LA,0.921
PATHROSE    ,SAS,1
PATHURI     ,SAS,1
PATI        ,SAS,0.6106
PATIAG      ,RP,1
PATIBANDLA  ,SAS,1
PATIDAR     ,SAS,0.9277
PATIL       ,SAS,0.9913
PATINIO     ,RP,0.7685
PATIO       ,RP,0.9145
PATKA       ,SAS,0.8758
PATKAR      ,SAS,1
PATKE       ,SAS,0.6589
PATKI       ,SAS,1
PATLOLLA    ,SAS,1
PATNAIK     ,SAS,0.9808
PATNALA     ,SAS,1
PATNAM      ,SAS,1
PATNEY      ,SAS,0.9984
PATNI       ,SAS,0.908
PATOC       ,RP,0.9989
PATOLE      ,SAS,1
PATOLIA     ,SAS,1
PATRA       ,SAS,0.9328
PATRAWALA   ,SAS,1
PATRI       ,SAS,0.8729
PATRIARCA   ,RP,0.6865
PATRIC      ,SAS,0.7095
PATRO       ,SAS,0.8936
PATTA       ,SAS,0.606
PATTABIRAMAN,SAS,1
PATTAN      ,SAS,0.8336
PATTANAIK   ,SAS,1
PATTANAYAK  ,SAS,0.9712
PATTANI     ,SAS,0.7396
PATTAR      ,SAS,1
PATTNAIK    ,SAS,1
PATTUGALAN  ,RP,1
PATUBO      ,RP,1
PATULA      ,RP,0.5552
PATULOT     ,RP,1
PATURI      ,SAS,1
PATWA       ,SAS,0.7907
PATWARDHAN  ,SAS,1
PATWARI     ,SAS,1
PATWARY     ,SAS,0.9713
PAUDEL      ,NP,0.8825
PAUDYAL     ,NP,0.9592
PAULE       ,RP,0.9166
PAULOSE     ,SAS,1
PAULRAJ     ,SAS,1
PAUTIN      ,RP,0.9989
PAV         ,CB,0.7242
PAVITHRAN   ,SAS,1
PAVO        ,RP,0.7436
PAVRI       ,SAS,0.8529
PAVULURI    ,SAS,1
PAW         ,BM,0.5932
PAWAR       ,SAS,0.9892
PAYABYAB    ,RP,1
PAYAD       ,RP,1
PAYAWAL     ,RP,1
PAYMASTER   ,SAS,0.9757
PAYOMO      ,RP,0.9968
PAYONGAYONG ,RP,1
PAYOPAY     ,RP,1
PAYOYO      ,RP,1
PAYTE       ,RP,0.5233
PAYUMO      ,RP,0.9878
PAZCOGUIN   ,RP,0.9999
PAZON       ,RP,0.972
PE          ,RP,0.6287
PEANG       ,CB,0.6949
PEBENITO    ,RP,1
PECSON      ,RP,0.9727
PED         ,RP,0.7711
PEDAPUDI    ,SAS,1
PEDDADA     ,SAS,1
PEDDI       ,SAS,1
PEDDIBHOTLA ,SAS,1
PEDDINTI    ,SAS,1
PEDDIREDDY  ,SAS,1
PEDDU       ,SAS,1
PEDNEKAR    ,SAS,0.9727
PEDREGOSA   ,RP,1
PEDRINA     ,RP,0.9969
PEDROCHE    ,RP,1
PEDRONAN    ,RP,1
PEDROZO     ,RP,0.5496
PEERZADA    ,SAS,0.6909
PEESAPATI   ,SAS,1
PEGA        ,RP,0.9927
PEGANY      ,SAS,0.9891
PEI         ,GCA,0.9313
PEIG        ,RP,0.9995
PEIRIS      ,CE,0.8978
PEJI        ,RP,1
PEL         ,CB,0.6928
PELEN       ,RP,0.5329
PELIA       ,SAS,0.6842
PELIAS      ,RP,0.9818
PELICANO    ,RP,0.7685
PELINA      ,RP,0.9999
PELINO      ,RP,0.5527
PELLAS      ,RP,0.6647
PEMMARAJU   ,SAS,1
PEMMASANI   ,SAS,1
PEN         ,CB,0.7321
PENAFLOR    ,RP,0.6913
PENAFLORIDA ,RP,1
PENALBER    ,RP,0.5258
PENALES     ,RP,1
PENALOSA    ,RP,0.7288
PENAMANTE   ,RP,1
PENAMORA    ,RP,0.5156
PENANO      ,RP,1
PENDHARKAR  ,SAS,1
PENDON      ,RP,0.9683
PENDSE      ,SAS,1
PENDURTHI   ,SAS,1
PENDYALA    ,SAS,1
PENERA      ,RP,0.9932
PENETRANTE  ,RP,1
PENEYRA     ,RP,0.9851
PENG        ,GCA,0.9318
PENH        ,CB,0.8395
PENMATSA    ,SAS,1
PENMETCHA   ,SAS,1
PENMETSA    ,SAS,1
PENOLA      ,RP,0.9443
PENOR       ,RP,0.7254
PENTAKOTA   ,SAS,1
PENTECOSTES ,RP,1
PENUGONDA   ,SAS,1
PENULIAR    ,RP,1
PENUMATSA   ,SAS,1
PEOU        ,CB,0.8959
PEOV        ,CB,0.6944
PEPINO      ,RP,0.7333
PEPITO      ,RP,0.98
PEQUET      ,RP,0.9746
PERACHA     ,SAS,0.8529
PERAM       ,SAS,1
PERDIDO     ,RP,0.8701
PERDON      ,RP,0.9304
PERENA      ,RP,0.8649
PERERA      ,CE,0.6249
PEREY       ,RP,0.9315
PERI        ,SAS,0.5112
PERIA       ,RP,0.8851
PERIASAMY   ,SAS,0.9244
PERIES      ,CE,0.8421
PERIQUET    ,RP,1
PERIYASAMY  ,SAS,0.9593
PERLAS      ,RP,0.9554
PERMANA     ,BIA,0.9286
PERMISON    ,RP,0.9311
PERNG       ,GCA,0.9653
PERPETUA    ,RP,0.5095
PERRERAS    ,RP,1
PERUCHO     ,RP,0.7378
PERUMAL     ,SAS,0.7668
PERUMALLA   ,SAS,1
PERUMALSAMY ,SAS,1
PERURI      ,SAS,1
PERVAIZ     ,SAS,0.9848
PERVEEN     ,SAS,1
PERVEZ      ,SAS,0.9343
PERVIN      ,SAS,0.9153
PESIGAN     ,RP,1
PESIK       ,BIA,0.7764
PESTANAS    ,RP,1
PESTANO     ,RP,0.5587
PETALVER    ,RP,1
PETHE       ,SAS,0.8579
PETILLA     ,RP,1
PETRALBA    ,RP,0.9998
PETROLA     ,RP,0.7226
PFLEIDER    ,RP,0.8347
PHABMIXAY   ,LA,1
PHADKE      ,SAS,0.9898
PHADNIS     ,SAS,1
PHAGURA     ,SAS,1
PHAI        ,CB,0.6773
PHAKEOVILAY ,LA,1
PHAKONEKHAM ,LA,0.9459
PHAKOUSONH  ,LA,0.8883
PHAL        ,CB,0.7172
PHAM        ,VM,0.9524
PHAMLE      ,VM,0.9999
PHAMNGUYEN  ,VM,1
PHAMTRAN    ,VM,0.999
PHAMVU      ,VM,0.9992
PHAN        ,VM,0.9183
PHANDANOUVON,LA,0.9999
PHANH       ,LA,0.8154
PHANIVONG   ,LA,0.921
PHANMAHA    ,LA,1
PHANN       ,CB,0.789
PHANNAVONG  ,LA,1
PHANNGUYEN  ,VM,1
PHANOUVONG  ,LA,0.9694
PHANSALKAR  ,SAS,1
PHANSE      ,SAS,1
PHANTHAVONG ,LA,0.8784
PHANVILAY   ,LA,0.9999
PHAO        ,CB,0.9999
PHAR        ,BM,0.5018
PHASAVATH   ,LA,0.8101
PHASOUK     ,LA,0.9231
PHAT        ,CB,0.7218
PHATAK      ,SAS,1
PHATH       ,CB,0.9034
PHAVISETH   ,LA,0.9361
PHAVONG     ,LA,0.9019
PHAXAY      ,LA,0.8437
PHAY        ,CB,0.7417
PHAYSITH    ,LA,0.9991
PHE         ,CB,0.7889
PHEAN       ,CB,0.6152
PHEAP       ,CB,0.5509
PHENG       ,CB,0.8161
PHENGDARA   ,LA,1
PHENGSAVATH ,LA,0.9387
PHENGSY     ,LA,0.9991
PHET        ,CB,0.5161
PHETCHAMPHON,LA,0.9062
PHETDARA    ,LA,0.9136
PHETSARATH  ,LA,0.7804
PHETSAVANH  ,LA,0.9999
PHETSAVONG  ,LA,1
PHETSOMPHOU ,LA,0.92490000000000006
PHETVIXAY   ,LA,0.9388
PHI         ,VM,0.9468
PHIATHEP    ,LA,0.8824
PHILAVANH   ,LA,0.8856
PHILAVONG   ,LA,0.9078
PHILIP      ,SAS,0.6644
PHILIPOSE   ,SAS,1
PHIM        ,CB,0.7654
PHIMMACHACK ,LA,0.9079
PHIMMASANE  ,LA,0.8448
PHIMMASENE  ,LA,0.925
PHIMMASONE  ,LA,0.8719
PHIMMAVONG  ,LA,0.8788
PHIMVONGSA  ,LA,0.9183
PHIN        ,CB,0.6647
PHITSANOUKAN,LA,0.9995
PHLONG      ,CB,0.9104
PHO         ,VM,0.6544
PHOEUK      ,CB,0.9089
PHOEUN      ,CB,0.7794
PHOEUNG     ,CB,0.9091
PHOK        ,CB,0.842
PHOL        ,CB,0.5478
PHOMMA      ,LA,0.6832
PHOMMACHACK ,LA,0.9247
PHOMMACHANH ,LA,0.8883
PHOMMAHAXAY ,LA,1
PHOMMALINH  ,LA,1
PHOMMALY    ,LA,0.8888
PHOMMARATH  ,LA,0.8784
PHOMMASACK  ,LA,1
PHOMMASENG  ,LA,0.9973
PHOMMATHEP  ,LA,0.8461
PHOMMAVANH  ,LA,0.9997
PHOMMAVONG  ,LA,0.8708
PHOMMAVONGSA,LA,0.9175
PHOMPHAKDY  ,LA,0.8906
PHOMPONG    ,LA,0.7939
PHOMSAVANH  ,LA,1
PHOMSOPHA   ,LA,0.9284
PHOMSOUVANDA,LA,0.9979
PHOMSOUVANH ,LA,0.8878
PHOMVONGSA  ,LA,0.921
PHON        ,CB,0.7667
PHONASA     ,LA,0.9998
PHONESAVANH ,LA,0.883
PHONG       ,VM,0.7729
PHONGMANY   ,LA,0.9996
PHONGSA     ,LA,0.9375
PHONGSAVAN  ,LA,0.9999
PHONGSAVANH ,LA,0.9198
PHONGSAVATH ,LA,0.9241
PHONHARATH  ,LA,1
PHOON       ,MY,0.59
PHOONG      ,VM,0.7254
PHORN       ,CB,0.9024
PHOSY       ,LA,0.713
PHOTHIRATH  ,LA,0.9
PHOTHISANE  ,LA,0.8947
PHOTHISEN   ,LA,0.8648
PHOTHISENE  ,LA,0.9333
PHOTHONG    ,LA,0.6167
PHOU        ,CB,0.8571
PHOUANGPHET ,LA,0.8048
PHOUMINH    ,LA,1
PHOUMIVONG  ,LA,0.9165
PHOUN       ,CB,0.6135
PHOUNG      ,CB,0.8269
PHOUNSAVATH ,LA,0.9134
PHOUTHAVONG ,LA,0.9076
PHOUTTHAVONG,LA,0.8636
PHRAKONEKHAM,LA,0.9046
PHRAKOUSONH ,LA,0.9995
PHRASAVATH  ,LA,0.9296
PHU         ,VM,0.86240000000000006
PHUA        ,SN,0.6314
PHUAH       ,MY,0.8913
PHUI        ,VM,0.999
PHUKAN      ,SAS,1
PHULL       ,SAS,0.7975
PHUN        ,VM,0.7322
PHUNG       ,VM,0.9126
PHUNTSOK    ,GCA,0.524
PHUONG      ,VM,0.7709
PHUYAL      ,NP,0.6437
PHUYEL      ,BT,0.7581
PHY         ,CB,0.5918
PHYO        ,BM,0.8165
PHYU        ,BM,0.915
PIA         ,RP,0.5125
PIAMONTE    ,RP,0.9461
PIAN        ,GCA,0.8137
PIANG       ,BM,0.875
PIANO       ,RP,0.8094
PIANSAY     ,RP,1
PIAO        ,GCA,0.9911
PICACHE     ,RP,0.9385
PICAR       ,RP,0.9606
PICARDAL    ,RP,1
PICARDO     ,RP,0.5497
PICCIO      ,RP,0.9423
PICH        ,CB,0.7834
PICHAY      ,RP,0.974
PIDAPARTHI  ,SAS,1
PIDIKITI    ,SAS,1
PIDLAOAN    ,RP,1
PIDO        ,RP,0.9615
PIEDAD      ,RP,0.8244
PIELAGO     ,RP,0.8723
PIEN        ,GCA,0.8472
PIERIS      ,CE,1
PIGA        ,RP,0.6224
PIGAO       ,RP,0.9999
PILANDE     ,RP,1
PILAPIL     ,RP,0.9898
PILAR       ,RP,0.6162
PILARES     ,RP,0.6727
PILI        ,RP,0.7389
PILLAI      ,SAS,0.8727
PILLALAMARRI,SAS,1
PILLARISETTY,SAS,1
PILLI       ,SAS,0.9348
PILLOS      ,RP,1
PILLUTLA    ,SAS,1
PILOTIN     ,RP,0.9997
PIMPLE      ,SAS,0.996
PIN         ,CB,0.5688
PINAROC     ,RP,0.9999
PING        ,GCA,0.7201
PINGA       ,RP,0.9976
PINGALI     ,SAS,1
PINGILI     ,SAS,1
PINGLE      ,SAS,0.8697
PINGOL      ,RP,1
PINGUL      ,RP,1
PINILI      ,RP,1
PINLAC      ,RP,0.9797
PINNAMANENI ,SAS,1
PINNAMARAJU ,SAS,1
PINNINTI    ,SAS,1
PINPIN      ,RP,0.9672
PINTAL      ,RP,0.7407
PINUELA     ,RP,0.8974
PINYO       ,TH,1
PIOL        ,RP,0.9667
PIOQUINTO   ,RP,0.5746
PIOUS       ,SAS,0.7473
PIPLANI     ,SAS,1
PIRACHA     ,SAS,0.9357
PIRANI      ,SAS,0.7668
PIRING      ,RP,0.8743
PIRWANI     ,SAS,0.9167
PIRZAD      ,AF,0.7143
PIRZADA     ,SAS,0.9736
PISE        ,SAS,0.9995
PISHARODY   ,SAS,1
PISIPATI    ,SAS,1
PISO        ,RP,0.5079
PISUPATI    ,SAS,1
PITALE      ,SAS,0.9707
PITCHAI     ,SAS,0.9344
PITHADIA    ,SAS,1
PITPIT      ,RP,0.9999
PITTALA     ,SAS,0.9039
PIYA        ,NP,0.913
PLACHETA    ,RP,0.8
PLACIDES    ,RP,0.9995
PLAHA       ,SAS,1
PLAMENCO    ,RP,1
PLAN        ,RP,0.7165
PLANG       ,CB,0.6363
PLANTA      ,RP,0.7737
PLANTILLA   ,RP,1
PLATON      ,RP,0.6219
PLAZO       ,RP,0.9575
PLETA       ,RP,0.9636
PLONG       ,CB,0.9483
PLUMBER     ,SAS,0.6955
PNG         ,SN,0.6129
POBLACION   ,RP,0.9998
POBLADOR    ,RP,0.8554
POBLETE     ,RP,0.7491
POBRE       ,RP,1
POCHA       ,SAS,0.6502
POCHIRAJU   ,SAS,1
PODDAR      ,SAS,0.9856
PODDER      ,SAS,1
PODDUTURI   ,SAS,1
PODILA      ,SAS,1
PODURI      ,SAS,1
PODUVAL     ,SAS,1
POENG       ,CB,0.92
POEUN       ,CB,0.7304
POEUNG      ,CB,0.7664
POGULA      ,SAS,1
POHAN       ,BIA,0.9541
POJAS       ,RP,0.9103
POK         ,CB,0.6276
POKALA      ,SAS,1
POKHAREL    ,NP,0.8712
POKHREL     ,NP,0.5
POKWAL      ,BT,0.7419
POLA        ,SAS,0.5185
POLAD       ,SAS,0.5636
POLANI      ,SAS,0.9035
POLASH      ,SAS,0.7516
POLAVARAPU  ,SAS,1
POLENDEY    ,RP,0.9995
POLEPALLI   ,SAS,1
POLICAR     ,RP,0.6983
POLICARPIO  ,RP,0.982
POLIDO      ,RP,0.6549
POLINENI    ,SAS,1
POLINTAN    ,RP,0.9856
POLISETTI   ,SAS,1
POLISETTY   ,SAS,1
POLU        ,SAS,0.8676
POLURI      ,SAS,1
POLVOROSA   ,RP,0.9919
POLY        ,SAS,0.701
POM         ,CB,0.7136
POMER       ,RP,0.5723
PON         ,GCA,0.6206
PONDA       ,SAS,0.8506
PONFERRADA  ,RP,0.8696
PONG        ,GCA,0.6759
PONGOS      ,RP,1
PONIENTE    ,RP,0.8885
PONIO       ,RP,0.9999
PONN        ,CB,0.6525
PONNA       ,SAS,0.9999
PONNADA     ,SAS,1
PONNAGANTI  ,SAS,1
PONNALA     ,SAS,1
PONNAM      ,SAS,1
PONNAMBALAM ,SAS,0.6571
PONNAPALLI  ,SAS,1
PONNIAH     ,SAS,0.5319
PONNURU     ,SAS,1
PONNUSAMY   ,SAS,0.9496
PONNUSWAMY  ,SAS,1
PONO        ,RP,0.9406
PONRAJ      ,SAS,1
PONTILLAS   ,RP,1
PONTINO     ,RP,0.9993
PONUGOTI    ,SAS,1
POOJARI     ,SAS,1
POOJARY     ,SAS,1
POOLA       ,SAS,0.9365
POON        ,GCA,0.8574
POONAWALA   ,SAS,1
POONAWALLA  ,SAS,1
POONI       ,SAS,0.8534
POONIA      ,SAS,0.9423
POONJA      ,SAS,0.75
POPAL       ,AF,0.9312
POPALZAI    ,AF,0.8169
POPAT       ,SAS,0.5321
POPATIA     ,SAS,0.6744
POPLI       ,SAS,0.9615
POPOY       ,RP,0.9636
POPURI      ,SAS,1
POQUIZ      ,RP,1
POR         ,CB,0.7299
PORCIUNCULA ,RP,0.878
POREDDY     ,SAS,1
PORLAS      ,RP,0.9373
PORN        ,CB,0.6388
PORTACIO    ,RP,0.7826
PORTANTE    ,RP,0.5907
PORTIN      ,RP,0.5859
PORTUGUES   ,RP,0.5372
PORWAL      ,SAS,1
POS         ,CB,0.5643
POSANI      ,SAS,0.8881
POSCABLO    ,RP,0.9999
POSERIO     ,RP,1
POSIS       ,RP,1
POSO        ,RP,0.6176
POT         ,CB,0.553
POTDAR      ,SAS,1
POTENCIANO  ,RP,0.7208
POTENTE     ,RP,0.6817
POTHARAJU   ,SAS,1
POTHEN      ,SAS,0.9737
POTHINENI   ,SAS,1
POTHIREDDY  ,SAS,1
POTHUKUCHI  ,SAS,1
POTHULA     ,SAS,1
POTHURAJU   ,SAS,1
POTHURI     ,SAS,1
POTINENI    ,SAS,1
POTLA       ,SAS,1
POTLURI     ,SAS,1
POTNIS      ,SAS,1
POTNURU     ,SAS,1
POTTI       ,SAS,1
POTTURI     ,SAS,1
POTU        ,SAS,1
POTULA      ,SAS,1
POUDEL      ,NP,0.7163
POUDYAL     ,NP,0.8881
POUDYEL     ,BT,0.7706
POULOSE     ,SAS,1
POUV        ,CB,0.9999
POUW        ,BIA,0.5475
POV         ,CB,0.8376
POWAR       ,SAS,0.875
POY         ,CB,0.5032
POYAOAN     ,RP,1
POZON       ,RP,0.9999
PRABAKAR    ,SAS,0.9088
PRABAKARAN  ,SAS,0.9407
PRABHA      ,SAS,1
PRABHAKAR   ,SAS,0.9713
PRABHAKARA  ,SAS,0.9483
PRABHAKARAN ,SAS,0.9787
PRABHALA    ,SAS,1
PRABHU      ,SAS,0.98
PRABHUDESAI ,SAS,1
PRABHUNE    ,SAS,1
PRABOWO     ,BIA,0.92
PRABU       ,SAS,0.9983
PRACH       ,CB,0.6606
PRADEEP     ,SAS,0.9993
PRADES      ,RP,0.5143
PRADHANANGA ,NP,0.902
PRAHALAD    ,SAS,0.5111
PRAHLAD     ,SAS,0.8611
PRAJAPATI   ,SAS,0.8993
PRAK        ,CB,0.8632
PRAKASAM    ,SAS,1
PRAKASH     ,SAS,0.7309
PRAMANIK    ,SAS,0.984
PRAMOD      ,SAS,0.9988
PRAMONO     ,BIA,0.806
PRANATA     ,BIA,0.8904
PRANOTO     ,BIA,0.8205
PRASAI      ,NP,0.7546
PRASANNA    ,SAS,0.9794
PRASANTH    ,SAS,0.9942
PRASASOUK   ,LA,1
PRASERT     ,TH,0.9107
PRASETYA    ,BIA,1
PRASETYO    ,BIA,0.9016
PRASEUTH    ,LA,0.8902
PRASHANT    ,SAS,1
PRASHANTH   ,SAS,0.9975
PRASHAR     ,SAS,0.95
PRASHER     ,SAS,0.8068
PRASITH     ,LA,1
PRASLA      ,SAS,1
PRATAMA     ,BIA,0.9107
PRATHIPATI  ,SAS,1
PRATTI      ,SAS,0.504
PRATTIPATI  ,SAS,1
PRAVEEN     ,SAS,0.9972
PRAVIN      ,SAS,0.7332
PRAVONGVIENG,LA,1
PRAWIRA     ,BIA,0.8776
PRAYAGA     ,SAS,1
PRE         ,RP,0.7358
PREAM       ,CB,0.9326
PREAP       ,CB,0.8402
PREET       ,SAS,1
PREM        ,SAS,0.5215
PREMA       ,SAS,0.5849
PREMJEE     ,SAS,1
PREMKUMAR   ,SAS,0.9832
PREMNATH    ,SAS,0.8749
PREMRAJ     ,SAS,0.5349
PRESBITERO  ,RP,0.9883
PRESCO      ,RP,0.6386
PRESTO      ,RP,0.6982
PRESTOSA    ,RP,1
PRIBADI     ,BIA,0.9083
PRIJOLES    ,RP,1
PRIL        ,CB,0.9927
PRIMACIO    ,RP,0.8041
PRIMICIAS   ,RP,0.999
PRIMITIVO   ,RP,0.6769
PRINCIPIO   ,RP,0.7235
PRIYA       ,SAS,0.9612
PRIYADARSHI ,SAS,0.9595
PRIYADARSHIN,SAS,1
PRODHAN     ,SAS,1
PRODIGALIDAD,RP,0.9992
PROEUN      ,CB,0.8122
PROEUNG     ,CB,0.8377
PROFETA     ,RP,0.5097
PROK        ,CB,0.5709
PROM        ,CB,0.8033
PRONTO      ,RP,0.9318
PROTACIO    ,RP,1
PROVIDO     ,RP,1
PRUDENTE    ,RP,0.5579
PRUM        ,CB,0.8638
PRUSTY      ,SAS,1
PRUTHI      ,SAS,0.8571
PU          ,GCA,0.8576
PUA         ,RP,0.5618
PUAR        ,SAS,0.9089
PUBLICO     ,RP,0.9999
PUDASAINI   ,NP,1
PUDOTA      ,SAS,1
PUEBLO      ,RP,0.8224
PUEBLOS     ,RP,0.9996
PUERTOLLANO ,RP,1
PUGAL       ,RP,0.9981
PUGAY       ,RP,0.9583
PUGEDA      ,RP,1
PUIA        ,BM,0.5096
PUIH        ,VM,1
PUII        ,BM,0.9259
PUJARA      ,SAS,0.9748
PUJARI      ,SAS,1
PUJJI       ,SAS,0.9062
PULAMI      ,BT,0.697
PULANCO     ,RP,0.9993
PULI        ,SAS,0.9457
PULICKAL    ,SAS,0.9434
PULIPAKA    ,SAS,1
PULIPATI    ,SAS,1
PULLELA     ,SAS,0.9577
PULLON      ,RP,0.6656
PULLURU     ,SAS,1
PULMANO     ,RP,1
PUMARADA    ,RP,0.5312
PUN         ,GCA,0.7111
PUNAY       ,RP,1
PUNIA       ,SAS,0.9717
PUNJ        ,SAS,0.9293
PUNJA       ,SAS,0.5517
PUNJABI     ,SAS,0.9076
PUNJANI     ,SAS,0.9341
PUNJWANI    ,SAS,1
PUNLA       ,RP,0.9998
PUNNOOSE    ,SAS,0.9375
PUNO        ,RP,0.9654
PUNONGBAYAN ,RP,0.9406
PUNSAL      ,RP,1
PUNSALAN    ,RP,1
PUNSALANG   ,RP,1
PUNTO       ,RP,0.5384
PUNUKOLLU   ,SAS,1
PUNWANI     ,SAS,1
PUNZAL      ,RP,0.9691
PUNZALAN    ,RP,0.9871
PUPPALA     ,SAS,1
PURA        ,RP,0.7166
PURAM       ,SAS,1
PURANAM     ,SAS,1
PURANDARE   ,SAS,1
PURANI      ,SAS,1
PURANIK     ,SAS,1
PURBA       ,BIA,0.7014
PUREVDORJ   ,MG,1
PUREVSUREN  ,MG,1
PUREWAL     ,SAS,0.8403
PUREZA      ,RP,0.873
PURGANAN    ,RP,0.9999
PURI        ,SAS,0.8646
PURIFICACION,RP,1
PURISIMA    ,RP,0.9997
PURKAYASTHA ,SAS,1
PURNAMA     ,BIA,0.9208
PURNOMO     ,BIA,0.8876
PUROHIT     ,SAS,0.9389
PURSWANI    ,SAS,0.8666
PURUGGANAN  ,RP,0.9997
PURUSHOTHAM ,SAS,1
PURUSHOTHAMA,SAS,1
PURVEE      ,MG,0.7126
PURWANTO    ,BIA,0.8861
PURWAR      ,SAS,1
PUSAPATI    ,SAS,1
PUSULURI    ,SAS,1
PUTCHA      ,SAS,1
PUTERA      ,BIA,0.8468
PUTH        ,CB,0.8921
PUTHAWALA   ,SAS,1
PUTHENPURACK,SAS,1
PUTHENPURAYI,SAS,1
PUTHENVEETIL,SAS,1
PUTHRAN     ,SAS,1
PUTHUSSERIL ,SAS,1
PUTRA       ,BIA,0.8977
PUTREVU     ,SAS,1
PUTRI       ,BIA,0.9483
PUTRO       ,BIA,0.6764
PUTTA       ,SAS,0.9845
PUTTAGUNTA  ,SAS,0.957
PUTTASWAMY  ,SAS,1
PUTTI       ,SAS,0.8746
PUVVADA     ,SAS,1
PUY         ,CB,0.7878
PUYAT       ,RP,1
PUYOT       ,RP,0.9309
PUZON       ,RP,0.9485
PWE         ,BM,0.7255
PYAKUREL    ,NP,0.578
PYARALI     ,SAS,1
PYLA        ,SAS,0.9927
PYO         ,XK,0.9118
PYON        ,XK,0.9908
PYU         ,BM,0.8033
PYUN        ,XK,0.9807
QADEER      ,SAS,0.9301
QADERI      ,AF,0.7403
QADIR       ,SAS,0.7883
QADIRI      ,AF,0.7167
QADRI       ,SAS,0.8609
QAISAR      ,SAS,0.9294
QAISER      ,SAS,0.9843
QAMAR       ,SAS,0.9538
QARIZADA    ,AF,0.9211
QASEMI      ,AF,0.9107
QASIM       ,SAS,0.5768
QASIMI      ,AF,0.875
QASMI       ,SAS,0.8627
QAVI        ,SAS,0.9991
QAWI        ,SAS,0.9485
QAYUM       ,SAS,0.75
QAYUMI      ,AF,0.9152
QAYYUM      ,SAS,0.9731
QAZI        ,SAS,0.8944
QI          ,GCA,0.9941
QIAN        ,GCA,0.994
QIANG       ,GCA,1
QIAO        ,GCA,0.9941
QIDWAI      ,SAS,0.9272
QIN         ,GCA,0.986
QING        ,GCA,1
QIU         ,GCA,0.9864
QU          ,GCA,0.9943
QUA         ,RP,0.6851
QUACH       ,VM,0.9061
QUADER      ,SAS,0.9198
QUADIR      ,SAS,0.8553
QUADRA      ,RP,0.7498
QUADRI      ,SAS,0.7935
QUAH        ,MY,0.625
QUANG       ,VM,0.8453
QUASEM      ,SAS,0.8
QUAYUM      ,SAS,0.9
QUAZI       ,SAS,1
QUDDUS      ,SAS,0.8919
QUDDUSI     ,SAS,0.9268
QUDUS       ,AF,0.7742
QUE         ,RP,0.7108
QUEBEC      ,RP,0.9306
QUEBRAL     ,RP,0.9995
QUEDDING    ,RP,1
QUEJA       ,RP,0.9999
QUEJADA     ,RP,0.931
QUEJADO     ,RP,0.9999
QUEK        ,SN,0.6846
QUEMA       ,RP,1
QUEMADO     ,RP,0.9611
QUEMUEL     ,RP,0.9997
QUERAL      ,RP,0.5676
QUERIDO     ,RP,0.6342
QUERIJERO   ,RP,1
QUERIMIT    ,RP,0.9388
QUEROL      ,RP,0.5538
QUERUBIN    ,RP,0.9398
QUEYQUEP    ,RP,1
QUEZON      ,RP,0.9829
QUI         ,GCA,0.5068
QUIACHON    ,RP,1
QUIAMAS     ,RP,1
QUIAMBAO    ,RP,0.9966
QUIAMCO     ,RP,1
QUIAOIT     ,RP,1
QUIATCHON   ,RP,1
QUIAZON     ,RP,1
QUIBA       ,RP,1
QUIBAN      ,RP,0.9995
QUIBILAN    ,RP,0.9999
QUIBOLOY    ,RP,1
QUIBUYEN    ,RP,1
QUICHO      ,RP,1
QUIDILLA    ,RP,0.9998
QUIEN       ,RP,0.8756
QUILA       ,RP,0.6364
QUILALA     ,RP,1
QUILALANG   ,RP,0.9987
QUILANG     ,RP,1
QUILANTANG  ,RP,0.983
QUILAO      ,RP,1
QUILATAN    ,RP,1
QUILATON    ,RP,0.8824
QUILING     ,RP,1
QUILIT      ,RP,0.9741
QUILLO      ,RP,0.9214
QUILLOPO    ,RP,0.9918
QUILON      ,RP,0.9989
QUIMBO      ,RP,1
QUIMING     ,RP,0.9991
QUIMPO      ,RP,0.9999
QUIMSON     ,RP,1
QUINA       ,RP,0.5949
QUINANOLA   ,RP,0.9298
QUINDARA    ,RP,1
QUINDIAGAN  ,RP,0.9999
QUINDOY     ,RP,0.9994
QUINES      ,RP,1
QUINI       ,RP,0.7547
QUINIO      ,RP,0.8533
QUINIONES   ,RP,0.9933
QUINIT      ,RP,0.9038
QUINSAAT    ,RP,0.9434
QUINSAY     ,RP,1
QUINTANS    ,RP,0.5972
QUINTO      ,RP,0.6592
QUINTONG    ,RP,0.8528
QUINTOS     ,RP,0.8793
QUINTUA     ,RP,0.9959
QUINZON     ,RP,0.9933
QUIOCHO     ,RP,0.9542
QUIOGUE     ,RP,1
QUION       ,RP,0.9524
QUIRANTE    ,RP,0.9809
QUIRAY      ,RP,1
QUIRIMIT    ,RP,0.9464
QUIRIT      ,RP,0.9869
QUISMORIO   ,RP,0.9997
QUISMUNDO   ,RP,1
QUISOL      ,RP,0.9908
QUISUMBING  ,RP,1
QUITALIG    ,RP,1
QUITASOL    ,RP,0.9969
QUITAZOL    ,RP,1
QUITEVIS    ,RP,0.9936
QUITIQUIT   ,RP,0.9778
QUITLONG    ,RP,1
QUITON      ,RP,0.9781
QUITORIANO  ,RP,0.9696
QUIWA       ,RP,1
QUIZA       ,RP,0.6888
QUIZON      ,RP,0.9888
QUOC        ,VM,0.8
QUOCK       ,GCA,0.7356
QUON        ,GCA,0.7815
QUONG       ,GCA,0.6883
QURAISHI    ,SAS,0.8023
QURAISHY    ,SAS,0.5484
QURASHI     ,SAS,0.8661
QURESHI     ,SAS,0.9173
QUY         ,VM,0.8972
RA          ,XK,0.8378
RAAGAS      ,RP,1
RAAVI       ,SAS,1
RAB         ,SAS,0.7109
RABACA      ,RP,0.911
RABACAL     ,RP,0.9813
RABAINO     ,RP,0.9866
RABAJA      ,RP,0.994
RABANAL     ,RP,0.6538
RABANES     ,RP,0.9378
RABANG      ,RP,0.9635
RABANO      ,RP,0.9996
RABARA      ,RP,0.9177
RABAYA      ,RP,1
RABBANI     ,SAS,0.5866
RABBI       ,SAS,0.8963
RABBY       ,SAS,0.6743
RABENA      ,RP,0.9667
RABINA      ,RP,0.7745
RABINO      ,RP,0.8785
RABO        ,RP,0.6507
RABOR       ,RP,0.9998
RABOT       ,RP,0.7235
RABOY       ,RP,0.7713
RABULAN     ,RP,1
RABUSA      ,RP,1
RABUT       ,RP,0.5785
RACADIO     ,RP,0.9491
RACAN       ,RP,0.7813
RACAZA      ,RP,1
RACCA       ,RP,0.5586
RACELA      ,RP,0.9995
RACELES     ,RP,0.8679
RACELIS     ,RP,0.9782
RACHA       ,SAS,0.9993
RACHAKONDA  ,SAS,1
RACHAMALLA  ,SAS,1
RACHAPUDI   ,SAS,1
RACHERLA    ,SAS,1
RACHMAN     ,BIA,0.6655
RACHMAT     ,BIA,0.918
RACHO       ,RP,0.9639
RACIMO      ,RP,0.9996
RACOMA      ,RP,0.993
RACPAN      ,RP,1
RADADIA     ,SAS,1
RADAM       ,RP,0.9999
RADHA       ,SAS,0.9302
RADHAKRISHNA,SAS,0.9817
RADIA       ,SAS,0.5229
RADOC       ,RP,1
RADONA      ,RP,1
RADOVAN     ,RP,0.853
RAEES       ,SAS,0.8116
RAFAL       ,RP,0.5037
RAFANAN     ,RP,0.9997
RAFAY       ,SAS,0.9812
RAFEEQ      ,SAS,0.6047
RAFER       ,RP,0.997
RAFI        ,SAS,0.6908
RAFIQ       ,SAS,0.7739
RAFIQI      ,AF,0.6885
RAFIQUE     ,SAS,0.9398
RAFIUDDIN   ,SAS,0.6939
RAFLORES    ,RP,1
RAFOL       ,RP,1
RAFOLS      ,RP,0.8723
RAGADIO     ,RP,1
RAGANIT     ,RP,0.9995
RAGASA      ,RP,0.9921
RAGAVAN     ,SAS,0.75
RAGAY       ,RP,0.8913
RAGAZA      ,RP,0.9998
RAGEL       ,RP,0.7482
RAGHAV      ,SAS,1
RAGHAVAN    ,SAS,0.9544
RAGHAVENDRA ,SAS,1
RAGHAVENDRAN,SAS,1
RAGHU       ,SAS,0.8418
RAGHUNATH   ,SAS,0.5034
RAGHUNATHAN ,SAS,1
RAGHUPATHI  ,SAS,1
RAGHUPATHY  ,SAS,1
RAGHURAM    ,SAS,1
RAGHURAMAN  ,SAS,1
RAGHUVANSHI ,SAS,1
RAGHUWANSHI ,SAS,1
RAGI        ,SAS,0.8205
RAGONTON    ,RP,0.8979
RAGOS       ,RP,0.9995
RAGSAC      ,RP,0.9005
RAGUAL      ,RP,1
RAGUDO      ,RP,0.9985
RAGUDOS     ,RP,0.9998
RAGUINDIN   ,RP,1
RAGUINE     ,RP,1
RAGUINI     ,RP,0.9997
RAGUNATHAN  ,SAS,0.9036
RAGUNTON    ,RP,0.8999
RAGUS       ,RP,0.7433
RAH         ,XK,0.6573
RAHA        ,SAS,0.8828
RAHARDJA    ,BIA,0.9018
RAHARDJO    ,BIA,0.8782
RAHARJO     ,BIA,0.898
RAHAT       ,SAS,0.6695
RAHAYU      ,BIA,0.9254
RAHEEL      ,SAS,0.8228
RAHEJA      ,SAS,1
RAHI        ,SAS,0.5355
RAHIN       ,AF,0.6562
RAHLAN      ,VM,0.98740000000000006
RAHMAN      ,SAS,0.8701
RAHMANY     ,AF,0.7272
RAHMANZAI   ,AF,0.8157
RAHMATULLAH ,SAS,0.8362
RAHUL       ,SAS,1
RAICHUR     ,SAS,1
RAICHURA    ,SAS,0.5294
RAIHAN      ,SAS,0.875
RAIKAR      ,SAS,1
RAIKER      ,SAS,0.9722
RAINA       ,SAS,0.9295
RAISINGHANI ,SAS,1
RAITHATHA   ,SAS,0.878
RAIZADA     ,SAS,1
RAJ         ,SAS,0.7339
RAJA        ,SAS,0.8684
RAJABALI    ,SAS,0.6471
RAJADHYAKSHA,SAS,1
RAJADURAI   ,SAS,0.541
RAJAGOPAL   ,SAS,0.9623
RAJAGOPALAN ,SAS,0.9732
RAJAKUMAR   ,SAS,0.7891
RAJAMANI    ,SAS,0.9872
RAJAMANICKAM,SAS,0.9672
RAJAMOHAN   ,SAS,1
RAJAN       ,SAS,0.9038
RAJANALA    ,SAS,1
RAJANI      ,SAS,0.8311
RAJANNA     ,SAS,1
RAJAPAKSA   ,CE,1
RAJAPAKSE   ,CE,0.9455
RAJAPPA     ,SAS,1
RAJAPPAN    ,SAS,1
RAJARAM     ,SAS,0.7934
RAJARAMAN   ,SAS,1
RAJARATHINAM,SAS,1
RAJARATNAM  ,CE,0.5536
RAJASEKAR   ,SAS,1
RAJASEKARAN ,SAS,1
RAJASEKHAR  ,SAS,1
RAJASEKHARAN,SAS,1
RAJASHEKAR  ,SAS,1
RAJBHANDARI ,NP,0.9502
RAJBHANDARY ,NP,0.8793
RAJDEV      ,SAS,0.925
RAJE        ,SAS,0.9827
RAJEEV      ,SAS,0.9999
RAJENDIRAN  ,SAS,1
RAJENDRA    ,SAS,0.6389
RAJENDRAN   ,SAS,0.9633
RAJESH      ,SAS,0.9896
RAJESWARAN  ,SAS,0.678
RAJGOPAL    ,SAS,1
RAJGURU     ,SAS,0.8515
RAJIV       ,SAS,0.9997
RAJKARNIKAR ,NP,0.9111
RAJMOHAN    ,SAS,0.8541
RAJPAL      ,SAS,0.8954
RAJPARA     ,SAS,0.8197
RAJPOOT     ,SAS,0.8519
RAJPUROHIT  ,SAS,1
RAJPUT      ,SAS,0.9392
RAJU        ,SAS,0.9074
RAJVANSHI   ,SAS,1
RAJVONG     ,LA,0.825
RAJWANI     ,SAS,0.8531
RAJYAGURU   ,SAS,0.8764
RAKESH      ,SAS,0.9998
RAKHOLIA    ,SAS,1
RAKHRA      ,SAS,0.84
RAKIB       ,SAS,0.6604
RAKKAR      ,SAS,1
RAKSHIT     ,SAS,1
RALH        ,SAS,0.9995
RALHAN      ,SAS,0.9552
RALLABANDI  ,SAS,1
RALLAPALLI  ,SAS,1
RALLI       ,SAS,0.5013
RALLOS      ,RP,1
RAMABADRAN  ,SAS,1
RAMAC       ,RP,0.9999
RAMACHANDRA ,SAS,0.9629
RAMACHANDRAN,SAS,0.9671
RAMADAS     ,SAS,0.9674
RAMADASS    ,SAS,1
RAMADOSS    ,SAS,1
RAMADUGU    ,SAS,1
RAMADURAI   ,SAS,1
RAMAGIRI    ,SAS,1
RAMAIAH     ,SAS,0.9235
RAMAIYA     ,SAS,0.5909
RAMAKRISHNA ,SAS,0.9879
RAMAKRISHNAN,SAS,0.9549
RAMALINGAM  ,SAS,0.9283
RAMAMOORTHY ,SAS,1
RAMAMURTHI  ,SAS,1
RAMAMURTHY  ,SAS,0.9919
RAMAN       ,SAS,0.8517
RAMANA      ,SAS,0.8333
RAMANAN     ,SAS,0.83
RAMANATH    ,SAS,1
RAMANATHAN  ,SAS,0.937
RAMANI      ,SAS,0.927
RAMANNA     ,SAS,1
RAMANUJAM   ,SAS,0.9736
RAMANUJAN   ,SAS,1
RAMAPRASAD  ,SAS,1
RAMAR       ,SAS,0.8657
RAMARAJ     ,SAS,1
RAMARAJU    ,SAS,1
RAMARAO     ,SAS,1
RAMAS       ,RP,0.7872
RAMASAHAYAM ,SAS,1
RAMASAMY    ,SAS,0.913
RAMASUBBU   ,SAS,1
RAMASUBRAMAN,SAS,1
RAMASWAMI   ,SAS,1
RAMASWAMY   ,SAS,0.9901
RAMAT       ,RP,0.7427
RAMAY       ,SAS,0.7407
RAMAYANAM   ,SAS,1
RAMBAUD     ,RP,0.5551
RAMBHIA     ,SAS,1
RAMCHANDANI ,SAS,0.8492
RAMCHANDRAN ,SAS,0.9302
RAMEL       ,RP,0.5834
RAMELB      ,RP,0.9839
RAMENTO     ,RP,0.9991
RAMESH      ,SAS,0.9282
RAMESHBABU  ,SAS,1
RAMESHKUMAR ,SAS,0.9538
RAMGOPAL    ,SAS,0.7241
RAMI        ,SAS,0.6739
RAMIAH      ,SAS,0.6383
RAMIDI      ,SAS,1
RAMIL       ,RP,0.8325
RAMILO      ,RP,0.9309
RAMINENI    ,SAS,1
RAMINI      ,SAS,1
RAMIREDDY   ,SAS,1
RAMIRO      ,RP,0.6838
RAMISCAL    ,RP,0.966
RAMISETTY   ,SAS,1
RAMISH      ,AF,0.8935
RAMKUMAR    ,SAS,0.6569
RAMLI       ,MY,0.6766
RAMMOHAN    ,SAS,1
RAMNANI     ,SAS,0.8043
RAMOLA      ,SAS,0.658
RAMOLETE    ,RP,0.897
RAMOLIA     ,SAS,1
RAMONES     ,RP,0.7829
RAMORAN     ,RP,1
RAMOSJR     ,RP,0.8341
RAMOSO      ,RP,1
RAMPA       ,SAS,0.5251
RAMPAL      ,SAS,0.7654
RAMPALLI    ,SAS,1
RAMU        ,SAS,0.8811
RAMZAN      ,SAS,0.8235
RAMZANALI   ,SAS,0.9178
RAN         ,GCA,0.6206
RANA        ,SAS,0.8258
RANABHAT    ,NP,1
RANADA      ,RP,1
RANADE      ,SAS,0.9752
RANADIVE    ,SAS,1
RANAMAGAR   ,NP,0.6538
RANAN       ,RP,0.8063
RANARIO     ,RP,1
RANASINGHE  ,CE,0.9208
RANATUNGA   ,CE,1
RANAWEERA   ,CE,0.9238
RANCES      ,RP,1
RANCHES     ,RP,0.9993
RANCHEZ     ,RP,1
RANDERIA    ,SAS,1
RANDEV      ,SAS,0.8511
RANDHAWA    ,SAS,0.9254
RANDRUP     ,RP,0.6269
RANE        ,SAS,0.9749
RANESES     ,RP,1
RANGA       ,SAS,0.8054
RANGACHARI  ,SAS,1
RANGAN      ,SAS,0.9527
RANGANATH   ,SAS,1
RANGANATHAN ,SAS,0.9807
RANGARAJ    ,SAS,1
RANGARAJAN  ,SAS,1
RANGARAJU   ,SAS,1
RANGASAMY   ,SAS,0.8662
RANGASWAMI  ,SAS,1
RANGASWAMY  ,SAS,1
RANGI       ,SAS,0.8417
RANGINENI   ,SAS,1
RANGINWALA  ,SAS,0.9189
RANGNEKAR   ,SAS,1
RANGOONWALA ,SAS,1
RANGWALA    ,SAS,1
RANI        ,SAS,0.9852
RANIA       ,SAS,0.535
RANIT       ,RP,0.9993
RANJAN      ,SAS,0.9633
RANJHA      ,SAS,1
RANJIT      ,NP,0.5845
RANJITH     ,SAS,0.6407
RANJITKAR   ,NP,0.898
RANJO       ,RP,0.9999
RANKA       ,SAS,0.9364
RANOA       ,RP,0.9992
RANOLA      ,RP,1
RANON       ,RP,0.7655
RANOS       ,RP,0.9578
RANTE       ,RP,0.9953
RANTUNG     ,BIA,1
RANU        ,SAS,0.7239
RAO         ,SAS,0.8613
RAOL        ,SAS,1
RAPACON     ,RP,0.9606
RAPADA      ,RP,0.9727
RAPADAS     ,RP,0.9984
RAPAKA      ,SAS,1
RAPANAN     ,RP,1
RAPANOT     ,RP,0.9262
RAPANUT     ,RP,1
RAPARLA     ,SAS,1
RAPISURA    ,RP,0.9974
RAPOLU      ,SAS,1
RAPOSAS     ,RP,0.9997
RAQIB       ,SAS,0.5903
RAQUEDAN    ,RP,0.9995
RAQUEL      ,RP,0.8931
RAQUENO     ,RP,0.9583
RAQUEPO     ,RP,1
RAQUIDAN    ,RP,1
RAQUINIO    ,RP,0.9988
RAQUINO     ,RP,0.9999
RAQUIZA     ,RP,0.9999
RARA        ,RP,0.9545
RARANG      ,RP,0.9998
RARANGOL    ,RP,1
RARAS       ,RP,0.9994
RAROGAL     ,RP,1
RASAILY     ,BT,0.6378
RASALAN     ,RP,1
RASAVONG    ,LA,0.8319
RASAY       ,RP,1
RASEL       ,SAS,0.9618
RASHDI      ,SAS,1
RASHEED     ,SAS,0.5334
RASHID      ,SAS,0.6871
RASHIDZADA  ,AF,0.9997
RASIAH      ,CE,0.7313
RASING      ,RP,0.9961
RASOLI      ,AF,0.5666
RASOOL      ,SAS,0.7485
RASOOLI     ,AF,0.6857
RASQUINHA   ,SAS,1
RASSAVONG   ,LA,1
RASTOGI     ,SAS,0.9574
RASULI      ,AF,0.9101
RATAKONDA   ,SAS,1
RATAN       ,SAS,0.8696
RATANA      ,TH,0.7625
RATANI      ,SAS,1
RATHEE      ,SAS,1
RATHI       ,SAS,0.9645
RATHIE      ,SAS,0.6755
RATHINAM    ,SAS,1
RATHINASAMY ,SAS,1
RATHNAM     ,SAS,0.9158
RATHNAYAKE  ,CE,1
RATHOD      ,SAS,0.9254
RATHOR      ,SAS,1
RATHORE     ,SAS,0.99
RATHOUR     ,SAS,0.9999
RATNA       ,SAS,0.7288
RATNAM      ,SAS,0.6036
RATNANI     ,SAS,1
RATNAYAKE   ,CE,0.9545
RATRA       ,SAS,1
RATSAMY     ,LA,0.9331
RATSAVONG   ,LA,0.9651
RATTANA     ,LA,0.78
RATTANAVONG ,LA,0.973
RATTANI     ,SAS,0.8542
RATTU       ,SAS,0.7475
RATUITA     ,RP,1
RATURI      ,SAS,1
RATWANI     ,SAS,0.9999
RAUF        ,SAS,0.8674
RAUFI       ,AF,0.7955
RAUL        ,SAS,0.545
RAUNIYAR    ,NP,0.7903
RAUSA       ,RP,0.6394
RAUT        ,SAS,0.6916
RAVADA      ,SAS,0.9048
RAVAGO      ,RP,0.9412
RAVAL       ,SAS,0.865
RAVANA      ,RP,0.9918
RAVANI      ,SAS,0.5975
RAVARRA     ,RP,0.9998
RAVEENDRAN  ,SAS,0.8582
RAVELA      ,SAS,0.6042
RAVELLA     ,SAS,0.9544
RAVI        ,SAS,0.9744
RAVICHANDRAN,SAS,0.9526
RAVIDA      ,RP,0.6482
RAVIKUMAR   ,SAS,0.9869
RAVILLA     ,SAS,1
RAVINA      ,RP,0.5304
RAVINDRA    ,SAS,0.9355
RAVINDRAN   ,SAS,0.9119
RAVINDRANATH,SAS,0.9689
RAVIPATI    ,SAS,1
RAVISANKAR  ,SAS,1
RAVISHANKAR ,SAS,0.9727
RAVULA      ,SAS,0.987
RAVURI      ,SAS,1
RAVVA       ,SAS,1
RAWAL       ,SAS,0.8293
RAWAT       ,SAS,0.9491
RAYALA      ,SAS,0.6226
RAYAMAJHI   ,NP,0.9348
RAYANI      ,SAS,0.8161
RAYAPATI    ,SAS,1
RAYAPPA     ,SAS,1
RAYAPROLU   ,SAS,1
RAYAPUDI    ,SAS,1
RAYASAM     ,SAS,1
RAYAVARAPU  ,SAS,1
RAYCHAUDHUR ,SAS,1
RAYCHAUDHURI,SAS,1
RAYHAN      ,SAS,0.8813
RAYMUNDO    ,RP,0.5717
RAYOSDELSO  ,RP,0.9998
RAYRAY      ,RP,0.9946
RAYUDU      ,SAS,1
RAZA        ,SAS,0.8869
RAZAI       ,AF,0.9999
RAZAL       ,RP,1
RAZALAN     ,RP,1
RAZALI      ,MY,0.9016
RAZAQ       ,SAS,0.7605
RAZAWI      ,AF,0.9992
RAZDAN      ,SAS,1
RAZIA       ,SAS,1
RAZIQ       ,SAS,0.5789
RAZIUDDIN   ,SAS,0.9997
RAZON       ,RP,0.8065
RAZOTE      ,RP,1
RAZVI       ,SAS,0.9076
RAZZAK      ,SAS,0.8811
RAZZAQ      ,SAS,0.8976
RAZZAQUE    ,SAS,0.9421
RCOM        ,VM,0.9648
REACH       ,CB,0.5203
REALICA     ,RP,1
REALIN      ,RP,0.8144
REALINA     ,RP,1
REAN        ,CB,0.6467
REANTASO    ,RP,0.9999
REBALDO     ,RP,0.8967
REBEIRO     ,SAS,0.5986
REBOJA      ,RP,1
REBOLA      ,RP,0.5413
REBOLLIDO   ,RP,0.8038
REBONG      ,RP,1
REBOSURA    ,RP,1
REBOTON     ,RP,0.9993
REBUGIO     ,RP,0.9375
REBULTAN    ,RP,0.9998
REBURIANO   ,RP,1
RECAIDO     ,RP,1
RECILE      ,RP,0.9761
RECINTO     ,RP,1
RECLA       ,RP,0.6476
RECLOSADO   ,RP,0.727
RECLUSADO   ,RP,0.9561
RECTO       ,RP,1
RED         ,RP,0.5874
REDAJA      ,RP,1
REDARD      ,RP,0.5851
REDDI       ,SAS,0.7907
REDDIVARI   ,SAS,1
REDDY       ,SAS,0.86
REDDYREDDY  ,SAS,1
REDILA      ,RP,1
REDKAR      ,SAS,1
REDOBLADO   ,RP,1
REDOBLE     ,RP,0.9611
REDONA      ,RP,0.779
REDOR       ,RP,1
REDOVAN     ,RP,0.9722
REDUBLO     ,RP,0.9143
REDULLA     ,RP,0.9999
REEHAL      ,SAS,1
REFORMADO   ,RP,0.9999
REFUERZO    ,RP,0.9815
REFUGIO     ,RP,0.5384
REGACHO     ,RP,1
REGALA      ,RP,0.947
REGALARIO   ,RP,1
REGASPI     ,RP,0.9997
REGE        ,SAS,0.944
REGENCIA    ,RP,1
REGI        ,SAS,0.7731
REGIDOR     ,RP,0.6433
REGINALDO   ,RP,0.9143
REGINIO     ,RP,0.9994
REGIO       ,RP,0.8
REGLOS      ,RP,1
REGMI       ,NP,0.7125
REGUA       ,RP,0.9785
REGUINDIN   ,RP,1
REH         ,BM,0.6759
REHAL       ,SAS,0.8251
REHAN       ,SAS,0.7699
REHANA      ,SAS,0.759
REHANI      ,SAS,0.6038
REHMAN      ,SAS,0.947
REHMANI     ,SAS,0.904
REHMAT      ,SAS,0.7808
REHMATULLAH ,SAS,1
REJANO      ,RP,0.7901
REJI        ,SAS,0.883
REJUSO      ,RP,1
REKHA       ,SAS,0.5934
REKHI       ,SAS,1
RELACION    ,RP,0.9584
RELAMPAGOS  ,RP,1
RELAN       ,SAS,0.9962
RELANO      ,RP,0.8213
RELE        ,SAS,1
RELLIN      ,RP,0.8542
RELLOSA     ,RP,1
RELOJ       ,RP,1
RELOS       ,RP,0.9989
RELOSA      ,RP,0.9998
RELOVA      ,RP,0.8447
RELUCIO     ,RP,1
REMA        ,SAS,0.5998
REMEDIO     ,RP,0.5083
REMENTILLA  ,RP,1
REMIAS      ,RP,0.5677
REMIGIO     ,RP,0.5137
REMO        ,RP,0.8689
REMOLLINO   ,RP,0.9902
REMULLA     ,RP,1
REN         ,GCA,0.9777
RENA        ,RP,0.5432
RENALES     ,RP,0.7105
RENDUCHINTAL,SAS,1
RENGANATHAN ,SAS,0.9073
RENGARAJAN  ,SAS,1
RENGASAMY   ,SAS,0.8862
RENON       ,RP,0.7846
REODICA     ,RP,1
REOLA       ,RP,0.977
REONAL      ,RP,1
REOTUTAR    ,RP,0.9999
REPAKA      ,SAS,1
REPALA      ,SAS,0.881
REPOLLO     ,RP,1
REPUYAN     ,RP,1
REQUILMAN   ,RP,0.9965
RESHAMWALA  ,SAS,1
RESIDE      ,RP,0.7612
RESMA       ,RP,0.9961
RESOLME     ,RP,0.9998
RESPICIO    ,RP,0.9984
RESTAURO    ,RP,1
RESTON      ,RP,0.5171
RESUELLO    ,RP,1
RESULTAY    ,RP,1
RESURRECCION,RP,0.9813
RETH        ,CB,0.7287
RETUTA      ,RP,1
RETUYA      ,RP,1
REVANKAR    ,SAS,1
REVIL       ,RP,0.7662
REVITA      ,RP,1
REYESJR     ,RP,0.6992
REYLA       ,RP,0.9998
REYNADO     ,RP,0.8474
REYNANTE    ,RP,0.9967
REYNES      ,RP,0.772
REYNO       ,RP,0.7398
REYNON      ,RP,0.9338
RHA         ,XK,1
RHAN        ,SAS,0.8916
RHEE        ,XK,0.969
RHEEM       ,XK,0.9503
RHI         ,XK,0.7907
RHIE        ,XK,1
RHIM        ,XK,0.9724
RHO         ,XK,0.9373
RHYU        ,XK,1
RIAR        ,SAS,0.9023
RIASAT      ,SAS,1
RIAT        ,SAS,0.7728
RIAZ        ,SAS,0.9552
RIBAO       ,RP,0.9991
RIBAYA      ,RP,0.9331
RIBERAL     ,RP,0.8777
RICABLANCA  ,RP,1
RICAFORT    ,RP,1
RICAFORTE   ,RP,1
RICAFRANCA  ,RP,1
RICAFRENTE  ,RP,0.9999
RICARTE     ,RP,0.5223
RICASA      ,RP,0.9997
RICASATA    ,RP,1
RIDAD       ,RP,0.9985
RIDAO       ,RP,0.79990000000000006
RIDWAN      ,BIA,0.74
RIE         ,XK,0.5557
RIEGO       ,RP,0.8538
RIEGODEDIO  ,RP,0.9285
RIEM        ,CB,0.6016
RIETA       ,RP,0.9541
RIFAT       ,SAS,0.6121
RIGLOS      ,RP,0.5354
RIGODON     ,RP,0.5574
RIGONAN     ,RP,1
RIGOR       ,RP,0.9863
RIGOROSO    ,RP,0.9963
RIHAL       ,SAS,0.7955
RIINGEN     ,RP,0.9992
RIJAL       ,NP,0.7864
RIJHWANI    ,SAS,1
RIJKEN      ,BIA,0.5643
RIKHI       ,SAS,0.8235
RIKIMARU    ,JA,0.9978
RILLAMAS    ,RP,0.7949
RILLERA     ,RP,0.9988
RILLO       ,RP,0.9778
RILLON      ,RP,0.9858
RILLORAZA   ,RP,1
RILLORTA    ,RP,1
RILVERIA    ,RP,0.9866
RIM         ,XK,0.8996
RIMAL       ,NP,0.5438
RIMANDO     ,RP,1
RIMAS       ,RP,0.7751
RIMI        ,SAS,0.5185
RIMORIN     ,RP,1
RIN         ,CB,0.5147
RINA        ,SAS,0.5254
RINGOR      ,RP,0.9996
RINON       ,RP,1
RIOLA       ,RP,0.5654
RIPARIP     ,RP,1
RIPOYLA     ,RP,0.9088
RISAL       ,NP,0.9259
RISHI       ,SAS,0.984
RISMA       ,RP,0.9971
RITH        ,CB,0.7483
RITUALO     ,RP,0.9223
RIVADA      ,RP,0.727
RIVAMONTE   ,RP,0.9995
RIVERAL     ,RP,0.878
RIVO        ,RP,0.9998
RIYANTO     ,BIA,0.907
RIYAZ       ,SAS,1
RIZAL       ,BT,0.629
RIZAN       ,RP,0.5741
RIZON       ,RP,1
RIZVI       ,SAS,0.9345
RIZWAN      ,SAS,0.9748
RMAH        ,VM,0.9877
RO          ,XK,0.9097
ROAQUIN     ,RP,1
ROASA       ,RP,0.9981
ROB         ,SAS,0.8606
ROBANCHO    ,RP,0.9978
ROBENIOL    ,RP,1
ROBES       ,RP,0.8265
ROBILLOS    ,RP,1
ROBINA      ,RP,0.607
ROBINOS     ,RP,1
ROBLEZA     ,RP,1
ROCAFORT    ,RP,0.5639
ROCAMORA    ,RP,0.6293
ROCAS       ,RP,0.7449
ROCERO      ,RP,0.9999
ROCES       ,RP,0.9441
ROCHAM      ,VM,0.9524
ROCILLO     ,RP,0.835
ROCO        ,RP,0.9358
RODEO       ,RP,0.77
RODEROS     ,RP,1
RODIL       ,RP,0.8312
RODILL      ,RP,0.7064
RODILLAS    ,RP,0.9974
RODIS       ,RP,0.7648
RODOLFO     ,RP,0.7578
RODRICKS    ,SAS,0.9569
ROEUM       ,CB,0.6979
ROEUN       ,CB,0.7239
ROEUNG      ,CB,0.8442
ROGACION    ,RP,1
ROGADO      ,RP,0.9999
ROGERO      ,RP,0.5515
ROH         ,XK,0.9729
ROHATGI     ,SAS,0.9318
ROHILLA     ,SAS,1
ROHIRA      ,SAS,1
ROHRA       ,SAS,1
ROJALES     ,RP,1
ROKA        ,NP,0.556
ROKKAM      ,SAS,1
ROLAN       ,VM,0.6762
ROLE        ,RP,0.5558
ROLLAN      ,RP,0.66
ROLLOLAZO   ,RP,0.9986
ROLLON      ,RP,0.771
ROMAH       ,VM,0.9999
ROMANES     ,RP,0.6212
ROMASANTA   ,RP,0.9741
ROMBAOA     ,RP,1
ROMBAWA     ,RP,0.9918
ROMEA       ,RP,0.9927
ROMEN       ,RP,0.7807
ROMENA      ,RP,0.9781
ROMIAS      ,RP,0.9207
ROMUA       ,RP,1
ROMUALDEZ   ,RP,1
ROMUALDO    ,RP,0.6128
ROMUAR      ,RP,0.9988
ROMULO      ,RP,0.7724
RONAS       ,RP,0.9318
RONDERO     ,RP,0.822
RONDEZ      ,RP,0.9454
RONDINA     ,RP,0.8034
RONDOLOS    ,RP,1
RONES       ,RP,0.7346
RONG        ,GCA,0.9737
RONGAVILLA  ,RP,1
RONI        ,SAS,0.689
ROO         ,VM,0.5166
ROOHI       ,SAS,0.542
RORING      ,BIA,0.9788
ROS         ,CB,0.5479
ROSACIA     ,RP,1
ROSAL       ,RP,0.7709
ROSALDO     ,RP,0.8514
ROSANA      ,RP,0.7017
ROSANES     ,RP,0.925
ROSAROSO    ,RP,0.9999
ROSCOM      ,RP,0.9998
ROSETE      ,RP,0.6138
ROSITA      ,RP,0.6154
ROSKA       ,RP,0.7591
ROSLAN      ,MY,0.6036
ROSLI       ,MY,0.8043
ROSLIN      ,RP,0.758
ROSQUETA    ,RP,1
ROU         ,CB,0.5317
ROUF        ,SAS,0.9462
ROUN        ,CB,0.691
ROUT        ,SAS,0.7696
ROUTHU      ,SAS,1
ROUTRAY     ,SAS,1
ROVILLOS    ,RP,1
ROXAS       ,RP,0.991
ROYCHOUDHUR ,SAS,1
ROYCHOUDHURY,SAS,1
ROYCHOWDHUR ,SAS,1
ROYCHOWDHURY,SAS,1
ROZAL       ,RP,0.9999
ROZARIO     ,SAS,0.8495
ROZUL       ,RP,0.9996
RU          ,GCA,0.8217
RUALO       ,RP,0.9999
RUAN        ,GCA,0.9081
RUANTO      ,RP,0.9996
RUARO       ,RP,0.999
RUBIA       ,RP,0.8296
RUBIC       ,RP,0.8597
RUDES       ,RP,0.5279
RUDIO       ,RP,0.9471
RUDRA       ,SAS,0.9342
RUDRARAJU   ,SAS,1
RUECA       ,RP,0.9999
RUELAN      ,RP,1
RUELO       ,RP,1
RUELOS      ,RP,0.8917
RUFFY       ,RP,0.8064
RUFO        ,RP,0.6004
RUGNAO      ,RP,0.8649
RUI         ,GCA,0.9074
RUIT        ,NP,0.709
RUIVIVAR    ,RP,1
RULL        ,RP,0.6597
RULLA       ,RP,0.8214
RULLAMAS    ,RP,0.9964
RULLAN      ,RP,0.7503
RULLODA     ,RP,1
RULONA      ,RP,0.9998
RUMA        ,SAS,0.5688
RUMBAOA     ,RP,1
RUMI        ,SAS,0.6309
RUMOHR      ,RP,0.5968
RUN         ,CB,0.6363
RUNA        ,SAS,0.8372
RUNAS       ,RP,0.9986
RUNES       ,RP,0.9906
RUNEZ       ,RP,1
RUNGRUANG   ,TH,1
RUNGTA      ,SAS,0.96
RUO         ,GCA,0.8719
RUPANI      ,SAS,0.9156
RUPAREL     ,SAS,0.8529
RUPASINGHE  ,CE,0.9516
RUPERTO     ,RP,0.5984
RUPISAN     ,RP,0.9997
RUSLI       ,BIA,0.8351
RUSTAGI     ,SAS,1
RUSTIA      ,RP,1
RY          ,CB,0.7115
RYALI       ,SAS,1
RYANG       ,XK,0.898
RYONO       ,JA,0.8467
RYOO        ,XK,0.976
RYOU        ,XK,1
RYU         ,XK,0.9522
SABADO      ,RP,0.9512
SABALBORO   ,RP,0.984
SABALBURO   ,RP,0.9999
SABALE      ,RP,0.7463
SABALLA     ,RP,0.9832
SABALVARO   ,RP,1
SABANAL     ,RP,0.8934
SABANDAL    ,RP,1
SABANDITH   ,LA,0.8182
SABANGAN    ,RP,1
SABAPATHY   ,SAS,0.8807
SABARRE     ,RP,1
SABAS       ,RP,0.6994
SABATE      ,RP,0.5724
SABATER     ,RP,0.5693
SABBINENI   ,SAS,1
SABERON     ,RP,0.9998
SABESAN     ,SAS,0.9988
SABHARWAL   ,SAS,0.9234
SABHERWAL   ,SAS,0.8961
SABILE      ,RP,1
SABILLO     ,RP,1
SABINIANO   ,RP,1
SABIO       ,RP,0.7252
SABIR       ,SAS,0.6875
SABLAD      ,RP,1
SABLAY      ,RP,1
SABNANI     ,SAS,0.7571
SABNIS      ,SAS,1
SABOO       ,SAS,0.9999
SABOOR      ,SAS,0.62
SABORDO     ,RP,1
SABROSO     ,RP,0.549
SABU        ,SAS,0.95
SABUCO      ,RP,0.6289
SABUGO      ,RP,0.72
SABUR       ,SAS,0.7094
SACASAS     ,RP,0.6584
SACAY       ,RP,0.9999
SACAYANAN   ,RP,0.9998
SACDALAN    ,RP,1
SACHAN      ,SAS,0.9998
SACHAR      ,SAS,0.8196
SACHDEV     ,SAS,0.8858
SACHDEVA    ,SAS,0.9597
SACHEDINA   ,SAS,0.5667
SACHIDANANDA,SAS,1
SACLAYAN    ,RP,1
SACLOLO     ,RP,1
SACOCO      ,RP,0.9992
SACRAMENTO  ,RP,0.7085
SACRO       ,RP,1
SACULLES    ,RP,0.9998
SADAF       ,SAS,1
SADAGOPAN   ,SAS,1
SADAHIRO    ,JA,0.9952
SADAKANE    ,JA,0.9993
SADANA      ,SAS,0.951
SADANAGA    ,JA,0.9722
SADANANDAN  ,SAS,0.95
SADANG      ,RP,0.8067
SADARANGANI ,SAS,0.915
SADASIVAM   ,SAS,1
SADASIVAN   ,SAS,0.9562
SADAT       ,AF,0.6188
SADAYA      ,RP,1
SADDIQ      ,SAS,0.6505
SADDIQUE    ,SAS,0.8772
SADEQUE     ,SAS,1
SADHRA      ,SAS,0.8075
SADHU       ,SAS,0.8382
SADHUKHAN   ,SAS,1
SADHWANI    ,SAS,0.9161
SADIA       ,SAS,0.5259
SADIARIN    ,RP,0.9999
SADIE       ,RP,0.5283
SADIKIN     ,BIA,0.7069
SADINENI    ,SAS,1
SADIQ       ,SAS,0.653
SADIQI      ,AF,1
SADIQUE     ,SAS,0.9189
SADORRA     ,RP,0.9645
SADOZAI     ,AF,0.7051
SADRUDDIN   ,SAS,0.9434
SADSAD      ,RP,1
SADURAL     ,RP,0.9998
SAECHANG    ,LA,0.5526
SAECHAO     ,LA,0.7236
SAECHIN     ,LA,0.5932
SAECHOU     ,LA,0.7656
SAEED       ,SAS,0.5269
SAEFONG     ,LA,0.6186
SAEGUSA     ,JA,1
SAEHENG     ,TH,1
SAEKI       ,JA,0.9912
SAELAO      ,TH,0.9483
SAELEE      ,LA,0.6938
SAELIM      ,TH,0.9485
SAELOR      ,LA,0.5082
SAENGCHANH  ,LA,0.9348
SAENGDARA   ,LA,0.9068
SAENGKEO    ,LA,0.6783
SAENGPHACHAN,LA,0.5455
SAEPHAN     ,LA,0.6926
SAEPHANH    ,LA,0.7416
SAEPHARN    ,LA,0.7868
SAESEE      ,LA,0.6914
SAETANG     ,TH,0.8919
SAETERN     ,LA,0.6432
SAETEUN     ,LA,0.8652
SAETEURN    ,LA,0.7191
SAETIA      ,TH,0.7321
SAETURN     ,LA,0.7838
SAEUNG      ,TH,0.9583
SAEVANG     ,LA,0.5926
SAEYANG     ,LA,0.6706
SAFDAR      ,SAS,0.9127
SAFDARI     ,AF,0.6036
SAFEER      ,SAS,0.992
SAFFI       ,AF,0.6955
SAFLOR      ,RP,1
SAGA        ,JA,0.6481
SAGABAEN    ,RP,1
SAGADRACA   ,RP,0.9995
SAGAMI      ,JA,0.9685
SAGAR       ,SAS,0.7461
SAGARA      ,JA,0.9354
SAGARAL     ,RP,0.9999
SAGARINO    ,RP,0.9753
SAGARIO     ,RP,0.9999
SAGAWA      ,JA,1
SAGAYAGA    ,RP,1
SAGAYSAY    ,RP,0.9975
SAGGAR      ,SAS,0.8243
SAGGI       ,SAS,0.9577
SAGGU       ,SAS,0.914
SAGHEER     ,SAS,1
SAGHIR      ,SAS,0.6773
SAGIRAJU    ,SAS,1
SAGISI      ,RP,0.9997
SAGMIT      ,RP,1
SAGON       ,RP,0.6162
SAGOO       ,SAS,0.6019
SAGRADO     ,RP,1
SAGUCIO     ,RP,0.9995
SAGUIBO     ,RP,0.9916
SAGUID      ,RP,1
SAGUIL      ,RP,0.8996
SAGUIN      ,RP,1
SAGUINSIN   ,RP,1
SAGUM       ,RP,1
SAGUN       ,RP,0.9055
SAHA        ,SAS,0.9638
SAHADEVAN   ,SAS,0.7963
SAHAGON     ,RP,0.8924
SAHAI       ,SAS,0.659
SAHAK       ,AF,0.7848
SAHANI      ,SAS,0.9304
SAHARA      ,JA,0.9542
SAHARAN     ,SAS,0.9483
SAHASRABUDDH,SAS,1
SAHASRABUDHE,SAS,1
SAHAY       ,SAS,0.8952
SAHDEV      ,SAS,1
SAHEBA      ,SAS,1
SAHER       ,SAS,1
SAHGAL      ,SAS,0.976
SAHI        ,SAS,0.8901
SAHIBZADA   ,SAS,0.678
SAHNEY      ,SAS,1
SAHNI       ,SAS,0.9395
SAHOO       ,SAS,1
SAHOTA      ,SAS,0.8646
SAHU        ,SAS,0.9906
SAIDA       ,JA,0.7083
SAIFEE      ,SAS,0.923
SAIFUDDIN   ,SAS,0.8
SAIFULLAH   ,SAS,0.9449
SAIGAL      ,SAS,0.9153
SAIGO       ,JA,0.8986
SAIGUSA     ,JA,1
SAIJA       ,SAS,0.6579
SAIJO       ,JA,1
SAIKA       ,JA,0.9997
SAIKI       ,JA,0.8475
SAIKIA      ,SAS,1
SAILO       ,SAS,0.6875
SAIMA       ,SAS,0.8437
SAINANI     ,SAS,1
SAINATH     ,SAS,1
SAING       ,CB,0.8038
SAINI       ,SAS,0.9561
SAINJU      ,NP,1
SAIRAM      ,SAS,1
SAISHO      ,JA,0.9992
SAIT        ,SAS,0.7894
SAITA       ,JA,0.9394
SAITO       ,JA,0.9517
SAITOH      ,JA,1
SAIYA       ,SAS,0.7241
SAIYAD      ,SAS,0.8823
SAIYED      ,SAS,0.9787
SAJADY      ,AF,0.875
SAJAN       ,SAS,0.7778
SAJEEV      ,SAS,0.9993
SAJI        ,SAS,0.5658
SAJID       ,SAS,0.9005
SAJJA       ,SAS,1
SAJJAD      ,SAS,0.9562
SAJJAN      ,SAS,0.842
SAJNANI     ,SAS,0.9231
SAJO        ,RP,0.7755
SAJONAS     ,RP,0.9245
SAJOR       ,RP,0.9985
SAJU        ,SAS,0.819
SAJULGA     ,RP,0.9996
SAJWANI     ,SAS,0.8058
SAKABE      ,JA,1
SAKAE       ,JA,0.9999
SAKAGAMI    ,JA,0.9748
SAKAGAWA    ,JA,0.9847
SAKAGUCHI   ,JA,0.9675
SAKAHARA    ,JA,0.7661
SAKAI       ,JA,0.9519
SAKAIDA     ,JA,0.8794
SAKAKI      ,JA,0.9034
SAKAKIBARA  ,JA,0.9817
SAKAKIHARA  ,JA,0.9681
SAKAKURA    ,JA,1
SAKAMAKI    ,JA,1
SAKAMOTO    ,JA,0.9389
SAKAMURI    ,SAS,1
SAKANASHI   ,JA,0.7624
SAKANE      ,JA,1
SAKANO      ,JA,1
SAKARIA     ,SAS,0.7206
SAKASHITA   ,JA,0.9848
SAKATA      ,JA,0.9372
SAKATANI    ,JA,0.9055
SAKAUE      ,JA,1
SAKAY       ,RP,0.6013
SAKAZAKI    ,JA,0.997
SAKHA       ,AF,0.6122
SAKHAMURI   ,SAS,1
SAKHI       ,AF,0.5602
SAKHRANI    ,SAS,0.66
SAKHUJA     ,SAS,0.9342
SAKIB       ,SAS,1
SAKIHAMA    ,JA,0.8666
SAKIHARA    ,JA,0.8818
SAKIMA      ,JA,0.9937
SAKIMOTO    ,JA,0.9797
SAKITA      ,JA,1
SAKIYAMA    ,JA,0.9259
SAKODA      ,JA,0.9553
SAKON       ,JA,0.9795
SAKPAL      ,SAS,1
SAKSENA     ,SAS,0.9412
SAKTHIVEL   ,SAS,1
SAKUDA      ,JA,0.7319
SAKUGAWA    ,JA,0.8025
SAKUMA      ,JA,0.8896
SAKUMOTO    ,JA,0.9539
SAKURA      ,JA,0.8451
SAKURABA    ,JA,1
SAKURADA    ,JA,0.9608
SAKURAGI    ,JA,1
SAKURAI     ,JA,0.9764
SAKUTA      ,JA,0.9994
SAKYA       ,NP,0.75
SALAC       ,RP,0.9154
SALACUP     ,RP,0.9999
SALADI      ,SAS,1
SALAGUBANG  ,RP,0.9999
SALAHUDDIN  ,SAS,0.9096
SALAKI      ,BIA,0.6471
SALALILA    ,RP,1
SALAM       ,SAS,0.6114
SALAMAT     ,RP,0.5839
SALAMIDA    ,RP,0.6909
SALANDANAN  ,RP,1
SALANG      ,RP,1
SALANGA     ,RP,0.9999
SALANGO     ,RP,0.9927
SALANGSANG  ,RP,1
SALANO      ,RP,0.6062
SALAO       ,RP,1
SALAPARE    ,RP,1
SALAPONG    ,RP,1
SALARDA     ,RP,1
SALARIA     ,SAS,0.8649
SALAUDDIN   ,SAS,1
SALAVER     ,RP,0.9995
SALAYA      ,RP,0.5867
SALDAJENO   ,RP,1
SALDANHA    ,SAS,0.6534
SALDO       ,RP,0.6143
SALDUA      ,RP,0.9065
SALEEM      ,SAS,0.814
SALEEMI     ,SAS,0.8769
SALEN       ,RP,0.6893
SALENGA     ,RP,1
SALERA      ,RP,0.5534
SALES       ,RP,0.5165
SALH        ,SAS,0.6429
SALHAN      ,SAS,0.7391
SALHOTRA    ,SAS,1
SALIAN      ,SAS,1
SALIGUMBA   ,RP,1
SALIHI      ,AF,0.5714
SALINDA     ,RP,1
SALINDO     ,RP,1
SALINDONG   ,RP,1
SALINS      ,SAS,0.8086
SALINTHONE  ,LA,0.9997
SALITA      ,RP,0.7308
SALIVA      ,RP,0.9422
SALLA       ,SAS,0.5371
SALLEH      ,MY,0.8481
SALMA       ,SAS,0.8545
SALMORIN    ,RP,0.9995
SALOMA      ,RP,0.5715
SALON       ,RP,0.5998
SALONGA     ,RP,0.9842
SALOT       ,SAS,0.9882
SALTA       ,RP,0.9825
SALTING     ,RP,1
SALUD       ,RP,0.9583
SALUDARES   ,RP,0.9994
SALUDES     ,RP,0.6702
SALUDEZ     ,RP,1
SALUDO      ,RP,0.9684
SALUJA      ,SAS,0.9588
SALUMBIDES  ,RP,1
SALUNGA     ,RP,1
SALUNKE     ,SAS,1
SALUNKHE    ,SAS,1
SALUTA      ,RP,0.9999
SALVA       ,RP,0.6173
SALVACION   ,RP,1
SALVACRUZ   ,RP,1
SALVALEON   ,RP,1
SALVAN      ,RP,0.6763
SALVANERA   ,RP,1
SALVANI     ,RP,0.9153
SALVANTE    ,RP,0.9932
SALVATERA   ,RP,0.9997
SALVE       ,SAS,0.5809
SALVI       ,SAS,0.5842
SALVIEJO    ,RP,0.9998
SALVOSA     ,RP,1
SALWAN      ,SAS,0.8622
SAMACO      ,RP,0.9985
SAMAD       ,SAS,0.5197
SAMADDAR    ,SAS,1
SAMADY      ,AF,0.9997
SAMAL       ,SAS,0.7078
SAMALA      ,SAS,0.5034
SAMANA      ,SAS,0.7831
SAMANT      ,SAS,0.9875
SAMANTA     ,SAS,0.9732
SAMANTARAY  ,SAS,1
SAMANTE     ,RP,0.8751
SAMARAKOON  ,CE,1
SAMARANAYAKE,CE,0.9242
SAMARASEKERA,CE,1
SAMARASINGHE,CE,0.922
SAMARAWEERA ,CE,1
SAMATRA     ,RP,1
SAMAVEDAM   ,SAS,1
SAMBAJON    ,RP,1
SAMBANDAM   ,SAS,1
SAMBASIVAM  ,SAS,0.8974
SAMBASIVAN  ,SAS,0.9552
SAMBAT      ,RP,0.9
SAMBATH     ,CB,0.5799
SAMBHI      ,SAS,1
SAMBILAY    ,RP,1
SAMDANI     ,SAS,1
SAMEE       ,SAS,0.5555
SAMEER      ,SAS,0.5213
SAMEJIMA    ,JA,1
SAMERA      ,RP,0.997
SAMESHIMA   ,JA,0.829
SAMIA       ,RP,0.7294
SAMIANO     ,RP,0.9998
SAMIM       ,AF,0.6538
SAMINATHAN  ,SAS,0.9057
SAMINENI    ,SAS,1
SAMIULLAH   ,SAS,1
SAMKUTTY    ,SAS,1
SAMMETA     ,SAS,1
SAMNANG     ,CB,0.9968
SAMNANI     ,SAS,1
SAMONTE     ,RP,0.9961
SAMOT       ,RP,0.8967
SAMOUNTRY   ,LA,0.9999
SAMOY       ,RP,0.9997
SAMPAGA     ,RP,0.9332
SAMPANG     ,RP,0.9889
SAMPAT      ,SAS,0.8207
SAMPATH     ,SAS,0.8627
SAMPATHKUMA ,SAS,0.975
SAMPATHKUMAR,SAS,1
SAMPAYAN    ,RP,0.978
SAMPILO     ,RP,0.9479
SAMRA       ,SAS,0.6873
SAMRETH     ,CB,0.8503
SAMRITH     ,CB,0.907
SAMSON      ,RP,0.5407
SAMSUDIN    ,MY,0.7738
SAMTANI     ,SAS,0.7243
SAMUDRALA   ,SAS,1
SANADA      ,JA,0.9316
SANAGAVARAPU,SAS,1
SANAGUSTIN  ,RP,0.8563
SANAM       ,SAS,0.6596
SANAN       ,SAS,0.8775
SANANDRES   ,RP,0.623
SANANIKONE  ,LA,0.8801
SANANTONIO  ,RP,0.918
SANAPALA    ,SAS,1
SANARES     ,RP,1
SANAULLAH   ,SAS,0.9452
SANAVONGSAY ,LA,1
SANBUENAVEN ,RP,1
SANCHETI    ,SAS,1
SANCIANGCO  ,RP,1
SANDADI     ,SAS,0.9091
SANDEEP     ,SAS,0.9997
SANDESARA   ,SAS,1
SANDHAR     ,SAS,0.8765
SANDHER     ,SAS,0.7187
SANDHIR     ,SAS,0.8929
SANDHU      ,SAS,0.888
SANDICO     ,RP,1
SANDIEGO    ,RP,0.9797
SANDRA      ,SAS,0.5172
SANDRO      ,RP,0.587
SANE        ,SAS,0.6531
SANEZ       ,RP,0.6304
SANFELIPE   ,RP,0.9989
SANGABRIEL  ,RP,0.8379
SANGAL      ,SAS,0.9091
SANGALANG   ,RP,0.9774
SANGAM      ,SAS,1
SANGANI     ,SAS,0.7986
SANGAR      ,SAS,0.6514
SANGASY     ,LA,0.9995
SANGCO      ,RP,1
SANGHA      ,SAS,0.8651
SANGHANI    ,SAS,0.8786
SANGHAVI    ,SAS,0.9928
SANGHERA    ,SAS,0.8499
SANGHI      ,SAS,1
SANGHRAJKA  ,SAS,0.5593
SANGHVI     ,SAS,0.94
SANGIL      ,RP,0.8168
SANGLAY     ,RP,1
SANGLE      ,SAS,0.857
SANGMO      ,GCA,0.5573
SANGOI      ,SAS,0.9318
SANGRIA     ,RP,1
SANGROULA   ,NP,0.7333
SANGWAN     ,SAS,0.962
SANH        ,CB,0.7451
SANIATAN    ,RP,0.9829
SANICO      ,RP,0.9997
SANIDAD     ,RP,0.9656
SANIE       ,AF,0.628
SANIEL      ,RP,1
SANIKOMMU   ,SAS,1
SANITH      ,LA,0.7941
SANJANA     ,SAS,1
SANJAY      ,SAS,0.9996
SANJAYA     ,BIA,0.9028
SANJEEV     ,SAS,0.9996
SANJEL      ,BT,0.5156
SANJOSE     ,RP,0.8685
SANJUAN     ,RP,0.5217
SANKA       ,SAS,0.934
SANKARALINGA,SAS,1
SANKARAN    ,SAS,0.9901
SANKARANARAY,SAS,0.992
SANKARARAMAN,SAS,1
SANKHE      ,SAS,1
SANKPAL     ,SAS,1
SANKU       ,SAS,1
SANLORENZO  ,RP,0.9145
SANLUIS     ,RP,0.9339
SANMATEO    ,RP,0.9625
SANN        ,CB,0.6508
SANNO       ,JA,0.7168
SANO        ,JA,0.8477
SANOUBANE   ,LA,0.9285
SANOUVONG   ,LA,0.9642
SANOY       ,RP,0.7959
SANPABLO    ,RP,0.6818
SANPASCUAL  ,RP,1
SANPEDRO    ,RP,0.7773
SANQUI      ,RP,0.9167
SANSANO     ,RP,0.8707
SANTAANA    ,RP,0.7008
SANTAELENA  ,RP,0.9942
SANTARIN    ,RP,1
SANTARINA   ,RP,0.925
SANTAROMANA ,RP,0.9998
SANTAYANA   ,RP,0.8139
SANTELICES  ,RP,0.5815
SANTERO     ,RP,0.5827
SANTHAKUMAR ,SAS,0.9091
SANTHANAGOPA,SAS,1
SANTHANAKRIS,SAS,1
SANTHANAM   ,SAS,0.9933
SANTHOSH    ,SAS,0.9994
SANTIAGUEL  ,RP,1
SANTIANO    ,RP,0.9543
SANTILLA    ,RP,0.9291
SANTODOMING ,RP,0.946
SANTOKI     ,SAS,0.5497
SANTONIL    ,RP,1
SANTORUM    ,RP,0.7841
SANTOSA     ,BIA,0.9255
SANTOSH     ,SAS,0.9997
SANTOSJR    ,RP,0.7194
SANTOSO     ,BIA,0.8901
SANTRA      ,SAS,1
SANVICTORES ,RP,0.961
SANWAL      ,SAS,1
SANYAL      ,SAS,0.9896
SANYASI     ,BT,0.7287
SAO         ,CB,0.6653
SAOIT       ,RP,1
SAOTOME     ,JA,1
SAP         ,CB,0.7381
SAPADEN     ,RP,1
SAPANZA     ,RP,0.9998
SAPASAP     ,RP,0.9996
SAPIANDANTE ,RP,0.9999
SAPIDA      ,RP,1
SAPIGAO     ,RP,0.9612
SAPIN       ,RP,0.6655
SAPINOSO    ,RP,0.9725
SAPKOTA     ,NP,0.6539
SAPLA       ,RP,0.9859
SAPLAN      ,RP,0.946
SAPNU       ,RP,1
SAPPAL      ,SAS,0.5806
SAPRA       ,SAS,1
SAPRE       ,SAS,1
SAPRU       ,SAS,0.9524
SAPUTRA     ,BIA,0.9389
SAQIB       ,SAS,0.9473
SAQUI       ,RP,0.6878
SAQUIB      ,SAS,1
SAQUILAYAN  ,RP,1
SAQUING     ,RP,0.95
SAR         ,CB,0.5829
SARADPON    ,RP,0.9999
SARAF       ,SAS,0.873
SARAFF      ,SAS,0.7941
SARAGIH     ,BIA,0.8966
SARAI       ,SAS,0.6776
SARAIYA     ,SAS,1
SARAMOSING  ,RP,0.9998
SARAN       ,SAS,0.6451
SARANG      ,SAS,0.7975
SARANGAPANI ,SAS,1
SARANGI     ,SAS,0.911
SARAO       ,RP,0.5073
SARAOGI     ,SAS,1
SARAOS      ,RP,0.9852
SARASWAT    ,SAS,1
SARATHY     ,SAS,0.9391
SARAVANAKUMA,SAS,0.9941
SARAVANAN   ,SAS,0.9715
SARCAR      ,SAS,0.7949
SARCEDA     ,RP,0.9935
SARDA       ,SAS,0.6442
SARDANA     ,SAS,0.9797
SARDAR      ,SAS,0.7746
SARDER      ,SAS,0.9217
SARDESAI    ,SAS,1
SARDINIA    ,RP,0.7285
SAREEN      ,SAS,0.9788
SARENAS     ,RP,1
SARFANI     ,SAS,1
SARFARAZ    ,SAS,0.7034
SARFRAZ     ,SAS,0.9719
SARGENTO    ,RP,0.9996
SARIA       ,RP,0.8513
SARIBAY     ,RP,0.7973
SARIGUMBA   ,RP,0.9999
SARIK       ,CB,0.5339
SARIKONDA   ,SAS,1
SARIN       ,SAS,0.7874
SARINAS     ,RP,1
SARINO      ,RP,0.9705
SARIO       ,RP,0.8203
SARIPALLI   ,SAS,1
SARIPELLA   ,SAS,1
SARKAR      ,SAS,0.958
SARKARI     ,SAS,1
SARKARIA    ,SAS,0.9292
SARKER      ,SAS,0.9665
SARKI       ,BT,0.5964
SARMA       ,SAS,0.9236
SARMAH      ,SAS,0.8909
SARN        ,CB,0.6736
SARNAIK     ,SAS,1
SARNE       ,RP,0.6394
SARODE      ,SAS,1
SAROL       ,RP,0.8873
SAROYA      ,SAS,0.938
SARPAL      ,SAS,1
SARPAS      ,AF,0.9301
SARREAL     ,RP,1
SARROCA     ,RP,1
SARSOZA     ,RP,0.9375
SARTE       ,RP,1
SARTHOU     ,RP,0.7916
SARUN       ,CB,0.8608
SARUP       ,SAS,0.8118
SARUWATARI  ,JA,0.9655
SARVA       ,SAS,1
SARVAIYA    ,SAS,1
SARVEPALLI  ,SAS,1
SARWAL      ,SAS,0.9998
SARWAR      ,SAS,0.9076
SARWARI     ,AF,0.8976
SARWARY     ,AF,0.9562
SARWAT      ,SAS,0.8491
SARY        ,CB,0.6727
SARZA       ,RP,0.9187
SASA        ,JA,0.5071
SASABE      ,JA,1
SASADA      ,JA,0.9434
SASAGAWA    ,JA,1
SASAHARA    ,JA,0.9655
SASAI       ,JA,1
SASAJIMA    ,JA,1
SASAKI      ,JA,0.9549
SASAKURA    ,JA,1
SASAMORI    ,JA,1
SASAMOTO    ,JA,0.8316
SASANO      ,JA,0.9969
SASAO       ,JA,0.6988
SASAOKA     ,JA,0.9551
SASAYAMA    ,JA,1
SASE        ,JA,0.9989
SASIDHARAN  ,SAS,0.9837
SASIKUMAR   ,SAS,0.9574
SASIS       ,RP,1
SASKI       ,JA,0.9347
SASMITA     ,BIA,0.814
SASSA       ,JA,0.8608
SASTRI      ,SAS,0.8499
SASTRY      ,SAS,0.9811
SATA        ,JA,0.628
SATAKE      ,JA,0.9735
SATAM       ,SAS,1
SATANI      ,SAS,0.7451
SATAPATHY   ,SAS,1
SATH        ,CB,0.8364
SATHAPPAN   ,SAS,1
SATHAYE     ,SAS,1
SATHE       ,SAS,0.9784
SATHEESH    ,SAS,0.8954
SATHI       ,SAS,0.9405
SATHIANATHAN,CE,0.5143
SATHISH     ,SAS,0.9613
SATHIYAMOORT,SAS,0.75
SATHYA      ,SAS,0.9991
SATHYAMOORTH,SAS,0.9153
SATHYAMURTHY,SAS,1
SATHYAN     ,SAS,1
SATHYANARAYA,SAS,0.9906
SATIA       ,SAS,0.645
SATIJA      ,SAS,1
SATISH      ,SAS,0.9992
SATISHKUMAR ,SAS,1
SATO        ,JA,0.9496
SATOH       ,JA,0.9854
SATOMI      ,JA,0.9375
SATORI      ,JA,0.797
SATORRE     ,RP,1
SATPATHY    ,SAS,1
SATPUTE     ,SAS,1
SATRA       ,SAS,0.8542
SATSANGI    ,SAS,1
SATSATIN    ,RP,1
SATTAR      ,SAS,0.8351
SATTI       ,SAS,0.7058
SATTIRAJU   ,SAS,1
SATURNIO    ,RP,0.9436
SATURNO     ,RP,0.5251
SATYA       ,SAS,0.745
SATYAL      ,NP,0.8193
SATYANARAYAN,SAS,1
SATYAVOLU   ,SAS,1
SAUCO       ,RP,0.6245
SAULAT      ,SAS,0.8999
SAULER      ,RP,0.9709
SAULO       ,RP,0.5302
SAULOG      ,RP,1
SAUNAR      ,RP,0.9982
SAUPAN      ,RP,0.9972
SAURA       ,RP,0.5964
SAURABH     ,SAS,1
SAURE       ,RP,0.716
SAVALIA     ,SAS,1
SAVALIYA    ,SAS,1
SAVANH      ,LA,0.8873
SAVANI      ,SAS,0.8439
SAVANT      ,SAS,0.6104
SAVARIMUTHU ,SAS,0.9589
SAVATDY     ,LA,0.9315
SAVATH      ,LA,0.5885
SAVE        ,SAS,0.6337
SAVELLA     ,RP,0.9292
SAVELLANO   ,RP,0.9148
SAVILLO     ,RP,0.9909
SAVLA       ,SAS,1
SAW         ,BM,0.5
SAWADA      ,JA,0.9712
SAWAGUCHI   ,JA,1
SAWAI       ,JA,0.9536
SAWAKI      ,JA,1
SAWAL       ,RP,0.5062
SAWAMOTO    ,JA,1
SAWAMURA    ,JA,1
SAWANI      ,SAS,0.9268
SAWANO      ,JA,1
SAWANT      ,SAS,0.9946
SAWASAKI    ,JA,0.9761
SAWHNEY     ,SAS,0.9454
SAWKAR      ,SAS,1
SAWLANI     ,SAS,0.9483
SAXENA      ,SAS,0.974
SAYACHACK   ,LA,0.8396
SAYACHAK    ,LA,0.9362
SAYADETH    ,LA,0.9995
SAYAL       ,SAS,1
SAYAMA      ,JA,0.9544
SAYANI      ,SAS,0.8076
SAYAOVANG   ,LA,0.8042
SAYARATH    ,LA,0.9213
SAYASANE    ,LA,0.9203
SAYASENG    ,LA,0.9999
SAYASITH    ,LA,0.9295
SAYAT       ,RP,0.9997
SAYAVONG    ,LA,0.9014
SAYAVONGSA  ,LA,0.8856
SAYCOCIE    ,LA,0.9569
SAYEDI      ,AF,0.8222
SAYEED      ,SAS,0.8791
SAYEEDI     ,SAS,0.8546
SAYNO       ,RP,1
SAYO        ,RP,0.9517
SAYOC       ,RP,0.9999
SAYSANA     ,LA,0.9999
SAYSAVANH   ,LA,0.9996
SAYSOMBATH  ,LA,0.8387
SAYSON      ,RP,1
SAYSONGKHAM ,LA,0.9976
SAYVONGSA   ,LA,0.8981
SAYYAPARAJU ,SAS,1
SAYYED      ,SAS,0.6711
SAYYID      ,SAS,0.6782
SAZON       ,RP,0.9577
SCARIA      ,SAS,1
SCHLANDER   ,RP,0.7619
SEAH        ,SN,0.6786
SEAK        ,CB,0.8333
SEAM        ,CB,0.6654
SEAN        ,CB,0.7196
SEANG       ,CB,0.8276
SEARES      ,RP,0.9991
SEBALLOS    ,RP,0.8922
SECRETARIO  ,RP,0.9933
SECRETO     ,RP,0.633
SEDANI      ,SAS,0.6045
SEDDIQ      ,AF,0.7436
SEDDIQI     ,AF,0.8797
SEDIQI      ,AF,1
SEECHAN     ,LA,0.5036
SEEHRA      ,SAS,0.9999
SEELA       ,SAS,0.8836
SEELAM      ,SAS,1
SEEMA       ,SAS,0.9286
SEENIVASAN  ,SAS,1
SEETHARAM   ,SAS,0.9717
SEETHARAMAN ,SAS,1
SEETO       ,GCA,0.6276
SEETOO      ,GCA,0.9319
SEGAWA      ,JA,0.9161
SEGI        ,JA,0.5322
SEGISMUNDO  ,RP,0.9593
SEGU        ,SAS,0.6786
SEGUBAN     ,RP,1
SEGUCHI     ,JA,0.9412
SEGURITAN   ,RP,1
SEHAR       ,SAS,0.9992
SEHDEV      ,SAS,0.8455
SEHGAL      ,SAS,0.9476
SEHRA       ,SAS,0.8974
SEHRAWAT    ,SAS,1
SEHWANI     ,RP,1
SEIKE       ,JA,1
SEIKI       ,JA,0.9939
SEIN        ,BM,0.7803
SEINO       ,JA,0.8531
SEITA       ,JA,0.9636
SEJALBO     ,RP,0.9999
SEJPAL      ,SAS,0.7778
SEK         ,CB,0.5053
SEKANDARI   ,AF,0.8684
SEKANDER    ,AF,0.9062
SEKAR       ,SAS,1
SEKARAN     ,SAS,0.9167
SEKHAR      ,SAS,0.9735
SEKHARAN    ,SAS,1
SEKHON      ,SAS,0.9306
SEKHRI      ,SAS,0.8587
SEKI        ,JA,0.9535
SEKIDO      ,JA,1
SEKIGAWA    ,JA,0.9887
SEKIGUCHI   ,JA,0.9799
SEKIKAWA    ,JA,1
SEKIMOTO    ,JA,1
SEKINE      ,JA,0.9948
SEKINO      ,JA,1
SEKITA      ,JA,1
SEKIYA      ,JA,1
SEKIYAMA    ,JA,1
SEKO        ,JA,0.9214
SELAMAT     ,MY,0.6786
SELGA       ,RP,0.9996
SELLONA     ,RP,0.9973
SELMA       ,RP,0.5367
SELORIO     ,RP,1
SELUDO      ,RP,0.9998
SELVADURAI  ,SAS,0.5405
SELVAKUMAR  ,SAS,0.8235
SELVAM      ,SAS,0.9647
SELVAN      ,SAS,0.8398
SELVANAYAGAM,CE,0.5192
SELVARAJ    ,SAS,0.9796
SELVARAJAH  ,CE,0.6923
SELVARAJAN  ,SAS,0.9652
SELVARAJU   ,SAS,0.9516
SELVARATNAM ,CE,0.9118
SEM         ,CB,0.753
SEMANA      ,RP,0.9999
SEMBA       ,JA,1
SEMBHI      ,SAS,0.9016
SEMBIRING   ,BIA,0.9136
SEMBRANO    ,RP,1
SEMILLA     ,RP,1
SEN         ,SAS,0.601
SENAGA      ,JA,0.6081
SENANAYAKE  ,CE,0.9394
SENAPATI    ,SAS,1
SENARATNE   ,CE,0.9298
SENATO      ,RP,0.6911
SENCIO      ,RP,0.8852
SENDA       ,JA,0.7088
SENDAYDIEGO ,RP,1
SENERES     ,RP,0.8816
SENESOMBATH ,LA,0.9163
SENETHAVILAY,LA,0.9031
SENETHAVISOU,LA,0.8526
SENEVIRATNE ,CE,0.8486
SENG        ,CB,0.7206
SENGAR      ,SAS,1
SENGAROUN   ,LA,0.9997
SENGCHANH   ,LA,0.9339
SENGCO      ,RP,1
SENGDARA    ,LA,0.9703
SENGKHAMMEE ,LA,0.6955
SENGMANY    ,LA,0.9254
SENGOKU     ,JA,1
SENGPASEUTH ,LA,0.8666
SENGPHACHANH,LA,0.9302
SENGPHRACHAN,LA,0.8795
SENGPRASEUTH,LA,1
SENGSAVANG  ,LA,0.9444
SENGSOURICHA,LA,0.9165
SENGSOURIYA ,LA,1
SENGSOUVANH ,LA,0.8169
SENGTHONG   ,LA,0.7948
SENGUPTA    ,SAS,0.9807
SENGVILAY   ,LA,0.9993
SENH        ,VM,0.8647
SENICA      ,RP,0.6894
SENJALIA    ,SAS,1
SENO        ,RP,0.6552
SENOO       ,JA,0.9623
SENSANO     ,RP,0.7455
SENTHIL     ,SAS,0.9232
SENTHILKUMA ,SAS,0.9998
SENTHILKUMAR,SAS,0.9683
SENTHILNATHA,SAS,0.9387
SENTO       ,JA,0.9852
SENZAKI     ,JA,0.9992
SEO         ,XK,0.9525
SEOG        ,XK,0.997
SEOK        ,XK,0.9769
SEOL        ,XK,0.9861
SEON        ,XK,0.6364
SEONG       ,XK,0.9612
SEPTIMO     ,RP,0.512
SERAFICA    ,RP,0.9683
SERAFICO    ,RP,1
SERAME      ,RP,0.8529
SERAPIO     ,RP,0.6944
SERAPION    ,RP,0.9977
SERATE      ,RP,0.8935
SERDENIA    ,RP,1
SERIKAWA    ,JA,0.8429
SERIL       ,RP,0.9984
SERINA      ,RP,0.5574
SERING      ,RP,0.7562
SERIZAWA    ,JA,0.9379
SERQUINA    ,RP,1
SERQUINIA   ,RP,0.9927
SERRAN      ,RP,0.678
SERRAON     ,RP,0.9995
SERVANDO    ,RP,0.653
SERVANO     ,RP,0.5417
SERVAS      ,RP,0.8087
SERVIDA     ,RP,0.8947
SERVILLON   ,RP,1
SERVINO     ,RP,0.526
SERVITO     ,RP,1
SESE        ,RP,0.9214
SESHADRI    ,SAS,0.9739
SESHAN      ,SAS,1
SESPENE     ,RP,1
SETH        ,SAS,0.7951
SETHI       ,SAS,0.916
SETHIA      ,SAS,1
SETHNA      ,SAS,0.9416
SETHUMADHAVA,SAS,1
SETHURAM    ,SAS,1
SETHURAMAN  ,SAS,1
SETHY       ,SAS,0.825
SETIA       ,SAS,0.8699
SETIADI     ,BIA,0.8792
SETIAWAN    ,BIA,0.9016
SETIAWATI   ,BIA,0.8871
SETIONO     ,BIA,0.8769
SETLUR      ,SAS,1
SETO        ,GCA,0.6526
SETOGUCHI   ,JA,1
SETTIPALLI  ,SAS,1
SETTY       ,SAS,0.903
SEUL        ,XK,0.6729
SEUNG       ,XK,0.6788
SEVA        ,RP,0.6969
SEVAK       ,SAS,0.9996
SEVIDAL     ,RP,1
SEVILLEJA   ,RP,1
SEWANI      ,SAS,1
SEYA        ,JA,0.6222
SEYAL       ,SAS,0.9997
SHA         ,GCA,0.7824
SHAARI      ,MY,0.8228
SHABBIR     ,SAS,0.9747
SHABIR      ,SAS,0.9494
SHABNAM     ,SAS,0.8723
SHAD        ,SAS,0.7501
SHAFEEQ     ,SAS,0.7368
SHAFFI      ,SAS,1
SHAFI       ,SAS,0.7577
SHAFIQ      ,SAS,0.8976
SHAFIQUE    ,SAS,0.9568
SHAFIULLAH  ,SAS,0.5227
SHAFQAT     ,SAS,0.9745
SHAGHASI    ,AF,0.9999
SHAH        ,SAS,0.9138
SHAHA       ,SAS,0.9133
SHAHAB      ,SAS,0.65
SHAHABUDDIN ,SAS,0.9118
SHAHANE     ,SAS,1
SHAHANI     ,SAS,0.8014
SHAHBAZ     ,SAS,0.6454
SHAHED      ,SAS,0.7971
SHAHEEN     ,SAS,0.5604
SHAHID      ,SAS,0.9001
SHAHIDULLAH ,SAS,0.9589
SHAHJAHAN   ,SAS,1
SHAHNAWAZ   ,SAS,0.844
SHAHNAZ     ,SAS,0.8627
SHAHRIAR    ,SAS,0.8509
SHAHRYAR    ,AF,0.5625
SHAHULHAMEE ,SAS,0.8293
SHAHZAD     ,SAS,0.9757
SHAHZADA    ,SAS,1
SHAHZADI    ,SAS,0.9466
SHAID       ,SAS,0.9896
SHAIDA      ,SAS,0.5364
SHAIK       ,SAS,0.974
SHAIKH      ,SAS,0.92
SHAJAHAN    ,SAS,1
SHAJAN      ,SAS,0.8974
SHAJI       ,SAS,0.8657
SHAJU       ,SAS,1
SHAKEEL     ,SAS,0.9865
SHAKIL      ,SAS,0.9763
SHAKIR      ,SAS,0.5089
SHAKOOR     ,SAS,0.7306
SHAKYA      ,NP,0.9282
SHALIZI     ,AF,0.9149
SHALLWANI   ,SAS,0.8
SHALWANI    ,SAS,1
SHAM        ,GCA,0.655
SHAMDASANI  ,SAS,0.7561
SHAMEEM     ,SAS,0.8108
SHAMIM      ,SAS,0.92
SHAMSHAD    ,SAS,0.8906
SHAMSI      ,SAS,0.7023
SHAMSIE     ,SAS,0.978
SHAMSUDDIN  ,SAS,0.6246
SHAMSUDIN   ,MY,0.7333
SHAN        ,GCA,0.8682
SHANBHAG    ,SAS,0.9905
SHANDILYA   ,SAS,1
SHANG       ,GCA,0.9791
SHANGGUAN   ,GCA,1
SHANKAR     ,SAS,0.7819
SHANKARAN   ,SAS,0.881
SHANKER     ,SAS,0.7907
SHANMUGAM   ,SAS,0.9393
SHANMUGANATH,SAS,0.6792
SHANMUGASUN ,SAS,1
SHANMUGASUND,SAS,0.9687
SHANMUGAVEL ,SAS,1
SHANMUGHAM  ,SAS,1
SHANTA      ,SAS,0.5041
SHAO        ,GCA,0.9793
SHAON       ,SAS,0.8237
SHARAD      ,SAS,1
SHARAN      ,SAS,0.8144
SHARDA      ,SAS,0.9629
SHAREEF     ,SAS,0.5441
SHARIEF     ,SAS,0.6804
SHARIEFF    ,SAS,0.9998
SHARIFY     ,AF,0.5294
SHARIQ      ,SAS,0.8884
SHARKER     ,SAS,0.9991
SHARMA      ,SAS,0.8125
SHARMIN     ,SAS,0.9858
SHASHIDHAR  ,SAS,0.9999
SHASTRI     ,SAS,0.96
SHASTRY     ,SAS,1
SHAU        ,GCA,0.9016
SHAUF       ,RP,0.9211
SHAUKAT     ,SAS,0.9843
SHAZAD      ,SAS,0.6774
SHE         ,GCA,0.9399
SHEEL       ,SAS,0.8877
SHEFA       ,AF,0.6346
SHEH        ,GCA,0.8888
SHEHZAD     ,SAS,1
SHEI        ,GCA,0.8543
SHEIK       ,SAS,0.5399
SHEIKH      ,SAS,0.733
SHEK        ,GCA,0.8805
SHEKAR      ,SAS,0.9634
SHEKHA      ,SAS,1
SHEKHANI    ,SAS,1
SHEKHAR     ,SAS,0.9815
SHEKHAWAT   ,SAS,1
SHELADIA    ,SAS,1
SHELAR      ,SAS,0.938
SHELAT      ,SAS,0.9631
SHELKE      ,SAS,1
SHEN        ,GCA,0.9681
SHENAI      ,SAS,1
SHENDE      ,SAS,0.9748
SHENG       ,GCA,0.9631
SHENOI      ,SAS,1
SHENOY      ,SAS,0.9789
SHEORAN     ,SAS,1
SHERA       ,SAS,0.5377
SHERALI     ,SAS,0.8219
SHERAZ      ,SAS,0.913
SHERAZI     ,SAS,0.9659
SHERCHAN    ,NP,0.8898
SHERDIL     ,AF,0.878
SHERE       ,SAS,0.7527
SHERGILL    ,SAS,0.8479
SHERI       ,SAS,0.7451
SHERPA      ,NP,0.8789
SHERRING    ,SAS,0.6762
SHERWANI    ,SAS,0.8571
SHERZAD     ,AF,0.8871
SHERZADA    ,AF,0.9268
SHERZAI     ,AF,0.9152
SHESHADRI   ,SAS,1
SHET        ,SAS,1
SHETE       ,SAS,1
SHETH       ,SAS,0.9549
SHETTI      ,SAS,1
SHETTIGAR   ,SAS,1
SHETTY      ,SAS,0.978
SHETYE      ,SAS,1
SHEU        ,GCA,0.9374
SHEUNG      ,GCA,1
SHEVADE     ,SAS,1
SHEY        ,GCA,0.5151
SHI         ,GCA,0.9821
SHIA        ,GCA,0.6544
SHIAH       ,GCA,0.9527
SHIANG      ,GCA,0.909
SHIAO       ,GCA,0.9539
SHIAU       ,GCA,0.9346
SHIBA       ,JA,0.7691
SHIBAGAKI   ,JA,1
SHIBAHARA   ,JA,0.9697
SHIBANO     ,JA,1
SHIBAO      ,JA,0.8071
SHIBASAKI   ,JA,1
SHIBATA     ,JA,0.9523
SHIBAYAMA   ,JA,0.9497
SHIBAZAKI   ,JA,1
SHIBU       ,SAS,0.923
SHIBUKAWA   ,JA,0.8947
SHIBUSAWA   ,JA,1
SHIBUTANI   ,JA,1
SHIBUYA     ,JA,0.9683
SHIDA       ,JA,1
SHIDO       ,JA,0.7958
SHIE        ,GCA,0.8197
SHIEH       ,GCA,0.9402
SHIEKH      ,SAS,0.7761
SHIGA       ,JA,0.9774
SHIGAKI     ,JA,0.9628
SHIGEHARA   ,JA,0.9999
SHIGEKAWA   ,JA,0.8623
SHIGEMASA   ,JA,0.9775
SHIGEMATSU  ,JA,0.9777
SHIGEMI     ,JA,0.9991
SHIGEMITSU  ,JA,0.8835
SHIGEMORI   ,JA,1
SHIGEMOTO   ,JA,0.9871
SHIGEMURA   ,JA,0.9131
SHIGENAGA   ,JA,0.9428
SHIGENO     ,JA,1
SHIGEOKA    ,JA,0.9971
SHIGETA     ,JA,0.9992
SHIGETOMI   ,JA,0.9199
SHIGIHARA   ,JA,0.9983
SHIGRI      ,SAS,1
SHIH        ,GCA,0.9571
SHIINA      ,JA,1
SHIINO      ,JA,1
SHIKAMA     ,JA,1
SHIKANO     ,JA,1
SHIKATA     ,JA,1
SHIKDER     ,SAS,1
SHIKUMA     ,JA,0.8991
SHIL        ,SAS,0.8152
SHIM        ,XK,0.9128
SHIMA       ,JA,0.8258
SHIMABUKURO ,JA,0.5982
SHIMADA     ,JA,0.9637
SHIMAHARA   ,JA,0.996
SHIMAKAWA   ,JA,1
SHIMAMOTO   ,JA,0.9772
SHIMAMURA   ,JA,0.9887
SHIMANE     ,JA,0.9968
SHIMANO     ,JA,1
SHIMANUKI   ,JA,1
SHIMAOKA    ,JA,0.9494
SHIMASAKI   ,JA,0.9117
SHIMAUCHI   ,JA,1
SHIMAZAKI   ,JA,1
SHIMAZU     ,JA,0.9898
SHIMBO      ,JA,1
SHIMIZU     ,JA,0.9529
SHIMMURA    ,JA,1
SHIMO       ,JA,0.9468
SHIMODA     ,JA,0.9613
SHIMOJI     ,JA,1
SHIMOJIMA   ,JA,1
SHIMOJO     ,JA,0.962
SHIMOKAWA   ,JA,0.967
SHIMOMURA   ,JA,0.9558
SHIMONISHI  ,JA,0.8771
SHIMONO     ,JA,0.9109
SHIMOOKA    ,JA,0.9984
SHIMOSAKA   ,JA,0.9998
SHIMOTSU    ,JA,0.9855
SHIMOYAMA   ,JA,1
SHIMOZAKI   ,JA,0.9965
SHIMOZONO   ,JA,0.9993
SHIMPI      ,SAS,1
SHIMURA     ,JA,0.9804
SHIN        ,XK,0.9536
SHINADA     ,JA,1
SHINAGAWA   ,JA,0.9808
SHINDE      ,SAS,0.9862
SHINDO      ,JA,0.9842
SHING       ,GCA,0.8344
SHINGAI     ,JA,1
SHINGALA    ,SAS,1
SHINGU      ,JA,0.9978
SHINH       ,SAS,1
SHINJO      ,JA,0.9474
SHINKAI     ,JA,0.9677
SHINKAWA    ,JA,0.8833
SHINMOTO    ,JA,0.6983
SHINNO      ,JA,0.8226
SHINO       ,JA,0.5826
SHINODA     ,JA,0.983
SHINOHARA   ,JA,0.9706
SHINOMIYA   ,JA,1
SHINOZAKI   ,JA,1
SHINOZUKA   ,JA,1
SHINTAKU    ,JA,0.9088
SHINTANI    ,JA,0.9501
SHINTO      ,JA,0.8663
SHINWARI    ,SAS,0.5446
SHINYA      ,JA,1
SHINZATO    ,JA,0.6696
SHIOBARA    ,JA,1
SHIODA      ,JA,1
SHIOI       ,JA,0.9995
SHIOJI      ,JA,0.9807
SHIOKAWA    ,JA,0.9244
SHIOMI      ,JA,0.9612
SHIONO      ,JA,1
SHIOSAKI    ,JA,0.7297
SHIOTA      ,JA,1
SHIOTANI    ,JA,0.9657
SHIOYA      ,JA,1
SHIOZAKI    ,JA,0.9996
SHIOZAWA    ,JA,0.9797
SHIRAGA     ,JA,0.9318
SHIRAHAMA   ,JA,1
SHIRAHATA   ,JA,1
SHIRAI      ,JA,0.8536
SHIRAISHI   ,JA,0.9701
SHIRAIWA    ,JA,1
SHIRAKATA   ,JA,0.9995
SHIRAKAWA   ,JA,0.9879
SHIRAKI     ,JA,0.9643
SHIRAKURA   ,JA,0.9362
SHIRALI     ,SAS,0.6271
SHIRAMIZU   ,JA,0.839
SHIRASAKI   ,JA,1
SHIRATA     ,JA,1
SHIRATO     ,JA,1
SHIRATORI   ,JA,0.9839
SHIRAZ      ,SAS,0.79990000000000006
SHIREEN     ,SAS,1
SHIRIN      ,SAS,0.5575
SHIRKE      ,SAS,1
SHIRODKAR   ,SAS,0.9725
SHIROISHI   ,JA,0.9686
SHIROMA     ,JA,0.6021
SHIROTA     ,JA,0.9996
SHIROYAMA   ,JA,0.999
SHIRSAT     ,SAS,1
SHIRZAD     ,AF,0.5133
SHISHIDO    ,JA,0.8706
SHITARA     ,JA,1
SHITO       ,JA,0.9919
SHIU        ,GCA,0.9106
SHIUE       ,GCA,1
SHIVAKUMAR  ,SAS,0.9796
SHIVANI     ,SAS,0.9302
SHIVANNA    ,SAS,1
SHIVAPRASAD ,SAS,1
SHIVARAM    ,SAS,1
SHIVASHANKAR,SAS,1
SHIVDASANI  ,SAS,1
SHIVKUMAR   ,SAS,0.8
SHIWAKOTI   ,NP,0.9206
SHOAIB      ,SAS,0.941
SHODA       ,JA,0.8929
SHODHAN     ,SAS,1
SHOEB       ,SAS,0.6034
SHOJI       ,JA,0.9461
SHOKAR      ,SAS,0.8103
SHOKER      ,SAS,0.9442
SHOKOOR     ,AF,0.9991
SHOME       ,SAS,1
SHON        ,XK,0.96
SHONO       ,JA,0.8925
SHOOR       ,SAS,0.7076
SHORI       ,SAS,0.8101
SHOU        ,GCA,0.8933
SHOUKAT     ,SAS,1
SHRESTHA    ,NP,0.9357
SHRIDHAR    ,SAS,1
SHRIKHANDE  ,SAS,1
SHRIMALI    ,SAS,1
SHRINGARPURE,SAS,1
SHRIRAM     ,SAS,0.9997
SHRIVASTAV  ,SAS,0.9394
SHRIVASTAVA ,SAS,0.9803
SHROFF      ,SAS,0.9459
SHU         ,GCA,0.8505
SHUAI       ,GCA,1
SHUDO       ,JA,1
SHUEH       ,GCA,0.9999
SHUEN       ,GCA,0.8594
SHUI        ,GCA,0.9206
SHUJA       ,SAS,0.7956
SHUKLA      ,SAS,0.9443
SHUM        ,GCA,0.8612
SHUN        ,GCA,0.7036
SHUNG       ,GCA,0.8332
SHURA       ,SAS,0.5583
SHUTO       ,JA,1
SHWE        ,BM,0.8676
SHYAM       ,SAS,0.9561
SHYAMSUNDAR ,SAS,0.9999
SHYONG      ,GCA,1
SHYR        ,GCA,0.9558
SHYU        ,GCA,0.9738
SHYY        ,GCA,0.902
SI          ,GCA,0.5448
SIA         ,RP,0.6479
SIADOR      ,RP,1
SIAGIAN     ,BIA,0.8333
SIAH        ,MY,0.5135
SIAHAAN     ,BIA,0.9278
SIAL        ,SAS,0.9788
SIALANA     ,RP,0.9832
SIANGCO     ,RP,0.8935
SIANIPAR    ,BIA,0.9062
SIANTURI    ,BIA,0.9123
SIAO        ,RP,0.6049
SIAOTONG    ,RP,1
SIAPNO      ,RP,1
SIAROT      ,RP,0.9676
SIASOCO     ,RP,1
SIASON      ,RP,1
SIAT        ,RP,0.8444
SIAU        ,MY,0.5059
SIAUW       ,BIA,0.8351
SIAZON      ,RP,1
SIBAL       ,RP,0.8913
SIBAYAN     ,RP,1
SIBI        ,SAS,0.6387
SIBIA       ,SAS,0.7667
SIBOUNHEUANG,LA,0.9318
SIBUCAO     ,RP,0.9995
SIBUG       ,RP,1
SIBULO      ,RP,1
SICAM       ,RP,1
SICAT       ,RP,0.9857
SICO        ,RP,0.7659
SIDANA      ,SAS,1
SIDAVONG    ,LA,0.9999
SIDDIK      ,SAS,0.6545
SIDDIKA     ,SAS,1
SIDDIKI     ,SAS,0.8485
SIDDIOUI    ,SAS,1
SIDDIQ      ,SAS,0.8145
SIDDIQA     ,SAS,1
SIDDIQI     ,SAS,0.8269
SIDDIQUA    ,SAS,0.9815
SIDDIQUE    ,SAS,0.9238
SIDDIQUEE   ,SAS,0.8969
SIDDIQUI    ,SAS,0.9138
SIDDIQUIE   ,SAS,1
SIDECO      ,RP,1
SIDEK       ,MY,0.8889
SIDHARTA    ,BIA,0.9383
SIDHER      ,SAS,0.9997
SIDHU       ,SAS,0.898
SIDHWA      ,SAS,0.9333
SIDIQI      ,AF,0.9136
SIEGA       ,RP,0.5768
SIENES      ,RP,0.9
SIENG       ,CB,0.8505
SIEU        ,CB,0.8458
SIEV        ,CB,0.6009
SIEW        ,MY,0.5387
SIGDEL      ,NP,0.907
SIGNEY      ,RP,0.8947
SIGNO       ,RP,0.8347
SIGUA       ,RP,0.8788
SIH         ,GCA,0.7073
SIHACHACK   ,LA,0.8387
SIHALATH    ,LA,0.9062
SIHAPANYA   ,LA,0.9474
SIHARAJ     ,LA,0.9262
SIHARATH    ,LA,0.8811
SIHAVONG    ,LA,0.8838
SIHN        ,XK,0.9423
SIHOMBING   ,BIA,0.8448
SIHOTA      ,SAS,0.7795
SIHOTANG    ,BIA,0.8714
SIHRA       ,SAS,1
SII         ,MY,0.9942
SIJAPATI    ,NP,0.95
SIKAND      ,SAS,0.9366
SIKANDAR    ,SAS,0.9452
SIKANDER    ,SAS,0.8889
SIKAT       ,RP,1
SIKDAR      ,SAS,1
SIKDER      ,SAS,0.9664
SIKKA       ,SAS,0.9611
SIKRI       ,SAS,1
SIL         ,SAS,0.7522
SILABAN     ,BIA,0.925
SILALAHI    ,BIA,0.8556
SILAN       ,RP,0.8707
SILANG      ,RP,1
SILAO       ,RP,0.8417
SILAPHET    ,LA,1
SILAVONG    ,LA,0.9593
SILAY       ,RP,0.578
SILITONGA   ,BIA,0.8571
SILO        ,RP,0.6128
SILOT       ,RP,0.5554
SILVANO     ,RP,0.6524
SILVINO     ,RP,0.8332
SILWAL      ,NP,0.8387
SIMAMORA    ,BIA,0.8913
SIMANDJUNTAK,BIA,0.8571
SIMANGAN    ,RP,1
SIMANJUNTAK ,BIA,0.8907
SIMATUPANG  ,BIA,0.8235
SIMBAJON    ,RP,1
SIMBE       ,RP,0.7221
SIMBOL      ,RP,0.9995
SIMBOLON    ,BIA,0.9608
SIMBRE      ,RP,0.9686
SIMBULAN    ,RP,1
SIMHA       ,SAS,0.816
SIMHADRI    ,SAS,1
SIMJEE      ,BM,0.5085
SIMKHADA    ,NP,1
SIMORANGKIR ,BIA,0.9
SIMPAO      ,RP,1
SIMPAUCO    ,RP,1
SIMPELO     ,RP,1
SIMPLICIANO ,RP,0.9993
SIMSUANGCO  ,RP,1
SINAGA      ,BIA,0.9119
SINCO       ,RP,0.9135
SINDAC      ,RP,1
SINDAYEN    ,RP,0.907
SINDHA      ,SAS,1
SINDHI      ,SAS,1
SINDHU      ,SAS,0.9769
SINDHWANI   ,SAS,1
SINEL       ,RP,0.6214
SINFUEGO    ,RP,1
SINGAL      ,SAS,0.8658
SINGAM      ,SAS,0.78
SINGAMSETTY ,SAS,1
SINGARAJU   ,SAS,1
SINGARAM    ,SAS,0.9524
SINGARAVELU ,SAS,1
SINGAREDDY  ,SAS,1
SINGCO      ,RP,1
SINGH       ,SAS,0.7806
SINGHA      ,SAS,0.7892
SINGHAI     ,SAS,1
SINGHAL     ,SAS,0.9814
SINGHANIA   ,SAS,0.9485
SINGHARAJ   ,LA,0.9275
SINGHARATH  ,LA,0.8955
SINGHAVONG  ,LA,0.9999
SINGHI      ,SAS,1
SINGHVI     ,SAS,1
SINGIAN     ,RP,0.9579
SINGIREDDY  ,SAS,1
SINGKEO     ,LA,0.7168
SINGLA      ,SAS,0.9601
SINGSON     ,RP,0.9923
SINGTHONG   ,TH,0.5946
SINGVONGSA  ,LA,0.9994
SINGZON     ,RP,1
SINH        ,VM,0.5961
SINHA       ,SAS,0.9629
SINHAROY    ,SAS,1
SINKAR      ,SAS,1
SINLAO      ,RP,1
SINOCRUZ    ,RP,1
SINON       ,RP,0.613
SINSAY      ,RP,0.9997
SINSON      ,RP,0.9989
SINT        ,BM,0.9
SINTHAVONG  ,LA,0.9284
SIOCHI      ,RP,0.9362
SIOCO       ,RP,1
SIOJO       ,RP,1
SIONGCO     ,RP,0.9508
SIORES      ,RP,1
SIOSON      ,RP,0.9903
SIOU        ,GCA,0.6771
SIOW        ,MY,0.6886
SIP         ,CB,0.549
SIPASEUTH   ,LA,1
SIPIN       ,RP,0.983
SIPPY       ,SAS,0.6663
SIPRASEUTH  ,LA,0.7871
SIQUIG      ,RP,0.9997
SIRAIT      ,BIA,0.9474
SIRAJ       ,SAS,0.6156
SIRAJUDDIN  ,SAS,0.9167
SIRAM       ,SAS,0.8
SIRCAR      ,SAS,0.9281
SIREGAR     ,BIA,0.8947
SIRIBAN     ,RP,1
SIRICHANTHO ,LA,0.8571
SIRIGIRI    ,SAS,1
SIRIKUL     ,TH,1
SIRIPURAM   ,SAS,1
SIRIPURAPU  ,SAS,1
SIRISACK    ,LA,0.9994
SIRIVONG    ,LA,0.8654
SIRIWARDENA ,CE,1
SIROHI      ,SAS,1
SIRON       ,RP,0.7829
SIRUNO      ,RP,0.8702
SISAVANH    ,LA,0.8823
SISAVAT     ,LA,0.7997
SISAVATH    ,LA,0.9244
SISCAR      ,RP,1
SISODIA     ,SAS,0.8492
SISODIYA    ,SAS,0.7358
SISOMBATH   ,LA,0.9416
SISOMPHANE  ,LA,0.7406
SISOMPHOU   ,LA,0.9315
SISON       ,RP,0.9759
SISOUNTHONE ,LA,0.8627
SISOUPHANH  ,LA,0.9052
SISOUVANH   ,LA,0.94
SISOUVONG   ,LA,0.963
SISOWATH    ,CB,0.9298
SISTA       ,SAS,0.9693
SISTLA      ,SAS,1
SISTOSO     ,RP,0.9999
SISTOZA     ,RP,0.9996
SISWANTO    ,BIA,0.8929
SIT         ,GCA,0.8509
SITANGGANG  ,BIA,0.8292
SITAPARA    ,SAS,0.9245
SITARAM     ,SAS,0.519
SITARAMAN   ,SAS,1
SITAULA     ,NP,0.7808
SITCHON     ,RP,0.9571
SITH        ,CB,0.7839
SITHIDETH   ,LA,0.9999
SITHIPHONG  ,LA,0.9999
SITHONG     ,LA,0.9966
SITJAR      ,RP,0.8823
SITOMPUL    ,BIA,0.92
SITORUS     ,BIA,0.875
SITOU       ,GCA,0.8387
SITOULA     ,NP,0.7647
SITU        ,GCA,0.9934
SITUMEANG   ,BIA,0.8615
SITUMORANG  ,BIA,0.8202
SIU         ,GCA,0.6872
SIV         ,CB,0.9161
SIVADAS     ,SAS,1
SIVADASAN   ,SAS,0.9375
SIVAGNANAM  ,SAS,0.697
SIVAKUMAR   ,SAS,0.9066
SIVAKUMARAN ,SAS,0.5
SIVALINGAM  ,SAS,0.6294
SIVAM       ,SAS,0.6857
SIVANANDAM  ,SAS,1
SIVANANDAN  ,SAS,0.7317
SIVANESAN   ,SAS,0.5507
SIVAPRAKASAM,SAS,0.9515
SIVARAJ     ,SAS,0.9333
SIVARAJAN   ,SAS,0.902
SIVARAM     ,SAS,0.9219
SIVARAMAKRIS,SAS,1
SIVARAMAN   ,SAS,0.9639
SIVASANKARAN,SAS,1
SIVASUBRAMAN,SAS,0.8776
SIVIA       ,SAS,0.8387
SIVILA      ,RP,0.7895
SIVILAY     ,LA,0.8994
SIVIXAY     ,LA,0.8125
SIVONGSA    ,LA,0.9047
SIVONGSAY   ,LA,0.9318
SIVONGXAY   ,LA,0.8983
SIWAKOTI    ,BT,0.6733
SIY         ,RP,0.9663
SKARIA      ,SAS,0.8813
SKARIAH     ,SAS,0.9697
SLAMET      ,BIA,0.8511
SLEN        ,VM,0.9018
SNAER       ,RP,0.9392
SNG         ,SN,0.8972
SNGUON      ,CB,0.8529
SOANS       ,SAS,1
SOBEJANA    ,RP,1
SOBERANO    ,RP,0.6744
SOBHAN      ,SAS,0.7647
SOBREMONTE  ,RP,1
SOBREPENA   ,RP,1
SOBTI       ,SAS,0.9394
SOBUE       ,JA,1
SOCO        ,RP,0.8713
SODA        ,JA,0.5614
SODAGAR     ,SAS,0.6333
SODEYAMA    ,JA,1
SODHA       ,SAS,0.5378
SODHI       ,SAS,0.9241
SODUSTA     ,RP,1
SOE         ,BM,0.559
SOEDA       ,JA,1
SOEJIMA     ,JA,1
SOENG       ,CB,0.6969
SOESANTO    ,BIA,0.85
SOESILO     ,BIA,0.9333
SOETANTO    ,BIA,0.8738
SOEUM       ,CB,0.773
SOEUN       ,CB,0.8483
SOEUNG      ,CB,0.7934
SOEUR       ,CB,0.8476
SOFIAN      ,BIA,0.5083
SOFYAN      ,BIA,0.5484
SOGA        ,JA,0.9779
SOGABE      ,JA,0.9524
SOGAWA      ,JA,1
SOGI        ,JA,0.5151
SOGO        ,JA,0.9464
SOHAIL      ,SAS,0.9629
SOHAL       ,SAS,0.8905
SOHANI      ,SAS,0.8992
SOHEL       ,SAS,1
SOHI        ,SAS,0.8716
SOHN        ,XK,0.9184
SOHNE       ,XK,0.7241
SOHNG       ,XK,1
SOHONI      ,SAS,1
SOIN        ,SAS,0.9518
SOJITRA     ,SAS,1
SOK         ,CB,0.7867
SOKHA       ,CB,0.5755
SOKHI       ,SAS,0.82
SOLAIMAN    ,SAS,0.6204
SOLANKI     ,SAS,0.8563
SOLANKY     ,SAS,0.931
SOLAS       ,RP,0.6143
SOLEDAD     ,RP,0.5182
SOLEMA      ,RP,0.9987
SOLERO      ,RP,0.5829
SOLETA      ,RP,0.94
SOLIDUM     ,RP,0.9808
SOLIMA      ,RP,0.6576
SOLINAP     ,RP,1
SOLIPURAM   ,SAS,1
SOLITARIO   ,RP,0.835
SOLIVA      ,RP,0.8866
SOLIVEN     ,RP,0.9999
SOLLANO     ,RP,0.6351
SOLON       ,RP,0.5168
SOLORIA     ,RP,0.7656
SOM         ,CB,0.7508
SOMA        ,JA,0.5745
SOMAIYA     ,SAS,0.8559
SOMAL       ,SAS,0.9381
SOMAN       ,SAS,0.77
SOMANCHI    ,SAS,1
SOMANI      ,SAS,0.8684
SOMASHEKAR  ,SAS,1
SOMASUNDARAM,SAS,0.895
SOMAVARAPU  ,SAS,1
SOMAYAJI    ,SAS,1
SOMAYAJULA  ,SAS,1
SOMBATH     ,LA,0.9996
SOMBOON     ,TH,0.9178
SOMBRIO     ,RP,0.6334
SOMERA      ,RP,0.9373
SOMEYA      ,JA,1
SOMISETTY   ,SAS,1
SOMPALLI    ,SAS,1
SOMPHONE    ,LA,1
SOMPURA     ,SAS,1
SOMSACK     ,LA,0.7799
SOMSAK      ,TH,0.7093
SOMSANITH   ,LA,0.9557
SOMU        ,SAS,1
SOMVANG     ,LA,0.875
SON         ,XK,0.7412
SONAK       ,SAS,0.918
SONAM       ,GCA,0.5648
SONANI      ,SAS,1
SONAR       ,SAS,0.9322
SONAWANE    ,SAS,1
SONDHI      ,SAS,0.9384
SONE        ,JA,0.6032
SONEJI      ,SAS,0.9634
SONG        ,XK,0.6279
SONGALIA    ,RP,1
SONGCO      ,RP,0.9915
SONGCUAN    ,RP,1
SONGVILAY   ,LA,0.9454
SONI        ,SAS,0.9354
SONIA       ,SAS,0.66
SONICO      ,RP,0.993
SONIDO      ,RP,0.7367
SONO        ,JA,0.573
SONOBE      ,JA,1
SONODA      ,JA,0.9272
SONON       ,RP,0.6118
SONSON      ,RP,0.5032
SONTI       ,SAS,1
SONU        ,XK,0.6383
SONZA       ,RP,0.9435
SOOCH       ,SAS,1
SOOD        ,SAS,0.9093
SOOFI       ,SAS,0.5508
SOOHOO      ,GCA,0.9247
SOOK        ,XK,0.7635
SOOMRO      ,SAS,0.9887
SOONG       ,GCA,0.7864
SOPHA       ,LA,0.684
SOPHABMIXAY ,LA,0.9
SOPHAL      ,CB,0.7862
SOPRASEUTH  ,LA,0.9999
SOR         ,CB,0.8126
SORANAKA    ,JA,0.9958
SORATHIA    ,SAS,0.9314
SORENG      ,SAS,0.63
SORIENTE    ,RP,0.999
SORILLA     ,RP,0.9982
SORIO       ,RP,0.8666
SORM        ,CB,0.7877
SORN        ,CB,0.7154
SORONGON    ,RP,1
SORTE       ,SAS,0.9088
SOT         ,CB,0.5991
SOTERAS     ,RP,0.5449
SOTH        ,CB,0.7982
SOTTO       ,RP,0.9287
SOU         ,CB,0.5484
SOUK        ,CB,0.5818
SOUKASEUM   ,LA,0.9998
SOUKHASEUM  ,LA,0.9999
SOUKHAVONG  ,LA,0.9318
SOUKKEO     ,LA,0.9885
SOUKSAVATH  ,LA,0.9267
SOULIVONG   ,LA,0.9482
SOUM        ,CB,0.6875
SOUMPHOLPHAK,LA,0.8833
SOUMPHONPHAK,LA,0.8913
SOUN        ,CB,0.8141
SOUNDARA    ,LA,0.9022
SOUNDARARAJA,SAS,1
SOUNGPANYA  ,LA,1
SOUNTHALA   ,LA,0.9997
SOUNTHONE   ,LA,0.9985
SOUPHANTHAVO,LA,1
SOUR        ,CB,0.7497
SOURIGNAVONG,LA,0.9998
SOURIVONG   ,LA,0.9286
SOURIYA     ,LA,0.9284
SOURIYAMATH ,LA,0.9999
SOURIYAVONG ,LA,0.8459
SOURIYAVONGS,LA,0.8542
SOURN       ,CB,0.9994
SOURYAVONG  ,LA,0.8568
SOUTHAMMAVON,LA,0.9485
SOUTHICHACK ,LA,0.9999
SOUTHIVONG  ,LA,0.8594
SOUTHIVONGNO,LA,1
SOUVANNA    ,LA,0.9375
SOUVANNARATH,LA,0.8557
SOUVANNASANE,LA,0.9625
SOUVANNASENG,LA,0.9999
SOUVANNASING,LA,0.7884
SOUVANNASY  ,LA,0.9999
SOUVANNAVONG,LA,0.9564
SOUVANTHONG ,LA,0.9142
SOV         ,CB,0.9117
SOVAN       ,CB,0.9967
SOVANN      ,CB,0.8447
SOY         ,CB,0.6064
SOYA        ,JA,0.5759
SOYANGCO    ,RP,1
SOYINTHISANE,LA,0.8797
SPHABMIXAY  ,LA,0.9487
SRA         ,SAS,0.9561
SRAN        ,SAS,0.9528
SREEDHAR    ,SAS,1
SREEDHARAN  ,SAS,0.942
SREEKANTH   ,SAS,0.9997
SREEKUMAR   ,SAS,1
SREENATH    ,SAS,1
SREENIVAS   ,SAS,1
SREENIVASAN ,SAS,0.9806
SREERAM     ,SAS,1
SREERAMA    ,SAS,1
SRENG       ,CB,0.8769
SREY        ,CB,0.8902
SRIDHAR     ,SAS,0.98
SRIDHARA    ,SAS,1
SRIDHARAN   ,SAS,0.9827
SRIHARI     ,SAS,0.9997
SRIKANT     ,SAS,0.9999
SRIKANTH    ,SAS,0.9998
SRIKANTHAN  ,SAS,0.5581
SRIKUMAR    ,SAS,0.76
SRINATH     ,SAS,1
SRINIVAS    ,SAS,0.9946
SRINIVASA   ,SAS,1
SRINIVASAMUR,SAS,1
SRINIVASAN  ,SAS,0.9846
SRINIVASARA ,SAS,1
SRINIVASARAG,SAS,1
SRIPADA     ,SAS,1
SRIPATHI    ,SAS,1
SRIPATHY    ,SAS,0.9231
SRIPRASERT  ,TH,1
SRIRAM      ,SAS,0.9361
SRIRAMA     ,SAS,1
SRIRAMAN    ,SAS,1
SRIRANGAM   ,SAS,1
SRISAWAT    ,TH,1
SRISUK      ,TH,1
SRISUWAN    ,TH,0.95
SRITHARAN   ,CE,0.5873
SRIVASTAV   ,SAS,0.9366
SRIVASTAVA  ,SAS,0.9669
SRIVATSA    ,SAS,0.9997
SRIVATSAN   ,SAS,0.9996
SRUN        ,CB,0.9244
STAANA      ,RP,0.993
STACRUZ     ,RP,1
STAGEN      ,RP,0.9616
STALIN      ,SAS,0.7478
STAMARIA    ,RP,1
STANLY      ,SAS,0.5506
STAROMANA   ,RP,1
STAROSA     ,RP,1
STHAPIT     ,NP,1
STODOMINGO  ,RP,1
STOHNER     ,RP,0.8598
STOTOMAS    ,RP,1
SU          ,GCA,0.8386
SUANSING    ,RP,1
SUASIN      ,RP,1
SUAYAN      ,RP,0.9999
SUBA        ,RP,0.6681
SUBASH      ,SAS,1
SUBASINGHE  ,CE,1
SUBBA       ,BT,0.6406
SUBBAIAH    ,SAS,1
SUBBARAMAN  ,SAS,1
SUBBARAO    ,SAS,0.9834
SUBBARAYAN  ,SAS,1
SUBBIAH     ,SAS,0.9708
SUBEDAR     ,SAS,0.8428
SUBEDI      ,NP,0.5065
SUBHAN      ,SAS,0.5858
SUBHANI     ,SAS,1
SUBHASH     ,SAS,0.9997
SUBHEDAR    ,SAS,1
SUBIDA      ,RP,1
SUBIDO      ,RP,1
SUBIJANO    ,RP,1
SUBILLAGA   ,RP,0.7805
SUBRAHMANYAM,SAS,1
SUBRAMANI   ,SAS,0.8935
SUBRAMANIAM ,SAS,0.7864
SUBRAMANIAN ,SAS,0.9828
SUBRAMANIYAM,SAS,0.8448
SUBRAMANIYAN,SAS,1
SUBRAMANYA  ,SAS,1
SUBRAMANYAM ,SAS,1
SUBRAMANYAN ,SAS,1
SUBROTO     ,BIA,0.8667
SUBUDHI     ,SAS,1
SUBZWARI    ,SAS,0.909
SUCALDITO   ,RP,1
SUCGANG     ,RP,1
SUCHAK      ,SAS,0.7757
SUCK        ,XK,0.6051
SUD         ,SAS,0.9042
SUDA        ,JA,0.5965
SUDAN       ,SAS,0.8421
SUDARIA     ,RP,0.9998
SUDARIO     ,RP,0.8889
SUDARSAN    ,SAS,0.898
SUDARSANAM  ,SAS,1
SUDARSHAN   ,SAS,0.9999
SUDHAKAR    ,SAS,0.9182
SUDHAKARAN  ,SAS,1
SUDHIR      ,SAS,0.9998
SUDINI      ,SAS,1
SUDO        ,JA,0.9611
SUEDA       ,JA,0.9664
SUEDE       ,RP,0.6171
SUEHIRO     ,JA,0.8976
SUEKI       ,JA,0.9996
SUELA       ,RP,1
SUELTO      ,RP,0.7647
SUEMATSU    ,JA,1
SUEMORI     ,JA,0.9882
SUEN        ,GCA,0.909
SUENAGA     ,JA,0.9267
SUENO       ,RP,0.7387
SUEOKA      ,JA,0.8508
SUETOS      ,RP,0.9613
SUETSUGU    ,JA,0.9306
SUEYOSHI    ,JA,0.9301
SUFIAN      ,SAS,0.6228
SUGA        ,JA,0.8732
SUGABO      ,RP,1
SUGAHARA    ,JA,0.9797
SUGAI       ,JA,0.8726
SUGANO      ,JA,0.9157
SUGANUMA    ,JA,1
SUGATA      ,JA,1
SUGATAN     ,RP,1
SUGAVANAM   ,SAS,1
SUGAWA      ,JA,0.9996
SUGAWARA    ,JA,1
SUGAY       ,RP,1
SUGAYA      ,JA,1
SUGI        ,JA,1
SUGIANTO    ,BIA,0.8644
SUGIARTO    ,BIA,0.9344
SUGIE       ,JA,1
SUGIHARA    ,JA,0.9757
SUGIHARTO   ,BIA,0.7812
SUGII       ,JA,1
SUGIMORI    ,JA,1
SUGIMOTO    ,JA,0.9639
SUGIMURA    ,JA,0.9999
SUGINO      ,JA,1
SUGIOKA     ,JA,0.9502
SUGISAKI    ,JA,1
SUGISHITA   ,JA,1
SUGITA      ,JA,0.9647
SUGITANI    ,JA,1
SUGIUCHI    ,JA,1
SUGIURA     ,JA,0.996
SUGIYAMA    ,JA,0.9629
SUGIZAKI    ,JA,1
SUGO        ,JA,0.9259
SUGUI       ,RP,0.9122
SUGUITAN    ,RP,0.9722
SUGUMAR     ,SAS,0.9245
SUGUMARAN   ,SAS,0.9184
SUH         ,XK,0.9659
SUHAIL      ,SAS,0.6968
SUHARA      ,JA,0.9318
SUHARTO     ,BIA,0.94
SUHENDRA    ,BIA,0.9138
SUHERMAN    ,BIA,0.9146
SUI         ,GCA,0.6501
SUICO       ,RP,1
SUING       ,RP,0.7299
SUITA       ,JA,0.7941
SUJAN       ,SAS,1
SUK         ,XK,0.9148
SUKAMTO     ,BIA,0.8837
SUKEGAWA    ,JA,1
SUKHADIA    ,SAS,1
SUKHAVASI   ,SAS,1
SUKHBAATAR  ,MG,1
SUKHERA     ,SAS,0.9999
SUKHIA      ,SAS,0.9963
SUKHIJA     ,SAS,1
SUKUMAR     ,SAS,0.9725
SUKUMARAN   ,SAS,0.9311
SUL         ,XK,0.9556
SULAEMAN    ,BIA,0.9111
SULEMAN     ,SAS,0.6051
SULISTIO    ,BIA,0.8676
SULISTYO    ,BIA,0.8966
SULIT       ,RP,0.9851
SULL        ,XK,0.651
SULLANO     ,RP,1
SULSE       ,RP,0.9998
SULTAN      ,SAS,0.5107
SULTANA     ,SAS,0.9534
SULTANALI   ,SAS,0.814
SULTANI     ,AF,0.805
SULTANY     ,AF,0.9995
SUMABAT     ,RP,0.9516
SUMAGANG    ,RP,1
SUMAGAYSAY  ,RP,1
SUMAGIT     ,RP,0.9999
SUMAGUE     ,RP,1
SUMAIT      ,RP,0.9837
SUMAJIT     ,RP,1
SUMAL       ,SAS,0.6052
SUMALPONG   ,RP,0.9999
SUMAMPONG   ,RP,1
SUMAN       ,SAS,0.6927
SUMANG      ,RP,0.7352
SUMANTRI    ,BIA,0.9216
SUMAOANG    ,RP,1
SUMAYLO     ,RP,0.9999
SUMBAL      ,SAS,1
SUMBILLO    ,RP,1
SUMERA      ,RP,0.8984
SUMI        ,JA,0.7329
SUMIBCAY    ,RP,0.9996
SUMIDA      ,JA,0.8262
SUMII       ,JA,0.9986
SUMIKAWA    ,JA,1
SUMILANG    ,RP,1
SUMILE      ,RP,0.9093
SUMIMOTO    ,JA,0.9871
SUMINO      ,JA,1
SUMITA      ,JA,0.9697
SUMITANI    ,JA,1
SUMITOMO    ,JA,1
SUMITRA     ,SAS,0.7941
SUMIYA      ,JA,0.8898
SUMIYOSHI   ,JA,1
SUMMAN      ,SAS,0.9995
SUMON       ,SAS,0.8302
SUMRA       ,SAS,0.563
SUMULONG    ,RP,0.975
SUN         ,GCA,0.8979
SUNADA      ,JA,0.8673
SUNAGA      ,JA,0.9712
SUNAGAWA    ,JA,1
SUNAHARA    ,JA,0.8374
SUNAMI      ,JA,1
SUNAR       ,NP,0.525
SUNARTO     ,BIA,0.9107
SUNDAR      ,SAS,0.73
SUNDARA     ,LA,0.8256
SUNDARAM    ,SAS,0.9619
SUNDARAMOORT,SAS,0.964
SUNDARAMURTH,SAS,1
SUNDARARAJ  ,SAS,1
SUNDARARAJAN,SAS,1
SUNDARARAMAN,SAS,1
SUNDARESAN  ,SAS,0.9814
SUNDARESH   ,SAS,1
SUNDARRAJ   ,SAS,1
SUNDARRAJAN ,SAS,1
SUNDER      ,SAS,0.8042
SUNDERRAJ   ,SAS,1
SUNDRANI    ,SAS,1
SUNEJA      ,SAS,1
SUNESARA    ,SAS,1
SUNGA       ,RP,0.9956
SUNGLAO     ,RP,1
SUNICO      ,RP,1
SUNIL       ,SAS,0.9472
SUNILKUMAR  ,SAS,1
SUNIO       ,RP,0.998
SUNKARA     ,SAS,1
SUNKARI     ,SAS,1
SUNKAVALLI  ,SAS,1
SUNKU       ,SAS,1
SUNNER      ,SAS,0.933
SUNNY       ,SAS,0.9127
SUNOO       ,XK,0.9981
SUNTAY      ,RP,1
SUNU        ,XK,0.7273
SUNUWAR     ,BT,0.5476
SUNWAR      ,BT,0.6452
SUNWOO      ,XK,0.9718
SUO         ,GCA,0.8387
SUOM        ,CB,0.791
SUON        ,CB,0.8179
SUONG       ,CB,0.8
SUOS        ,CB,0.8916
SUP         ,XK,0.5684
SUPA        ,TH,0.7883
SUPAN       ,RP,0.7802
SUPAPO      ,RP,1
SUPIT       ,BIA,0.8659
SUPNET      ,RP,0.9759
SUPPIAH     ,MY,0.5493
SUPRA       ,SAS,0.9787
SURA        ,SAS,0.5015
SURABHI     ,SAS,1
SURAJ       ,SAS,0.625
SURALTA     ,RP,1
SURAM       ,SAS,1
SURAMPUDI   ,SAS,1
SURANA      ,SAS,0.9823
SURANI      ,SAS,0.9315
SURAPANENI  ,SAS,1
SURAPARAJU  ,SAS,1
SURAT       ,RP,0.5674
SURATI      ,SAS,0.9474
SURATOS     ,RP,1
SURBAN      ,RP,1
SURE        ,SAS,0.9184
SUREDDI     ,SAS,1
SUREJA      ,SAS,1
SUREKA      ,SAS,1
SURENDRA    ,SAS,0.8542
SURENDRAN   ,SAS,0.8644
SURENDRANATH,SAS,0.6912
SURESH      ,SAS,0.9556
SURESHBABU  ,SAS,1
SURESHKUMAR ,SAS,0.9086
SURH        ,XK,1
SURI        ,SAS,0.8469
SURIGAO     ,RP,0.9766
SURINDERKAU ,SAS,1
SURIO       ,RP,0.7412
SURIYA      ,TH,0.5227
SURJADI     ,BIA,0.8065
SURLA       ,RP,0.8048
SURTI       ,SAS,0.9631
SURUKI      ,JA,0.9987
SURVE       ,SAS,1
SURYA       ,BIA,0.6845
SURYADEVARA ,SAS,1
SURYADI     ,BIA,0.9292
SURYANA     ,BIA,1
SURYANARAYAN,SAS,1
SURYAVANSHI ,SAS,1
SURYAWANSHI ,SAS,1
SUSANTI     ,BIA,0.956
SUSANTO     ,BIA,0.8903
SUSARLA     ,SAS,1
SUSBILLA    ,RP,0.9996
SUSHIL      ,SAS,0.972
SUSILO      ,BIA,0.8434
SUSON       ,RP,0.9963
SUSUKI      ,JA,0.9348
SUTANTO     ,BIA,0.8973
SUTAR       ,SAS,0.6789
SUTARIA     ,SAS,0.9498
SUTARIYA    ,SAS,1
SUTEDJA     ,BIA,0.9375
SUTH        ,CB,0.8812
SUTHAR      ,SAS,0.9923
SUTIKNO     ,BIA,0.8571
SUTIONO     ,BIA,0.9091
SUTJIPTO    ,BIA,0.9
SUTO        ,JA,0.7294
SUTRADHAR   ,SAS,1
SUTRISNO    ,BIA,0.887
SUTTI       ,TH,0.5903
SUVA        ,RP,0.8301
SUVARNA     ,SAS,1
SUWA        ,JA,0.9641
SUWABE      ,JA,1
SUWAL       ,NP,0.9043
SUWAN       ,TH,0.8061
SUWANDI     ,BIA,0.7857
SUY         ,CB,0.7719
SUYAMA      ,JA,0.8904
SUYAT       ,RP,0.9849
SUZAKI      ,JA,1
SUZARA      ,RP,1
SUZAWA      ,JA,0.9856
SUZUKA      ,JA,1
SUZUKAWA    ,JA,0.9922
SUZUKI      ,JA,0.9573
SUZUMURA    ,JA,1
SVAY        ,CB,0.8744
SWAMI       ,SAS,0.8694
SWAMINATHAN ,SAS,0.9782
SWAMY       ,SAS,0.7938
SWARNA      ,SAS,1
SWAROOP     ,SAS,0.9708
SWARUP      ,SAS,1
SWATI       ,SAS,1
SWE         ,BM,0.8864
SY          ,RP,0.5264
SYAL        ,SAS,0.8889
SYAM        ,SAS,0.6667
SYAMALA     ,SAS,1
SYAN        ,SAS,0.6087
SYBOUNHEUANG,LA,0.8531
SYCIP       ,RP,1
SYED        ,SAS,0.9078
SYEDA       ,SAS,0.9756
SYFU        ,RP,1
SYHARATH    ,LA,0.9159
SYHAVONG    ,LA,0.8766
SYN         ,XK,0.78
SYNN        ,XK,0.8804
SYQUIA      ,RP,1
SYRIAC      ,SAS,0.674
SYSAVATH    ,LA,0.8775
SYSOUVANH   ,LA,0.909
SYU         ,GCA,1
SYVONGSA    ,LA,0.9141
SZE         ,GCA,0.9264
SZETO       ,GCA,0.9406
SZTO        ,GCA,0.9996
SZU         ,GCA,0.9479
SZUTU       ,GCA,0.9965
TA          ,VM,0.8984
TAA         ,RP,0.8703
TAACA       ,RP,0.9994
TAAN        ,RP,0.8
TAASAN      ,RP,0.9387
TAASIN      ,RP,1
TABABA      ,RP,1
TABAC       ,RP,0.731
TABACO      ,RP,0.9938
TABADA      ,RP,1
TABADERO    ,RP,1
TABAFUNDA   ,RP,0.9997
TABAG       ,RP,0.997
TABAGO      ,RP,1
TABAJONDA   ,RP,1
TABALDO     ,RP,0.9008
TABALNO     ,RP,0.9979
TABAMO      ,RP,1
TABANERA    ,RP,0.9961
TABANGAY    ,RP,0.9999
TABANGCURA  ,RP,0.995
TABANI      ,SAS,0.878
TABANIAG    ,RP,0.9998
TABANO      ,RP,0.8756
TABARANZA   ,RP,1
TABAS       ,RP,0.7242
TABASSAM    ,SAS,1
TABASSUM    ,SAS,0.985
TABAT       ,RP,0.5175
TABATA      ,JA,0.9515
TABAY       ,RP,0.9998
TABAYOYONG  ,RP,1
TABBADA     ,RP,1
TABEI       ,JA,0.8065
TABERNA     ,RP,0.6142
TABERNERO   ,RP,0.7924
TABERNILLA  ,RP,0.8833
TABIEROS    ,RP,0.9986
TABIJE      ,RP,1
TABIL       ,RP,0.9955
TABILAS     ,RP,1
TABILE      ,RP,0.7485
TABILI      ,RP,1
TABILIN     ,RP,1
TABIN       ,RP,0.8949
TABING      ,RP,0.9996
TABINO      ,RP,0.9838
TABIOLO     ,RP,0.9992
TABION      ,RP,0.9754
TABIOS      ,RP,0.9997
TABISOLA    ,RP,0.9099
TABISULA    ,RP,1
TABITA      ,RP,0.6615
TABLADILLO  ,RP,0.9996
TABLAN      ,RP,1
TABLANG     ,RP,1
TABLANTE    ,RP,1
TABLIT      ,RP,0.9792
TABLIZO     ,RP,1
TABO        ,RP,0.9047
TABON       ,RP,0.8611
TABOTABO    ,RP,1
TABUCBUC    ,RP,0.9987
TABUCHI     ,JA,1
TABUCOL     ,RP,1
TABUDLO     ,RP,0.9995
TABUENA     ,RP,1
TABULA      ,RP,0.9999
TABURA      ,RP,0.7004
TABUSO      ,RP,0.9975
TABUYO      ,RP,0.6937
TACADENA    ,RP,0.9985
TACAN       ,RP,0.7273
TACARDON    ,RP,0.9896
TACAS       ,RP,0.9968
TACATA      ,RP,1
TACAZON     ,RP,0.9999
TACDERAN    ,RP,0.995
TACDOL      ,RP,0.9965
TACHI       ,JA,0.9114
TACHIBANA   ,JA,0.9531
TACHIHARA   ,JA,0.9211
TACHIKAWA   ,JA,1
TACHIKI     ,JA,0.9326
TACHINO     ,JA,0.9994
TACLA       ,RP,0.8798
TACLAY      ,RP,0.999
TACMO       ,RP,1
TACORDA     ,RP,1
TACTACAN    ,RP,0.9971
TACTAY      ,RP,0.9466
TACTO       ,RP,0.9971
TADA        ,JA,0.9518
TADAKAMALLA ,SAS,1
TADAKI      ,JA,0.8184
TADANO      ,JA,0.9999
TADEJA      ,RP,1
TADENA      ,RP,1
TADEPALLI   ,SAS,1
TADI        ,SAS,0.8837
TADIKONDA   ,SAS,1
TADINA      ,RP,0.9999
TADIOS      ,RP,0.8999
TADLE       ,RP,0.9993
TADOKORO    ,JA,0.9767
TADURAN     ,RP,1
TADY        ,RP,0.981
TAE         ,XK,0.8356
TAEZA       ,RP,0.9155
TAFALLA     ,RP,0.9228
TAGA        ,JA,0.7246
TAGABAN     ,RP,0.7694
TAGACA      ,RP,0.9999
TAGAI       ,JA,0.6225
TAGALA      ,RP,1
TAGALICOD   ,RP,0.943
TAGALICUD   ,RP,1
TAGALOG     ,RP,0.9945
TAGAMA      ,RP,1
TAGAMI      ,JA,0.9661
TAGANAS     ,RP,1
TAGARAO     ,RP,0.9999
TAGASHIRA   ,JA,1
TAGATA      ,RP,0.5614
TAGATAC     ,RP,0.9516
TAGAVILLA   ,RP,0.9996
TAGAWA      ,JA,0.941
TAGAYUNA    ,RP,1
TAGGAR      ,SAS,0.814
TAGHAP      ,RP,1
TAGLE       ,RP,0.5734
TAGO        ,JA,0.6072
TAGORDA     ,RP,0.9999
TAGORE      ,SAS,0.85
TAGUBA      ,RP,1
TAGUCHI     ,JA,0.9573
TAGUDAR     ,RP,0.9999
TAGUDIN     ,RP,0.9969
TAGUIAM     ,RP,1
TAGUINOD    ,RP,1
TAGULAO     ,RP,1
TAGUPA      ,RP,0.8416
TAGURA      ,RP,0.9999
TAHARA      ,JA,0.9525
TAHILIANI   ,SAS,1
TAHIM       ,SAS,1
TAHIR       ,SAS,0.6875
TAHIRA      ,SAS,0.7981
TAHIRKHELI  ,SAS,0.9999
TAHSEEN     ,SAS,1
TAHSIN      ,SAS,0.9996
TAI         ,GCA,0.7658
TAILOR      ,SAS,0.8229
TAING       ,CB,0.8525
TAINO       ,RP,0.8595
TAIRA       ,JA,0.8843
TAJ         ,SAS,0.7318
TAJAN       ,RP,0.8384
TAJANLANGIT ,RP,1
TAJIMA      ,JA,0.9819
TAJIRI      ,JA,0.9399
TAJON       ,RP,0.9996
TAJONERA    ,RP,0.9268
TAJUDDIN    ,SAS,0.7111
TAK         ,XK,0.7008
TAKA        ,JA,0.6025
TAKABA      ,JA,0.9996
TAKABATAKE  ,JA,1
TAKABAYASHI ,JA,0.968
TAKADA      ,JA,0.9668
TAKAESU     ,JA,0.996
TAKAFUJI    ,JA,0.9396
TAKAGAKI    ,JA,1
TAKAGI      ,JA,0.9729
TAKAGISHI   ,JA,0.9993
TAKAHAMA    ,JA,0.9997
TAKAHARA    ,JA,0.987
TAKAHASHI   ,JA,0.9551
TAKAHATA    ,JA,0.9726
TAKAHIRA    ,JA,1
TAKAI       ,JA,0.8347
TAKAICHI    ,JA,1
TAKAISHI    ,JA,1
TAKAKI      ,JA,0.8827
TAKAKU      ,JA,1
TAKAKURA    ,JA,0.9651
TAKAKUWA    ,JA,1
TAKAMATSU   ,JA,0.98740000000000006
TAKAMI      ,JA,1
TAKAMINE    ,JA,0.9781
TAKAMIYA    ,JA,0.9657
TAKAMORI    ,JA,0.9694
TAKAMOTO    ,JA,0.9174
TAKAMURA    ,JA,0.9487
TAKANASHI   ,JA,1
TAKANE      ,JA,0.9974
TAKANISHI   ,JA,0.9872
TAKANO      ,JA,0.9568
TAKAO       ,JA,0.9666
TAKAOKA     ,JA,0.9286
TAKARA      ,JA,0.7205
TAKARADA    ,JA,1
TAKASAKI    ,JA,0.9599
TAKASAWA    ,JA,0.9997
TAKASE      ,JA,0.941
TAKASHI     ,JA,1
TAKASHIMA   ,JA,0.9814
TAKASU      ,JA,1
TAKASUGI    ,JA,0.9686
TAKATA      ,JA,0.9008
TAKATANI    ,JA,0.9999
TAKATO      ,JA,0.9999
TAKATORI    ,JA,1
TAKATSU     ,JA,0.9524
TAKATSUKA   ,JA,0.9999
TAKATSUKI   ,JA,1
TAKAYA      ,JA,1
TAKAYAMA    ,JA,0.9429
TAKAYANAGI  ,JA,0.9777
TAKAYASU    ,JA,1
TAKAYOSHI   ,JA,0.9752
TAKAZAWA    ,JA,1
TAKE        ,JA,0.6067
TAKEBAYASHI ,JA,1
TAKEBE      ,JA,0.9592
TAKECHI     ,JA,1
TAKEDA      ,JA,0.9574
TAKEGUCHI   ,JA,0.9998
TAKEHANA    ,JA,1
TAKEHARA    ,JA,0.9811
TAKEI       ,JA,0.9788
TAKEICHI    ,JA,1
TAKEISHI    ,JA,1
TAKEKAWA    ,JA,0.9995
TAKEMORI    ,JA,0.9962
TAKEMOTO    ,JA,0.906
TAKEMURA    ,JA,0.9861
TAKENAGA    ,JA,0.8876
TAKENAKA    ,JA,0.916
TAKENO      ,JA,1
TAKENOUCHI  ,JA,1
TAKEO       ,JA,0.7604
TAKEOKA     ,JA,1
TAKESHIMA   ,JA,1
TAKESHITA   ,JA,0.9756
TAKESUE     ,JA,0.994
TAKETA      ,JA,0.5286
TAKETANI    ,JA,1
TAKETOMI    ,JA,0.9559
TAKEUCHI    ,JA,0.9641
TAKEYA      ,JA,0.9998
TAKEYAMA    ,JA,0.9641
TAKEZAWA    ,JA,1
TAKHAR      ,SAS,0.8135
TAKHER      ,SAS,0.9246
TAKI        ,JA,0.6667
TAKIGAWA    ,JA,1
TAKIGUCHI   ,JA,0.9718
TAKII       ,JA,1
TAKIKAWA    ,JA,1
TAKIMOTO    ,JA,0.9624
TAKINO      ,JA,1
TAKISHITA   ,JA,0.943
TAKITA      ,JA,0.9783
TAKIZAWA    ,JA,0.967
TAKUBO      ,JA,1
TAKUMA      ,JA,0.9444
TAKUMI      ,JA,0.999
TAKUSHI     ,JA,0.5612
TALACTAC    ,RP,1
TALAG       ,RP,1
TALAGTAG    ,RP,1
TALAMAYAN   ,RP,1
TALAMPAS    ,RP,1
TALANA      ,RP,1
TALANIA     ,RP,1
TALANKI     ,SAS,0.9999
TALAPATRA   ,SAS,1
TALARI      ,SAS,0.9219
TALARO      ,RP,0.9945
TALAROC     ,RP,0.9985
TALASILA    ,SAS,1
TALASTAS    ,RP,1
TALAT       ,SAS,0.8673
TALATALA    ,RP,0.92
TALATI      ,SAS,0.9881
TALAY       ,RP,0.5988
TALBO       ,RP,0.993
TALEKAR     ,SAS,1
TALELE      ,SAS,1
TALENS      ,RP,0.9391
TALENTO     ,RP,0.8144
TALEON      ,RP,1
TALHA       ,SAS,0.6875
TALIMAN     ,RP,0.6004
TALLA       ,SAS,0.5574
TALLADA     ,RP,0.8136
TALLAM      ,SAS,0.7937
TALLAPRAGADA,SAS,1
TALLE       ,RP,0.5344
TALLUNGAN   ,RP,0.9807
TALLURI     ,SAS,0.9901
TALOMA      ,RP,0.9998
TALON       ,RP,0.6312
TALOSIG     ,RP,1
TALPUR      ,SAS,1
TALREJA     ,SAS,0.9692
TALSANIA    ,SAS,1
TALUKDAR    ,SAS,0.9721
TALUKDER    ,SAS,0.9613
TALUSAN     ,RP,1
TALWALKAR   ,SAS,1
TALWAR      ,SAS,0.942
TAM         ,GCA,0.8691
TAMADA      ,JA,0.9276
TAMAGAWA    ,JA,0.9655
TAMAI       ,JA,0.9477
TAMAKI      ,JA,0.9548
TAMAKUWALA  ,SAS,1
TAMAMOTO    ,JA,0.9424
TAMANAHA    ,JA,0.6068
TAMANG      ,BT,0.5026
TAMANNA     ,SAS,1
TAMANO      ,RP,0.5333
TAMAOKI     ,JA,1
TAMARES     ,RP,0.6773
TAMARRA     ,RP,0.9941
TAMARU      ,JA,0.9634
TAMASE      ,RP,0.9231
TAMASHIRO   ,JA,0.5628
TAMAYOSE    ,JA,0.7741
TAMBAOAN    ,RP,1
TAMBARA     ,JA,0.8215
TAMBE       ,SAS,0.5998
TAMBER      ,SAS,0.8993
TAMBIO      ,RP,0.9999
TAMBO       ,RP,0.5384
TAMBOLI     ,SAS,0.9688
TAMBUNAN    ,BIA,0.8562
TAMBUNTING  ,RP,1
TAMHANE     ,SAS,1
TAMHANKAR   ,SAS,1
TAMIN       ,BIA,0.5952
TAMIRISA    ,SAS,1
TAMIYA      ,JA,1
TAMMA       ,SAS,0.6632
TAMMANA     ,SAS,1
TAMONDONG   ,RP,1
TAMONTE     ,RP,1
TAMORIA     ,RP,0.9997
TAMORO      ,RP,1
TAMPI       ,BIA,0.6591
TAMPON      ,RP,0.9632
TAMPUBOLON  ,BIA,0.8931
TAMPUS      ,RP,1
TAMRAKAR    ,NP,0.8664
TAMSE       ,RP,0.8746
TAMURA      ,JA,0.9439
TANA        ,RP,0.638
TANABE      ,JA,0.9275
TANADA      ,RP,0.7097
TANAEL      ,RP,1
TANAHARA    ,JA,0.7553
TANAHASHI   ,JA,1
TANAKA      ,JA,0.9403
TANAMACHI   ,JA,0.6041
TANAMAL     ,BIA,0.5806
TANAP       ,RP,0.9999
TANAY       ,RP,0.7481
TANCHOCO    ,RP,1
TANCINCO    ,RP,1
TANCIOCO    ,RP,1
TANCO       ,RP,0.5634
TANDAN      ,SAS,0.8605
TANDEL      ,SAS,1
TANDJUNG    ,BIA,0.9412
TANDO       ,RP,0.5036
TANDOC      ,RP,0.9712
TANDON      ,SAS,0.9513
TANDRA      ,SAS,0.7231
TANEDO      ,RP,1
TANEGA      ,RP,0.9999
TANEJA      ,SAS,0.9427
TANEMURA    ,JA,1
TANG        ,GCA,0.6719
TANGALIN    ,RP,0.9979
TANGCO      ,RP,1
TANGE       ,JA,0.7671
TANGELLA    ,SAS,1
TANGHAL     ,RP,1
TANGIRALA   ,SAS,1
TANGLAO     ,RP,1
TANGONAN    ,RP,1
TANGRI      ,SAS,0.9706
TANGUILIG   ,RP,0.9994
TANGUTURI   ,SAS,1
TANHUECO    ,RP,1
TANI        ,JA,0.8056
TANIA       ,SAS,0.7451
TANICALA    ,RP,0.9999
TANIDA      ,JA,1
TANIGAKI    ,JA,1
TANIGAWA    ,JA,0.9706
TANIGUCHI   ,JA,0.9542
TANIKAWA    ,JA,0.9503
TANIKELLA   ,SAS,1
TANIMOTO    ,JA,0.9505
TANIMURA    ,JA,0.9999
TANINO      ,JA,0.9989
TANIO       ,RP,0.641
TANIOKA     ,JA,0.9788
TANITA      ,JA,0.6328
TANIUCHI    ,JA,1
TANIYAMA    ,JA,0.9999
TANIZAKI    ,JA,1
TANIZAWA    ,JA,1
TANJI       ,JA,0.8449
TANJOCO     ,RP,0.9997
TANJUAKIO   ,RP,1
TANJUAQUIO  ,RP,1
TANJUATCO   ,RP,0.9962
TANJUTCO    ,RP,1
TANK        ,SAS,0.548
TANN        ,CB,0.5139
TANNA       ,SAS,0.7462
TANNAN      ,SAS,0.9605
TANNO       ,JA,0.9637
TANOTO      ,BIA,0.7846
TANOUE      ,JA,0.9702
TANQUILUT   ,RP,1
TANSECO     ,RP,1
TANTAY      ,RP,0.9999
TANTOCO     ,RP,1
TANTORRES   ,RP,1
TANTRY      ,SAS,0.8857
TANU        ,BIA,0.8125
TANUDJAJA   ,BIA,0.9158
TANUJAYA    ,BIA,0.881
TANUMA      ,JA,1
TANUWIDJAJA ,BIA,0.9048
TANUWIJAYA  ,BIA,0.8723
TANVEER     ,SAS,0.9799
TANVIR      ,SAS,1
TANWANI     ,SAS,0.7391
TANWAR      ,SAS,1
TANWEER     ,SAS,0.9491
TANYAG      ,RP,1
TANZIL      ,BIA,0.8837
TANZO       ,RP,0.9997
TAO         ,GCA,0.8698
TAOKA       ,JA,0.9923
TAPALES     ,RP,1
TAPALLA     ,RP,1
TAPANG      ,RP,0.9668
TAPAOAN     ,RP,0.9985
TAPARIA     ,SAS,0.9531
TAPAT       ,RP,0.9995
TAPAWAN     ,RP,1
TAPAY       ,RP,0.7105
TAPEC       ,RP,1
TAPIADOR    ,RP,0.9999
TAPNIO      ,RP,1
TAPORCO     ,RP,0.9268
TAPURO      ,RP,0.8879
TAQI        ,SAS,0.6554
TARAFDAR    ,SAS,0.8505
TARAFDER    ,SAS,0.9367
TARANNUM    ,SAS,1
TARAPE      ,RP,0.9299
TARAPORE    ,SAS,1
TARAR       ,SAS,0.9769
TARAYA      ,RP,0.9962
TARE        ,SAS,0.5882
TARECTECAN  ,RP,1
TAREEN      ,SAS,0.8985
TAREK       ,SAS,0.5455
TARIGAN     ,BIA,0.9146
TARIQ       ,SAS,0.9374
TARIQUE     ,SAS,0.9423
TARK        ,XK,0.906
TARN        ,GCA,0.7243
TARNATE     ,RP,1
TARNG       ,GCA,0.9643
TAROC       ,RP,0.9987
TAROMA      ,RP,1
TAROY       ,RP,1
TARROSA     ,RP,1
TARROZA     ,RP,1
TARUC       ,RP,0.9835
TARUI       ,JA,1
TARUMI      ,JA,1
TARUMOTO    ,JA,0.9347
TARUN       ,RP,0.642
TARZI       ,AF,0.8556
TASAKA      ,JA,0.9181
TASAKI      ,JA,1
TASHI       ,GCA,0.5236
TASHIMA     ,JA,0.9666
TASHIRO     ,JA,0.962
TASKAR      ,SAS,0.5909
TASLEEM     ,SAS,0.8049
TASLIM      ,BIA,0.5065
TASMAN      ,BIA,0.5768
TASNEEM     ,SAS,1
TASNIM      ,SAS,1
TAT         ,VM,0.8534
TATA        ,SAS,0.5764
TATAD       ,RP,0.9545
TATARA      ,JA,0.5333
TATAVARTHI  ,SAS,1
TATEISHI    ,JA,0.9664
TATEL       ,RP,0.9812
TATEMATSU   ,JA,1
TATENO      ,JA,1
TATEOKA     ,JA,0.976
TATEYAMA    ,JA,0.9974
TATH        ,CB,0.8551
TATI        ,SAS,0.6182
TATIKONDA   ,SAS,1
TATINENI    ,SAS,1
TATLA       ,SAS,0.8793
TATLONGHARI ,RP,0.9999
TATON       ,RP,0.5343
TATOY       ,RP,1
TATSUKAWA   ,JA,0.9999
TATSUMI     ,JA,0.9776
TATSUNO     ,JA,0.9997
TATSUTA     ,JA,1
TATTI       ,SAS,0.5887
TAUCH       ,CB,0.9064
TAUCHI      ,JA,1
TAUFIQ      ,SAS,0.7117
TAUNK       ,SAS,1
TAUR        ,GCA,1
TAURA       ,JA,0.5126
TAUSEEF     ,SAS,1
TAW         ,BM,0.5432
TAWARA      ,JA,0.8806
TAWATAO     ,RP,1
TAWDE       ,SAS,1
TAYA        ,JA,0.6792
TAYABA      ,RP,0.992
TAYADE      ,SAS,1
TAYAG       ,RP,0.9826
TAYAL       ,SAS,0.9797
TAYAMA      ,JA,1
TAYAMEN     ,RP,0.9855
TAYAO       ,RP,1
TAYCO       ,RP,0.9997
TAYI        ,SAS,0.8444
TAYLAN      ,RP,0.7143
TAYLO       ,RP,0.9726
TAYMUREE    ,AF,0.9997
TAYO        ,RP,0.6533
TAYONG      ,RP,0.7674
TAYSON      ,RP,0.8135
TAYYAB      ,SAS,0.9795
TAZAKI      ,JA,1
TAZAWA      ,JA,1
TCHAO       ,GCA,0.5714
TCHEN       ,VM,0.5941
TCHENG      ,VM,0.6506
TCHOU       ,GCA,0.7324
TEA         ,CB,0.8145
TEANG       ,CB,0.8039
TEANO       ,RP,0.9999
TEAP        ,CB,0.9979
TEAV        ,CB,0.949
TECSON      ,RP,0.9952
TEDJA       ,BIA,0.8772
TEDJO       ,BIA,1
TEEGALA     ,SAS,1
TEH         ,MY,0.6634
TEJANI      ,SAS,0.8263
TEJANO      ,RP,0.9759
TEJERO      ,RP,0.638
TEJIDOR     ,RP,0.6247
TEJIMA      ,JA,1
TEJPAL      ,SAS,0.9348
TEJWANI     ,SAS,0.9655
TEK         ,CB,0.6652
TEKULA      ,SAS,0.6834
TELAN       ,RP,0.9206
TELANG      ,SAS,1
TELEBRICO   ,RP,1
TELI        ,SAS,0.8468
TELMO       ,RP,0.95
TEM         ,CB,0.6498
TEMBE       ,SAS,0.6
TEMPLADO    ,RP,1
TEMPLO      ,RP,1
TEMPLONUEVO ,RP,1
TEMPONGKO   ,RP,0.9999
TEMPORAL    ,RP,0.9417
TENCHAVEZ   ,RP,1
TENDEAN     ,BIA,0.9259
TENDENCIA   ,RP,1
TENDILLA    ,RP,0.5802
TENDOLKAR   ,SAS,1
TENDULKAR   ,SAS,1
TENEZA      ,RP,0.9992
TENG        ,GCA,0.7424
TENGAN      ,JA,0.526
TENGCO      ,RP,1
TENIO       ,RP,0.9973
TENNETI     ,SAS,1
TENOSO      ,RP,1
TEODORO     ,RP,0.674
TEODOSIO    ,RP,0.7926
TEOH        ,MY,0.7963
TEOPACO     ,RP,1
TEOPE       ,RP,1
TEOTICO     ,RP,1
TEOW        ,MY,0.7805
TEP         ,CB,0.8191
TERA        ,SAS,0.8235
TERADA      ,JA,0.9615
TERAI       ,JA,1
TERAJI      ,JA,0.968
TERAJIMA    ,JA,1
TERAKAWA    ,JA,0.9999
TERALA      ,SAS,1
TERAMAE     ,JA,0.9459
TERAMOTO    ,JA,0.9841
TERAMURA    ,JA,0.9308
TERANISHI   ,JA,0.9997
TERAO       ,JA,0.9999
TERAOKA     ,JA,0.9601
TERASAKA    ,JA,1
TERASAKI    ,JA,1
TERASAWA    ,JA,1
TERASHIMA   ,JA,1
TERASHITA   ,JA,0.9993
TERAUCHI    ,JA,1
TERAYAMA    ,JA,1
TERAZAWA    ,JA,1
TERCENIO    ,RP,1
TERN        ,LA,0.6417
TERNORA     ,RP,0.9792
TERO        ,RP,0.7107
TEROY       ,RP,0.7836
TERRADO     ,RP,0.9827
TERRE       ,RP,0.9877
TERUI       ,JA,1
TERUYA      ,JA,0.6973
TES         ,CB,0.8651
TESALONA    ,RP,0.9999
TESHIMA     ,JA,0.9403
TESO        ,LA,0.5915
TESORERO    ,RP,0.7669
TESORIO     ,RP,0.9935
TESORO      ,RP,0.9149
TETALI      ,SAS,1
TETSUKA     ,JA,1
TEURN       ,LA,0.8259
TEVES       ,RP,0.6998
TEWANI      ,SAS,1
TEWARI      ,SAS,0.812
TEY         ,MY,0.6507
TEZUKA      ,JA,1
THA         ,BM,0.6622
THACH       ,VM,0.8414
THADANI     ,SAS,0.9013
THADATHIL   ,SAS,0.9999
THADHANI    ,SAS,0.9444
THAI        ,VM,0.8862
THAING      ,CB,0.7097
THAKAR      ,SAS,0.984
THAKARE     ,SAS,1
THAKER      ,SAS,0.9257
THAKKAR     ,SAS,0.9726
THAKKER     ,SAS,0.9671
THAKOR      ,SAS,0.9586
THAKORE     ,SAS,0.9535
THAKRAL     ,SAS,0.9425
THAKRE      ,SAS,1
THAKUR      ,SAS,0.8958
THAKURI     ,NP,0.9057
THALLA      ,SAS,1
THAMBI      ,SAS,0.8378
THAMMAVONG  ,LA,0.8714
THAMMAVONGSA,LA,0.9317
THAMMINENI  ,SAS,1
THAMPAN     ,SAS,0.9318
THAMPI      ,SAS,0.9134
THAMPY      ,SAS,1
THAMRIN     ,BIA,1
THANADABOUTH,LA,0.9998
THANAWALA   ,SAS,1
THANDI      ,SAS,0.8602
THANG       ,BM,0.7405
THANGAMANI  ,SAS,1
THANGARAJ   ,SAS,1
THANGARAJAH ,CE,0.8511
THANGAVEL   ,SAS,0.9803
THANGAVELU  ,SAS,1
THANH       ,VM,0.9283
THANKACHAN  ,SAS,1
THANKAPPAN  ,SAS,1
THANKI      ,SAS,0.8344
THANPAENG   ,LA,0.8053
THANT       ,BM,0.9026
THAO        ,LA,0.6112
THAP        ,CB,0.7319
THAPA       ,NP,0.7619
THAPALIYA   ,NP,0.8024
THAPAMAGAR  ,NP,0.8273
THAPAR      ,SAS,0.9677
THAPER      ,SAS,1
THAPLIYAL   ,SAS,1
THAR        ,BM,0.6919
THARA       ,SAS,0.6584
THARAKAN    ,SAS,0.9657
THARANI     ,SAS,1
THARAYIL    ,SAS,0.9639
THAREJA     ,SAS,1
THARIAN     ,SAS,1
THARWANI    ,SAS,1
THATI       ,SAS,1
THATIKONDA  ,SAS,1
THATTE      ,SAS,1
THAUNG      ,BM,0.9252
THAV        ,CB,0.7122
THAVISACK   ,LA,0.8716
THAVIXAY    ,LA,0.8918
THAVONE     ,LA,0.9324
THAW        ,BM,0.5568
THAWANI     ,SAS,1
THAWN       ,BM,0.8776
THAWNG      ,BM,0.8826
THAYIL      ,SAS,0.9999
THE         ,BIA,0.7
THEA        ,CB,0.7391
THEAM       ,CB,0.8621
THEAN       ,MY,0.6136
THEIN       ,BM,0.8011
THENG       ,CB,0.6885
THEPHAVONG  ,LA,0.9999
THEPKAYSONE ,LA,1
THEPVONGSA  ,LA,0.7954
THET        ,BM,0.5733
THI         ,VM,0.8446
THIAGARAJAH ,CE,0.925
THIAGARAJAN ,SAS,0.9751
THIARA      ,SAS,0.956
THICH       ,VM,0.9478
THIEU       ,VM,0.9219
THIK        ,CB,0.978
THILAVANH   ,LA,0.9999
THIM        ,CB,0.6559
THIMMAIAH   ,SAS,1
THIN        ,BM,0.6136
THIND       ,SAS,0.8792
THINGUYEN   ,VM,1
THINH       ,VM,0.921
THINN       ,BM,0.7791
THIO        ,BIA,0.6835
THIPHAVONG  ,LA,0.9193
THIPPHAVONG ,LA,0.8694
THIRAKOUNE  ,LA,0.8964
THIRAKUL    ,LA,0.7903
THIRAVONG   ,LA,0.9111
THIRUGNANAM ,SAS,1
THIRUGNANASA,SAS,0.8868
THIRUMALA   ,SAS,1
THIRUMALAI  ,SAS,1
THIRUNAGARI ,SAS,1
THIRUNAVUKAR,SAS,0.9123
THIRUNAVUKKA,SAS,0.956
THIRUVENGADA,SAS,1
THIYAGARAJAN,SAS,1
THLANG      ,CB,0.8675
THLUAI      ,BM,0.9459
THOBANI     ,SAS,0.6494
THOBHANI    ,SAS,0.7458
THOEUN      ,CB,0.6375
THOEUNG     ,CB,0.9996
THOI        ,VM,0.9727
THOK        ,CB,0.5227
THOKALA     ,SAS,1
THOL        ,CB,0.7481
THOMBRE     ,SAS,1
THONESAVANH ,LA,0.791
THONGCHANH  ,LA,0.8746
THONGDARA   ,LA,0.8222
THONGDEE    ,TH,0.7
THONGDY     ,LA,0.61240000000000006
THONGKHAM   ,LA,0.6475
THONGRIVONG ,LA,0.9999
THONGSAVANH ,LA,0.9999
THONGSAVATH ,LA,0.8666
THONGSY     ,LA,0.7886
THONGVANH   ,LA,0.8977
THOONG      ,VM,0.8621
THOPPIL     ,SAS,1
THOR        ,LA,0.6196
THORAT      ,SAS,1
THORNG      ,CB,0.8509
THOTA       ,SAS,1
THOTAKURA   ,SAS,1
THOTTAM     ,SAS,0.9999
THOTTATHIL  ,SAS,1
THOU        ,CB,0.8121
THOUN       ,CB,0.8648
THU         ,BM,0.6699
THUKRAL     ,SAS,0.9787
THUMAR      ,SAS,1
THUMMA      ,SAS,0.9142
THUMMALA    ,SAS,1
THUMMALAPALL,SAS,1
THUMU       ,SAS,1
THUONG      ,VM,0.8289
THURAIRAJAH ,CE,1
THUY        ,VM,0.6481
THWE        ,BM,0.9474
THWIN       ,BM,0.8784
THY         ,CB,0.903
THYAGARAJAN ,SAS,1
THYE        ,MY,0.5621
TIAL        ,BM,0.9061
TIAMSON     ,RP,1
TIAMZON     ,RP,0.9701
TIAN        ,GCA,0.9786
TIANGCO     ,RP,1
TIANGSING   ,RP,1
TIANGSON    ,RP,1
TIAO        ,GCA,0.8036
TIBAY       ,RP,1
TIBAYAN     ,RP,0.9623
TIBREWAL    ,SAS,0.9111
TIBREWALA   ,SAS,1
TICKOO      ,SAS,1
TICSAY      ,RP,1
TICZON      ,RP,1
TIE         ,GCA,0.6716
TIEH        ,GCA,0.6531
TIEN        ,GCA,0.6518
TIENG       ,CB,0.6184
TIERRA      ,RP,0.8699
TIET        ,VM,0.9632
TIEU        ,VM,0.9011
TIEV        ,CB,0.7096
TIGAS       ,RP,1
TIGLAO      ,RP,1
TIGNO       ,RP,0.9999
TIJAM       ,RP,1
TIKOO       ,SAS,1
TILAK       ,SAS,0.608
TILLO       ,RP,0.6765
TILVA       ,SAS,0.9508
TILY        ,SAS,0.6955
TIM         ,CB,0.7247
TIMALSINA   ,NP,0.942
TIMAN       ,RP,0.5752
TIMARIO     ,RP,0.9994
TIMBAL      ,RP,0.9851
TIMBANG     ,RP,1
TIMBOL      ,RP,0.9894
TIMBREZA    ,RP,0.9895
TIMILSINA   ,NP,0.9677
TIMOG       ,RP,1
TIMPLE      ,RP,0.9949
TIMSINA     ,BT,0.7004
TIMTIMAN    ,RP,1
TINA        ,RP,0.5008
TINAZA      ,RP,0.9992
TING        ,GCA,0.7026
TINGA       ,RP,0.7633
TINGSON     ,RP,1
TINGZON     ,RP,1
TINIO       ,RP,0.9796
TINSAY      ,RP,1
TINT        ,BM,0.8813
TINWALA     ,SAS,1
TIOMICO     ,RP,1
TIONGCO     ,RP,0.977
TIONGSON    ,RP,0.9903
TIOSECO     ,RP,1
TIOTUICO    ,RP,1
TIPIRNENI   ,SAS,1
TIPNIS      ,SAS,1
TIPON       ,RP,0.9997
TIPU        ,SAS,0.8636
TIQUI       ,RP,0.9493
TIQUIA      ,RP,1
TIRAO       ,RP,0.9999
TIRMIZI     ,SAS,0.9598
TIRO        ,RP,0.5477
TIROL       ,RP,1
TIRONA      ,RP,0.9858
TIRUMALA    ,SAS,1
TIRUMALAI   ,SAS,1
TIRUMALASETT,SAS,1
TIRUNAGARI  ,SAS,1
TISBE       ,RP,1
TISSERA     ,CE,0.75
TITH        ,CB,0.8651
TIU         ,RP,0.8399
TIV         ,CB,0.8101
TIWANA      ,SAS,0.9597
TIWARI      ,SAS,0.6426
TIWARY      ,SAS,0.8652
TIZON       ,RP,0.6683
TJAHJA      ,BIA,0.8431
TJAHJADI    ,BIA,0.8798
TJAHJONO    ,BIA,0.8842
TJAN        ,BIA,0.7647
TJANDRA     ,BIA,0.877
TJEN        ,BIA,0.9302
TJHIA       ,BIA,1
TJHIN       ,BIA,0.8993
TJIA        ,BIA,0.8389
TJIE        ,BIA,0.878
TJIN        ,BIA,0.8444
TJIO        ,BIA,0.8542
TJIOE       ,BIA,0.8
TJIONG      ,BIA,0.8182
TJOA        ,BIA,0.8355
TJOE        ,BIA,0.9053
TJOENG      ,BIA,0.8667
TJOKRO      ,BIA,0.9091
TJONG       ,BIA,0.9124
TJUNG       ,BIA,0.878
TLEM        ,BM,1
TLING       ,BM,0.8495
TO          ,VM,0.7123
TOAN        ,VM,0.7737
TOBA        ,JA,0.7862
TOBE        ,JA,0.5435
TOBES       ,RP,0.8717
TOBING      ,BIA,0.8618
TOBITA      ,JA,1
TOCH        ,CB,0.837
TODA        ,JA,0.9154
TODI        ,SAS,0.7427
TODO        ,JA,0.9296
TODOROKI    ,JA,1
TOGAMI      ,JA,0.9426
TOGASHI     ,JA,0.9729
TOGAWA      ,JA,0.9638
TOGO        ,JA,0.7599
TOGONON     ,RP,1
TOGUCHI     ,JA,0.832
TOHA        ,BIA,0.5
TOHARA      ,JA,0.9865
TOI         ,JA,0.7857
TOIDA       ,JA,0.9375
TOJI        ,JA,0.611
TOJINO      ,RP,1
TOJO        ,JA,0.929
TOKAI       ,JA,0.7174
TOKALA      ,SAS,1
TOKASHIKI   ,JA,0.7774
TOKESHI     ,JA,0.7758
TOKHI       ,AF,0.9
TOKI        ,JA,0.6332
TOKIOKA     ,JA,0.8605
TOKITA      ,JA,0.9642
TOKIWA      ,JA,1
TOKKO       ,XK,0.6842
TOKORO      ,JA,1
TOKUDA      ,JA,0.9622
TOKUHARA    ,JA,0.9161
TOKUMARU    ,JA,0.9998
TOKUMOTO    ,JA,0.9971
TOKUNAGA    ,JA,0.9553
TOKUNO      ,JA,0.9997
TOKUOKA     ,JA,0.9943
TOKURA      ,JA,0.9559
TOKUSHIGE   ,JA,0.9961
TOKUYAMA    ,JA,1
TOLANI      ,SAS,0.8053
TOLAT       ,SAS,1
TOLENTINO   ,RP,0.7636
TOLERO      ,RP,0.9995
TOLETE      ,RP,1
TOLIA       ,SAS,0.9583
TOLIAO      ,RP,1
TOLIBAS     ,RP,0.9999
TOM         ,GCA,0.5814
TOMACDER    ,RP,0.9983
TOMACRUZ    ,RP,1
TOMADA      ,RP,0.7846
TOMANENG    ,RP,1
TOMAR       ,SAS,0.9442
TOMARU      ,JA,1
TOMBO       ,RP,0.6953
TOMBOC      ,RP,1
TOMELDAN    ,RP,1
TOMELDEN    ,RP,1
TOMIDA      ,JA,1
TOMII       ,JA,1
TOMIKAWA    ,JA,1
TOMILLOSO   ,RP,1
TOMIMATSU   ,JA,0.9973
TOMIMBANG   ,RP,1
TOMIMOTO    ,JA,0.9976
TOMINAGA    ,JA,0.967
TOMINES     ,RP,0.9691
TOMINO      ,JA,0.7733
TOMIOKA     ,JA,1
TOMISHIMA   ,JA,0.9991
TOMITA      ,JA,0.9291
TOMIYAMA    ,JA,0.9444
TOMIYASU    ,JA,0.9988
TOMIZAWA    ,JA,0.9724
TOMODA      ,JA,1
TOMOKIYO    ,JA,0.9898
TOMOMATSU   ,JA,1
TOMONAGA    ,JA,1
TOMONARI    ,JA,1
TOMONO      ,JA,0.9991
TOMOOKA     ,JA,0.8059
TOMOYASU    ,JA,0.8296
TOMURA      ,JA,1
TOMY        ,SAS,0.9998
TON         ,VM,0.9157
TONAI       ,JA,0.9611
TONEGAWA    ,JA,1
TONEL       ,RP,0.8148
TONG        ,GCA,0.6469
TONGCO      ,RP,1
TONGOL      ,RP,1
TONGSON     ,RP,0.9999
TONK        ,SAS,0.8792
TONNU       ,VM,0.9794
TONO        ,JA,0.6785
TONOMURA    ,JA,1
TONOOKA     ,JA,1
TONTHAT     ,VM,0.9711
TOOR        ,SAS,0.8998
TOPACIO     ,RP,1
TOPINIO     ,RP,0.999
TOPIWALA    ,SAS,0.8377
TOPPA       ,SAS,0.9083
TOPPO       ,SAS,0.9679
TOPRANI     ,SAS,0.9399
TOQUERO     ,RP,0.9328
TORALBA     ,RP,0.768
TORCULAS    ,RP,0.9999
TORDA       ,RP,0.8185
TORDECILLA  ,RP,0.8261
TORDESILLAS ,RP,0.6667
TORENO      ,RP,0.9971
TORIANO     ,RP,0.9927
TORIGOE     ,JA,0.9963
TORII       ,JA,0.9789
TORIKAI     ,JA,1
TORINO      ,RP,0.5025
TORIO       ,RP,0.9535
TORIUMI     ,JA,1
TORIYAMA    ,JA,1
TORNG       ,GCA,0.7872
TORNO       ,RP,0.8147
TORRALBA    ,RP,0.6192
TORRECAMPO  ,RP,1
TORREFIEL   ,RP,1
TORREFRANCA ,RP,1
TORREGOSA   ,RP,1
TORRELLA    ,RP,0.5667
TORREON     ,RP,1
TORREVILLAS ,RP,1
TORRICER    ,RP,0.9058
TOSAKA      ,JA,0.9423
TOSHIMA     ,JA,1
TOSHNIWAL   ,SAS,1
TOTANES     ,RP,1
TOTANI      ,JA,0.9238
TOTSUKA     ,JA,0.9762
TOU         ,GCA,0.7718
TOUCH       ,CB,0.8309
TOUM        ,CB,0.7023
TOUN        ,CB,0.8313
TOUNG       ,GCA,0.6716
TOV         ,CB,0.5345
TOVERA      ,RP,1
TOYA        ,JA,0.8219
TOYAMA      ,JA,0.9322
TOYODA      ,JA,0.9676
TOYOFUKU    ,JA,0.7853
TOYOMURA    ,JA,0.9952
TOYONAGA    ,JA,0.9362
TOYOOKA     ,JA,0.9232
TOYOSHIMA   ,JA,0.9855
TOYOTA      ,JA,0.9431
TOZAWA      ,JA,1
TRA         ,VM,0.9067
TRAC        ,VM,0.9241
TRAJANO     ,RP,0.9099
TRAM        ,VM,0.8966
TRAMBADIA   ,SAS,1
TRAN        ,VM,0.939
TRANCE      ,RP,0.878
TRANG       ,VM,0.8879
TRANLE      ,VM,0.9158
TRANNGUYEN  ,VM,0.9856
TRANS       ,VM,0.8055
TRANSFIGURAC,RP,0.9999
TRANVU      ,VM,0.9987
TRAPSI      ,RP,1
TRAYA       ,RP,0.9994
TRAZO       ,RP,1
TREHAN      ,SAS,0.9835
TREMOR      ,RP,0.9368
TRENH       ,VM,1
TREYES      ,RP,0.9374
TRI         ,VM,0.8183
TRIA        ,RP,0.9632
TRIAS       ,RP,0.7484
TRIBO       ,RP,0.8278
TRIEU       ,VM,0.9124
TRIKHA      ,SAS,0.9623
TRILLANA    ,RP,1
TRILLANES   ,RP,1
TRING       ,CB,0.7832
TRINH       ,VM,0.9311
TRINO       ,RP,0.8286
TRINOS      ,RP,0.9997
TRIPATHI    ,SAS,0.9179
TRIPATHY    ,SAS,0.9738
TRIPLITT    ,RP,0.8606
TRIPURANENI ,SAS,1
TRIUNFO     ,RP,0.7078
TRIVEDI     ,SAS,0.9533
TROCINO     ,RP,0.6081
TROCIO      ,RP,0.9998
TROMPETA    ,RP,0.6053
TRONCO      ,RP,0.527
TRONG       ,VM,0.9801
TRONO       ,RP,0.906
TROPIA      ,RP,0.9814
TROUNG      ,VM,0.9493
TROVELA     ,RP,1
TRUC        ,VM,0.8333
TRUNG       ,VM,0.8372
TRUONG      ,VM,0.9351
TRUONGNGUYE ,VM,1
TRY         ,CB,0.8466
TSAI        ,GCA,0.9603
TSAN        ,VM,0.8101
TSANG       ,GCA,0.8993
TSAO        ,GCA,0.931
TSAU        ,GCA,1
TSAUR       ,GCA,0.8667
TSAY        ,GCA,0.8748
TSE         ,GCA,0.9093
TSEN        ,GCA,0.751
TSENG       ,GCA,0.9525
TSERENDORJ  ,MG,0.9259
TSERING     ,GCA,0.5761
TSETEN      ,GCA,0.5088
TSEU        ,GCA,0.6012
TSEUNG      ,GCA,1
TSIANG      ,GCA,0.8666
TSIEN       ,GCA,1
TSIM        ,GCA,1
TSIN        ,GCA,0.6792
TSING       ,GCA,0.6596
TSO         ,GCA,0.9111
TSOI        ,GCA,0.8696
TSONG       ,GCA,0.8846
TSOU        ,GCA,0.8952
TSU         ,GCA,0.8159
TSUBAKI     ,JA,0.956
TSUBATA     ,JA,1
TSUBOI      ,JA,1
TSUBOTA     ,JA,0.9997
TSUBOUCHI   ,JA,1
TSUCHIDA    ,JA,0.9897
TSUCHIHASHI ,JA,0.9687
TSUCHIKAWA  ,JA,1
TSUCHIMOTO  ,JA,0.9995
TSUCHIYA    ,JA,0.9801
TSUCHIYAMA  ,JA,0.9663
TSUDA       ,JA,0.9568
TSUEI       ,GCA,0.9644
TSUGAWA     ,JA,0.9462
TSUGE       ,JA,1
TSUHAKO     ,JA,0.9115
TSUI        ,GCA,0.9167
TSUJI       ,JA,0.9623
TSUJII      ,JA,1
TSUJIKAWA   ,JA,0.9062
TSUJIMOTO   ,JA,0.9885
TSUJIMURA   ,JA,0.9797
TSUJINO     ,JA,1
TSUJIOKA    ,JA,0.9992
TSUJITA     ,JA,1
TSUKADA     ,JA,0.9837
TSUKAGOSHI  ,JA,1
TSUKAHARA   ,JA,1
TSUKAMOTO   ,JA,0.9672
TSUKANO     ,JA,0.999
TSUKAYAMA   ,JA,0.7874
TSUKIJI     ,JA,0.9997
TSUKIMURA   ,JA,0.9819
TSUKIOKA    ,JA,1
TSUKIYAMA   ,JA,0.9906
TSUKUDA     ,JA,0.972
TSUKUI      ,JA,1
TSUMURA     ,JA,0.9346
TSUN        ,GCA,0.9468
TSUNEKAWA   ,JA,1
TSUNEYOSHI  ,JA,0.9896
TSUNG       ,GCA,0.8942
TSUNO       ,JA,1
TSUNODA     ,JA,1
TSURU       ,JA,0.9389
TSURUDA     ,JA,0.6338
TSURUI      ,JA,0.978
TSURUMAKI   ,JA,1
TSURUMI     ,JA,0.9699
TSURUMOTO   ,JA,0.9944
TSURUOKA    ,JA,0.9741
TSURUSAKI   ,JA,0.9996
TSURUTA     ,JA,0.9675
TSUSHIMA    ,JA,0.9786
TSUTSUI     ,JA,0.9827
TSUTSUMI    ,JA,0.9675
TSUYAMA     ,JA,1
TSUYUKI     ,JA,0.9422
TSUZAKI     ,JA,1
TSUZUKI     ,JA,0.985
TUALLA      ,RP,0.8971
TUAN        ,GCA,0.8363
TUANG       ,BM,0.8604
TUANO       ,RP,1
TUASON      ,RP,0.9808
TUAZON      ,RP,0.9755
TUBAL       ,RP,1
TUBAY       ,RP,0.8991
TUBERA      ,RP,0.9999
TUBIANOSA   ,RP,1
TUBIG       ,RP,1
TUBO        ,RP,0.7899
TUBON       ,RP,0.8498
TUCAY       ,RP,0.9998
TUDI        ,SAS,0.9088
TUDTUD      ,RP,1
TUEY        ,GCA,0.5347
TUFAIL      ,SAS,0.8578
TUGADE      ,RP,1
TUGADI      ,RP,1
TUGAOEN     ,RP,0.9998
TUGAS       ,RP,1
TUICO       ,RP,0.9268
TUKHI       ,AF,1
TULABUT     ,RP,1
TULACHAN    ,NP,0.9318
TULADHAR    ,NP,0.9464
TULAGAN     ,RP,1
TULAO       ,RP,1
TULI        ,SAS,0.7683
TULIAO      ,RP,1
TULIO       ,RP,0.9427
TULLAO      ,RP,1
TULOD       ,RP,1
TULSIANI    ,SAS,1
TULUD       ,RP,1
TUM         ,CB,0.5707
TUMACDER    ,RP,0.9424
TUMALE      ,RP,0.9999
TUMALIUAN   ,RP,1
TUMAMAO     ,RP,1
TUMAMBING   ,RP,1
TUMANENG    ,RP,1
TUMANG      ,RP,1
TUMATI      ,SAS,1
TUMBAGA     ,RP,0.9353
TUMBER      ,SAS,0.8086
TUMBOKON    ,RP,0.9518
TUMMA       ,SAS,1
TUMMALA     ,SAS,0.9947
TUMMALAPALLI,SAS,1
TUMPAP      ,RP,0.9998
TUMU        ,SAS,0.9589
TUMULAK     ,RP,1
TUMULURI    ,SAS,1
TUMURBAATAR ,MG,0.9189
TUN         ,BM,0.694
TUNAC       ,RP,0.9999
TUNAY       ,RP,0.75
TUNG        ,GCA,0.8457
TUNGOL      ,RP,1
TUNGPALAN   ,RP,1
TUNGUL      ,RP,1
TUNQUE      ,RP,0.8548
TUNUGUNTLA  ,SAS,1
TUO         ,GCA,0.9524
TUON        ,CB,0.8677
TUONG       ,VM,0.947
TUOT        ,CB,0.8108
TUPAS       ,RP,1
TUPAZ       ,RP,1
TUPINIO     ,RP,0.9715
TUQUERO     ,RP,0.9697
TURAGA      ,SAS,0.942
TURAKHIA    ,SAS,1
TURANGAN    ,BIA,0.9118
TURIANO     ,RP,0.7315
TURINGAN    ,RP,1
TURLA       ,RP,1
TURLAPATI   ,SAS,1
TURNA       ,SAS,0.5453
TURQUEZA    ,RP,0.9316
TUSCANO     ,RP,0.7038
TUTAAN      ,RP,1
TUTEJA      ,SAS,1
TUTOP       ,RP,1
TUVERA      ,RP,1
TUY         ,CB,0.7959
TUYAY       ,RP,0.9997
TUYEN       ,VM,0.9642
TUZON       ,RP,0.9752
TWAY        ,BM,0.5762
TWU         ,GCA,1
TY          ,RP,0.6562
TYAGI       ,SAS,0.9883
TYAN        ,GCA,0.5701
TZE         ,GCA,0.8158
TZEN        ,GCA,0.9231
TZENG       ,GCA,0.9783
TZEO        ,LA,0.7451
TZOU        ,GCA,0.8626
UANG        ,GCA,0.7692
UBAID       ,SAS,0.79990000000000006
UBALDE      ,RP,0.8718
UBALDO      ,RP,0.5879
UBAN        ,RP,0.8005
UBANDO      ,RP,0.9061
UBAS        ,RP,1
UBAY        ,RP,0.9464
UBEROI      ,SAS,0.9062
UBHI        ,SAS,0.8734
UBINA       ,RP,0.7613
UBONGEN     ,RP,1
UBUNGEN     ,RP,1
UCH         ,CB,0.8782
UCHI        ,RP,0.5319
UCHIBORI    ,JA,1
UCHIDA      ,JA,0.9554
UCHIKAWA    ,JA,1
UCHIL       ,SAS,1
UCHIMURA    ,JA,0.9605
UCHINO      ,JA,1
UCHIUMI     ,JA,1
UCHIYAMA    ,JA,0.9755
UCLARAY     ,RP,1
UCOL        ,RP,1
UDA         ,JA,0.9488
UDAGAWA     ,JA,0.9697
UDAN        ,RP,0.9998
UDANI       ,SAS,0.5148
UDARBE      ,RP,0.9999
UDAS        ,NP,0.7737
UDASCO      ,RP,0.9998
UDAUNDO     ,RP,1
UDAYAKUMAR  ,SAS,0.8902
UDDIN       ,SAS,0.9397
UDESHI      ,SAS,0.951
UDUPA       ,SAS,0.9634
UECHI       ,JA,0.9021
UEDA        ,JA,0.9408
UEHARA      ,JA,0.8601
UEKAWA      ,JA,0.9876
UEKI        ,JA,0.8918
UEMA        ,JA,0.925
UEMATSU     ,JA,1
UEMOTO      ,JA,0.9945
UEMURA      ,JA,0.9577
UENG        ,GCA,0.9316
UENISHI     ,JA,1
UENO        ,JA,0.9628
UEOKA       ,JA,0.9814
UESAKA      ,JA,1
UESATO      ,JA,0.5235
UESHIMA     ,JA,1
UESUGI      ,JA,1
UETA        ,JA,1
UETAKE      ,JA,1
UEYAMA      ,JA,1
UGA         ,JA,0.5581
UGAI        ,JA,1
UGALE       ,RP,0.9159
UGALINO     ,RP,0.9588
UGANIZA     ,RP,0.9995
UGAY        ,RP,0.8443
UH          ,XK,0.969
UHM         ,XK,1
UI          ,JA,0.7
UJANO       ,RP,0.9723
UJIHARA     ,JA,1
UJIIE       ,JA,1
UK          ,BM,0.6553
UKAI        ,JA,1
UKANI       ,SAS,0.9274
UKITA       ,JA,1
ULAHANNAN   ,SAS,1
ULAK        ,NP,0.5549
ULAN        ,RP,0.5969
ULANDAY     ,RP,1
ULANGCA     ,RP,0.9954
ULAT        ,RP,1
ULEP        ,RP,1
ULHAQ       ,SAS,0.8804
ULHAQUE     ,SAS,1
ULIBAS      ,RP,0.9998
ULIP        ,RP,0.984
ULIT        ,RP,1
ULLAH       ,SAS,0.9216
ULLAL       ,SAS,1
UM          ,XK,0.8096
UMADHAY     ,RP,1
UMAGAT      ,RP,1
UMAIR       ,SAS,1
UMALE       ,RP,0.8293
UMALI       ,RP,0.9936
UMANO       ,JA,0.8129
UMAPATHY    ,SAS,0.9535
UMAR        ,SAS,0.5118
UMASHANKAR  ,SAS,1
UMATIYA     ,SAS,1
UMAYAM      ,RP,0.9371
UMBAY       ,RP,0.9992
UMEBAYASHI  ,JA,1
UMEDA       ,JA,0.9454
UMEHARA     ,JA,1
UMEKI       ,JA,1
UMEL        ,RP,0.9763
UMEMOTO     ,JA,0.9637
UMEMURA     ,JA,1
UMENO       ,JA,0.9991
UMER        ,SAS,0.7798
UMESH       ,SAS,0.9995
UMETANI     ,JA,1
UMETSU      ,JA,0.9914
UMEZAKI     ,JA,1
UMEZAWA     ,JA,1
UMEZU       ,JA,1
UMINO       ,JA,1
UMIPEG      ,RP,0.9679
UMIPIG      ,RP,1
UMLAS       ,RP,0.8529
UMRANI      ,SAS,0.9969
UN          ,CB,0.535
UNABIA      ,RP,0.9999
UNADKAT     ,SAS,0.6508
UNAY        ,RP,0.6
UNCIANO     ,RP,0.9989
UNE         ,JA,0.742
UNG         ,CB,0.5168
UNGAB       ,RP,1
UNGOS       ,RP,0.997
UNGSON      ,RP,0.7761
UNITE       ,RP,0.8908
UNIYAL      ,SAS,1
UNNI        ,SAS,0.9741
UNNIKRISHNAN,SAS,1
UNNISA      ,SAS,1
UNNITHAN    ,SAS,0.9231
UNNO        ,JA,1
UNO         ,JA,0.9438
UNOKI       ,JA,1
UNSON       ,RP,0.9999
UNTAL       ,RP,1
UNTALAN     ,RP,0.8634
UNTALASCO   ,RP,0.9997
UNTEN       ,JA,0.7967
UOMOTO      ,JA,0.9896
UON         ,CB,0.8
UONG        ,VM,0.7121
UOZUMI      ,JA,1
UPADHAYA    ,NP,0.6512
UPADHYA     ,SAS,0.8636
UPADHYAY    ,SAS,0.8103
UPADHYAYA   ,SAS,0.7964
UPADHYAYULA ,SAS,1
UPADHYE     ,SAS,1
UPASANI     ,SAS,1
UPPAL       ,SAS,0.9167
UPPALA      ,SAS,1
UPPALAPATI  ,SAS,1
UPPALURI    ,SAS,1
UPPU        ,SAS,1
UPPULURI    ,SAS,1
UPRETY      ,NP,0.6522
URA         ,JA,0.7631
URABE       ,JA,0.9444
URAIZEE     ,SAS,1
URAKAMI     ,JA,1
URAKAWA     ,JA,1
URAMOTO     ,JA,0.9999
URANI       ,RP,0.8899
URANKAR     ,SAS,0.7199
URANO       ,JA,0.9516
URASAKI     ,JA,0.9952
URATA       ,JA,0.8534
URATANI     ,JA,0.6973
URAYAMA     ,JA,1
URBI        ,RP,0.9999
URBIZTONDO  ,RP,0.9999
URCIA       ,RP,0.7241
URGEL       ,RP,0.9111
URIU        ,JA,0.9869
URMAZA      ,RP,1
URMENETA    ,RP,0.7158
URQUICO     ,RP,1
URREHMAN    ,SAS,1
URRIZA      ,RP,0.8919
URS         ,SAS,0.6269
URSUA       ,RP,0.7578
URYU        ,JA,1
USAMI       ,JA,1
USHIDA      ,JA,1
USHIJIMA    ,JA,0.9057
USHIKUBO    ,JA,1
USHIO       ,JA,1
USHIODA     ,JA,1
USHIRO      ,JA,0.9989
USHIRODA    ,JA,0.839
USHIYAMA    ,JA,1
USI         ,RP,0.9606
USIS        ,RP,0.6271
USITA       ,RP,1
USMAN       ,SAS,0.6079
USMANI      ,SAS,0.8673
USOLTSEFF   ,GCA,0.7264
USON        ,RP,0.9396
USTARIS     ,RP,1
USUDA       ,JA,1
USUI        ,JA,0.9818
USUKI       ,JA,1
UTAMA       ,BIA,0.9281
UTAMI       ,BIA,0.9231
UTH         ,CB,0.8031
UTHUP       ,SAS,1
UTO         ,JA,0.9113
UTOMO       ,BIA,0.8421
UTSUGI      ,JA,1
UTSUMI      ,JA,1
UTSUNOMIYA  ,JA,0.9834
UTTAMCHANDAN,SAS,0.5663
UY          ,RP,0.8637
UYAMA       ,JA,1
UYAN        ,RP,0.6765
UYEMURA     ,JA,0.541
UYESUGI     ,JA,0.7567
UYTIEPO     ,RP,1
UYTINGCO    ,RP,1
UZAIR       ,SAS,1
UZAWA       ,JA,1
UZZAMAN     ,SAS,0.9636
VA          ,CB,0.7217
VACHANI     ,SAS,0.8999
VACHHANI    ,SAS,0.9327
VADAKKAN    ,SAS,1
VADALI      ,SAS,1
VADALIA     ,SAS,1
VADAPALLI   ,SAS,1
VADDADI     ,SAS,1
VADDE       ,SAS,1
VADDI       ,SAS,1
VADEHRA     ,SAS,1
VADHER      ,SAS,0.8246
VADI        ,SAS,0.6374
VADIVEL     ,SAS,0.8696
VADIVELU    ,SAS,1
VADLA       ,SAS,1
VADLAMANI   ,SAS,1
VADLAMUDI   ,SAS,1
VADLAPATLA  ,SAS,1
VADODARIA   ,SAS,1
VADREVU     ,SAS,1
VAGHANI     ,SAS,1
VAGHASIA    ,SAS,1
VAGHELA     ,SAS,0.8919
VAHIDY      ,SAS,0.8856
VAHORA      ,SAS,1
VAID        ,SAS,0.8717
VAIDHYANATHA,SAS,1
VAIDYA      ,SAS,0.9082
VAIDYAN     ,SAS,1
VAIDYANATHAN,SAS,0.9943
VAIRAVAN    ,SAS,1
VAISH       ,SAS,1
VAISHAMPAYAN,SAS,1
VAISHNAV    ,SAS,0.9858
VAITHIANATHA,SAS,0.8293
VAITHILINGAM,SAS,0.8776
VAJ         ,LA,0.8873
VAJRALA     ,SAS,1
VAKHARIA    ,SAS,0.9322
VAKIL       ,SAS,0.8435
VAKKALANKA  ,SAS,1
VALAND      ,SAS,0.8037
VALANI      ,SAS,0.8421
VALAVALA    ,SAS,0.8375
VALDE       ,RP,0.6515
VALDECANAS  ,RP,1
VALDECANTOS ,RP,0.8806
VALDELLON   ,RP,1
VALDEPENAS  ,RP,0.9423
VALDERAMA   ,RP,0.8823
VALDRIZ     ,RP,0.9941
VALECRUZ    ,RP,0.9999
VALENA      ,RP,0.9997
VALENCERINA ,RP,1
VALENTON    ,RP,0.9404
VALENZONA   ,RP,0.9979
VALEROS     ,RP,0.9389
VALEROSO    ,RP,1
VALETE      ,RP,1
VALIA       ,SAS,0.9516
VALIANI     ,SAS,0.9307
VALINO      ,RP,0.8391
VALIVETI    ,SAS,1
VALJI       ,SAS,0.6279
VALLABHANENI,SAS,1
VALLAR      ,RP,0.7802
VALLEDOR    ,RP,0.5572
VALLEM      ,SAS,0.6973
VALLENTE    ,RP,0.9998
VALLERO     ,RP,0.7443
VALLESTEROS ,RP,0.7529
VALLIANI    ,SAS,1
VALLIAPPAN  ,SAS,0.8235
VALLIDO     ,RP,1
VALLURI     ,SAS,1
VALLURU     ,SAS,1
VALLURUPALLI,SAS,1
VALMOJA     ,RP,0.9689
VALMONTE    ,RP,0.9999
VALMORES    ,RP,1
VALTE       ,RP,1
VAN         ,VM,0.82
VANAM       ,SAS,1
VANAPALLI   ,SAS,1
VANG        ,LA,0.6511
VANGA       ,SAS,0.9746
VANGALA     ,SAS,1
VANGARA     ,SAS,1
VANGURI     ,SAS,1
VANI        ,SAS,0.5353
VANIA       ,SAS,0.9347
VANICH      ,TH,0.9942
VANJANI     ,SAS,1
VANKA       ,SAS,1
VANKAYALA   ,SAS,1
VANKAYALAPAT,SAS,1
VANKHAM     ,LA,0.8222
VANNARATH   ,LA,0.9404
VANNAVONG   ,LA,0.8839
VANNGUYEN   ,VM,0.9992
VANO        ,RP,0.5241
VANTA       ,RP,0.8845
VANTRAN     ,VM,0.9556
VAQUILAR    ,RP,0.9988
VAR         ,CB,0.7499
VARADA      ,SAS,0.9997
VARADAN     ,SAS,1
VARADARAJAN ,SAS,0.9935
VARADHAN    ,SAS,1
VARADHARAJAN,SAS,1
VARANASI    ,SAS,1
VARDE       ,SAS,0.9246
VARDHAN     ,SAS,1
VAREE       ,TH,0.9443
VARGHEESE   ,SAS,1
VARGHESE    ,SAS,0.944
VARIA       ,SAS,0.8493
VARIAS      ,RP,0.8759
VARILLA     ,RP,0.957
VARKEY      ,SAS,0.9618
VARMA       ,SAS,0.8707
VARMAN      ,SAS,0.8125
VARQUEZ     ,RP,0.9203
VARRE       ,SAS,0.9979
VARRON      ,RP,0.7139
VARSHNEY    ,SAS,0.9851
VARTAK      ,SAS,0.9739
VARUGHESE   ,SAS,0.9559
VASA        ,SAS,0.8725
VASAN       ,SAS,0.9354
VASANDANI   ,SAS,0.6944
VASANI      ,SAS,0.9754
VASANT      ,SAS,0.88
VASANTH     ,SAS,0.9999
VASANTHAKUMA,SAS,0.8113
VASAVADA    ,SAS,0.9756
VASHI       ,SAS,0.9248
VASHISHT    ,SAS,0.9799
VASHISHTA   ,SAS,1
VASHISHTHA  ,SAS,1
VASHIST     ,SAS,0.957
VASHISTH    ,SAS,1
VASHISTHA   ,SAS,1
VASIREDDI   ,SAS,1
VASIREDDY   ,SAS,1
VASISHT     ,SAS,0.9663
VASISHTA    ,SAS,0.9074
VASOYA      ,SAS,1
VASTANI     ,SAS,1
VASU        ,SAS,0.7615
VASUDEV     ,SAS,1
VASUDEVA    ,SAS,1
VASUDEVAN   ,SAS,0.9747
VASWANI     ,SAS,0.8503
VATH        ,CB,0.6505
VATS        ,SAS,0.9797
VATSA       ,SAS,1
VATTI       ,SAS,1
VATTIKUTI   ,SAS,1
VAVILALA    ,SAS,0.9538
VAY         ,VM,0.623
VAYALIL     ,SAS,1
VAYANI      ,SAS,1
VAZE        ,SAS,1
VAZIR       ,SAS,0.9552
VAZIRANI    ,SAS,1
VE          ,VM,0.6531
VEA         ,RP,0.5162
VED         ,SAS,0.9784
VEDA        ,JA,0.8482
VEDAGIRI    ,SAS,1
VEDALA      ,SAS,1
VEDAM       ,SAS,1
VEDANTAM    ,SAS,1
VEDANTHAM   ,SAS,1
VEDAR       ,RP,0.9999
VEDULA      ,SAS,1
VEERA       ,SAS,0.9444
VEERAMACHANE,SAS,1
VEERAMALLA  ,SAS,1
VEERAMANI   ,SAS,1
VEERAPANENI ,SAS,1
VEERAPPAN   ,SAS,0.9589
VEERARAGHAVA,SAS,1
VEERASAMY   ,SAS,0.7627
VEERAVALLI  ,SAS,1
VEGE        ,SAS,0.9956
VEGESNA     ,SAS,1
VEGI        ,SAS,1
VEGIRAJU    ,SAS,1
VEGO        ,RP,0.639
VEJENDLA    ,SAS,1
VEKARIA     ,SAS,0.8385
VELAGA      ,SAS,1
VELAGAPUDI  ,SAS,1
VELAMURI    ,SAS,1
VELANI      ,SAS,0.8732
VELANTE     ,RP,1
VELAYO      ,RP,1
VELAYUDHAN  ,SAS,1
VELAYUTHAM  ,SAS,0.9426
VELBIS      ,RP,0.9988
VELICARIA   ,RP,1
VELIVELA    ,SAS,1
VELLANKI    ,SAS,1
VELLORE     ,SAS,1
VELMA       ,SAS,0.9578
VELMURUGAN  ,SAS,1
VELORIA     ,RP,0.968
VELPULA     ,SAS,1
VELU        ,SAS,0.8521
VELUCHAMY   ,SAS,0.9492
VELURI      ,SAS,1
VELURU      ,SAS,1
VELUSAMY    ,SAS,0.9797
VELUSWAMY   ,SAS,1
VELUVOLU    ,SAS,1
VELUZ       ,RP,0.9679
VEMIREDDY   ,SAS,1
VEMPARALA   ,SAS,1
VEMPATI     ,SAS,1
VEMUGANTI   ,SAS,1
VEMULA      ,SAS,1
VEMULAPALLI ,SAS,1
VEMURI      ,SAS,0.9947
VEMURU      ,SAS,1
VEN         ,CB,0.7256
VENCER      ,RP,1
VENDIOLA    ,RP,0.9991
VENERACION  ,RP,1
VENEZUELA   ,RP,0.9962
VENG        ,CB,0.8625
VENGALA     ,SAS,1
VENGCO      ,RP,1
VENGURLEKAR ,SAS,1
VENIEGAS    ,RP,0.9989
VENIGALLA   ,SAS,1
VENKAT      ,SAS,0.9957
VENKATA     ,SAS,1
VENKATACHALA,SAS,1
VENKATACHARI,SAS,1
VENKATAKRISH,SAS,1
VENKATARAMAN,SAS,0.9858
VENKATASAMY ,SAS,1
VENKATASUBRA,SAS,1
VENKATASWAMY,SAS,1
VENKATESAN  ,SAS,0.9954
VENKATESH   ,SAS,0.9703
VENKATESHWAR,SAS,1
VENKATESWARA,SAS,0.9918
VENKATRAM   ,SAS,1
VENKATRAMAN ,SAS,1
VENKATRAMANI,SAS,1
VENKITACHALA,SAS,1
VENKITESWARA,SAS,1
VENNA       ,SAS,0.9998
VENNAM      ,SAS,1
VENNAPUSA   ,SAS,1
VENO        ,JA,0.5507
VENTANILLA  ,RP,1
VENTENILLA  ,RP,0.9999
VENTIGAN    ,RP,1
VENTOSA     ,RP,0.5833
VENTRAPRAGAD,SAS,1
VENTURINA   ,RP,1
VENTUROSO   ,RP,0.6332
VENTUS      ,RP,0.7608
VENU        ,SAS,0.913
VENUGOPAL   ,SAS,0.9616
VENUGOPALAN ,SAS,1
VENZON      ,RP,0.9587
VEPA        ,SAS,1
VER         ,RP,0.8528
VERACRUZ    ,RP,0.7315
VERADOR     ,RP,0.9927
VERAN       ,RP,0.5806
VERANI      ,SAS,0.7444
VERANO      ,RP,0.6303
VERCELES    ,RP,1
VERDADERO   ,RP,0.999
VERDAN      ,RP,0.9286
VERDEFLOR   ,RP,1
VERGELDEDI  ,RP,1
VERGHESE    ,SAS,0.897
VERIDIANO   ,RP,1
VERMA       ,SAS,0.9388
VERMANI     ,SAS,0.9231
VERNEKAR    ,SAS,1
VERSOLA     ,RP,0.9927
VERSOZA     ,RP,1
VERTIDO     ,RP,0.9838
VERZOLA     ,RP,0.9772
VERZOSA     ,RP,0.982
VETH        ,CB,0.5324
VHORA       ,SAS,1
VI          ,VM,0.7836
VIADO       ,RP,0.9743
VIAJAR      ,RP,1
VIANZON     ,RP,1
VIBAL       ,RP,1
VIBAR       ,RP,0.9999
VIBHAKAR    ,SAS,0.5208
VICEDO      ,RP,0.7705
VICENCIO    ,RP,0.5585
VICERA      ,RP,0.7551
VICERAL     ,RP,1
VICERRA     ,RP,1
VICHARE     ,SAS,1
VICTA       ,RP,0.9802
VICTORIO    ,RP,0.5048
VIDAD       ,RP,1
VIDALLON    ,RP,1
VIDAMO      ,RP,1
VIDANES     ,RP,1
VIDENA      ,RP,1
VIDUYA      ,RP,0.9705
VIDWANS     ,SAS,1
VIDYARTHI   ,SAS,1
VIDYASAGAR  ,SAS,1
VIEN        ,VM,0.9084
VIERNES     ,RP,0.9485
VIET        ,VM,0.839
VIG         ,SAS,0.6597
VIGILIA     ,RP,0.9624
VIJ         ,SAS,0.98
VIJAY       ,SAS,0.9344
VIJAYAKUMAR ,SAS,0.9603
VIJAYALAKSHM,SAS,0.9516
VIJAYAN     ,SAS,0.9707
VIJAYARAGHAV,SAS,1
VIJAYKUMAR  ,SAS,1
VIJAYVARGIYA,SAS,1
VIKRAM      ,SAS,0.9999
VILAVONG    ,LA,0.8884
VILAY       ,LA,0.8738
VILAYPHANH  ,LA,0.8286
VILAYPHONE  ,LA,0.9997
VILAYSACK   ,LA,0.9424
VILAYSANE   ,LA,0.924
VILAYTHONG  ,LA,0.9464
VILAYVANH   ,LA,0.9034
VILAYVONG   ,LA,0.9297
VILDA       ,RP,0.9996
VILETA      ,RP,0.8028
VILLABROZA  ,RP,1
VILLACARLOS ,RP,0.9595
VILLACERAN  ,RP,1
VILLACORTE  ,RP,0.9999
VILLACRUSIS ,RP,1
VILLADELGADO,RP,1
VILLADOLID  ,RP,1
VILLAFANIA  ,RP,0.9313
VILLAFLOR   ,RP,0.9749
VILLAFLORES ,RP,0.7089
VILLAGONZALO,RP,1
VILLAGRACIA ,RP,0.9793
VILLAHERMOSA,RP,0.9609
VILLAJIN    ,RP,1
VILLAJUAN   ,RP,0.8
VILLALUNA   ,RP,0.9363
VILLALUZ    ,RP,0.9885
VILLAMARIA  ,RP,0.9312
VILLAMATER  ,RP,1
VILLAMAYOR  ,RP,0.8466
VILLAMENA   ,RP,0.8919
VILLAMIN    ,RP,1
VILLAMOR    ,RP,0.9226
VILLAMORA   ,RP,0.6429
VILLAN      ,RP,0.6505
VILLANIA    ,RP,0.9143
VILLANOS    ,RP,1
VILLAPANDO  ,RP,0.6224
VILLARAMA   ,RP,0.983
VILLARANTE  ,RP,1
VILLARAZA   ,RP,1
VILLARBA    ,RP,1
VILLARETE   ,RP,1
VILLARICA   ,RP,1
VILLARICO   ,RP,0.8619
VILLARIN    ,RP,0.942
VILLARO     ,RP,0.8995
VILLAROMAN  ,RP,1
VILLAROS    ,RP,0.99
VILLAROSA   ,RP,0.9882
VILLARRUZ   ,RP,1
VILLARTA    ,RP,0.9137
VILLARUEL   ,RP,0.8098
VILLARUZ    ,RP,1
VILLAS      ,RP,0.7621
VILLASIN    ,RP,1
VILLASIS    ,RP,0.5926
VILLASISTA  ,RP,0.9998
VILLAVER    ,RP,0.9999
VILLAVERT   ,RP,1
VILLEJO     ,RP,0.9999
VILLENA     ,RP,0.6901
VILLENAS    ,RP,0.6449
VILLERO     ,RP,0.9069
VILLEZA     ,RP,0.9699
VILLONES    ,RP,0.939
VILLONGCO   ,RP,1
VILLORENTE  ,RP,1
VILLOSO     ,RP,1
VILORIA     ,RP,0.7441
VIN         ,CB,0.722
VINALON     ,RP,0.9999
VINARAO     ,RP,1
VINAY       ,SAS,0.6008
VINAYAK     ,SAS,1
VINCECRUZ   ,RP,0.9999
VINCO       ,RP,0.903
VINH        ,VM,0.8877
VINJAMURI   ,SAS,1
VINLUAN     ,RP,0.9847
VINNAKOTA   ,SAS,1
VINO        ,RP,0.9677
VINOD       ,SAS,0.8814
VINODKUMAR  ,SAS,1
VINORAY     ,RP,0.9993
VINOYA      ,RP,1
VINTA       ,SAS,0.9973
VINUYA      ,RP,0.96
VINZON      ,RP,0.9457
VIOLAGO     ,RP,1
VIOS        ,RP,0.9934
VIR         ,SAS,0.7031
VIRA        ,SAS,0.5611
VIRADIA     ,SAS,1
VIRANI      ,SAS,0.8531
VIRATA      ,RP,0.983
VIRAVONG    ,LA,0.918
VIRAY       ,RP,0.9818
VIRDI       ,SAS,0.8892
VIRI        ,RP,0.8741
VIRK        ,SAS,0.9293
VIRMANI     ,SAS,0.9077
VIROLA      ,RP,0.5831
VIRREY      ,RP,0.5134
VIRTUCIO    ,RP,0.97
VIRTUDAZO   ,RP,1
VIRTUDES    ,RP,0.8916
VIRTUSIO    ,RP,1
VISAYA      ,RP,0.958
VISDA       ,RP,1
VISHAL      ,SAS,1
VISHNOI     ,SAS,1
VISHNU      ,SAS,0.6499
VISHNUBHATLA,SAS,1
VISHNUBHOTLA,SAS,1
VISHWAKARMA ,SAS,1
VISHWANATH  ,SAS,1
VISHWANATHAN,SAS,1
VISITACION  ,RP,0.9994
VISON       ,RP,0.8176
VISORIA     ,RP,0.9719
VISPERAS    ,RP,0.9999
VISPO       ,RP,0.7297
VISSA       ,SAS,0.9983
VISTA       ,RP,0.9958
VISTAN      ,RP,1
VISTE       ,RP,0.8308
VISTO       ,RP,0.9598
VISTRO      ,RP,0.9215
VISVANATHAN ,SAS,0.8534
VISWANADHA  ,SAS,1
VISWANATH   ,SAS,0.9839
VISWANATHA  ,SAS,1
VISWANATHAN ,SAS,0.9833
VISWESWARAN ,SAS,1
VITALES     ,RP,0.5672
VITALICH    ,RP,0.8294
VITAN       ,RP,0.6
VITANGCOL   ,RP,1
VITERBO     ,RP,0.6483
VITH        ,CB,0.9112
VITHALANI   ,SAS,1
VITHAYATHIL ,SAS,1
VITHLANI    ,SAS,0.5349
VITO        ,RP,0.518
VITOCRUZ    ,RP,1
VITTA       ,SAS,0.6903
VITTAL      ,SAS,1
VITUG       ,RP,0.9883
VIVEK       ,SAS,0.9459
VIVEKANANDAN,SAS,0.875
VIVIT       ,RP,0.9961
VIZCAYNO    ,RP,0.9231
VIZCONDE    ,RP,1
VIZMANOS    ,RP,0.9996
VO          ,VM,0.9564
VOCAL       ,RP,0.7575
VODEGEL     ,BIA,0.7743
VOEUN       ,CB,0.7226
VOHRA       ,SAS,0.9398
VOLE        ,VM,0.714
VOLETI      ,SAS,1
VOLUNTAD    ,RP,0.9956
VON         ,CB,0.5217
VONG        ,VM,0.6648
VONGCHANH   ,LA,0.931
VONGDARA    ,LA,0.9363
VONGDEUANE  ,LA,1
VONGKAYSONE ,LA,1
VONGKHAMCHAN,LA,0.9422
VONGKOTH    ,LA,0.8749
VONGNAKHONE ,LA,0.8787
VONGNARATH  ,LA,1
VONGPANYA   ,LA,1
VONGPHACHANH,LA,0.9242
VONGPHAKDY  ,LA,0.9349
VONGPHASOUK ,LA,0.9997
VONGPHOUTHON,LA,0.8234
VONGPHRACHAN,LA,0.9333
VONGPRACHANH,LA,0.9727
VONGSA      ,LA,0.8941
VONGSALY    ,LA,0.8358
VONGSAMPHANH,LA,0.9999
VONGSAPHAY  ,LA,0.9999
VONGSAVANH  ,LA,0.9459
VONGSAVATH  ,LA,0.8762
VONGSAY     ,LA,0.9219
VONGSOURY   ,LA,0.8749
VONGSOUTHI  ,LA,0.8823
VONGSOUVANH ,LA,0.86
VONGSY      ,LA,0.9411
VONGUYEN    ,VM,0.9994
VONGVILAY   ,LA,0.907
VONGXAY     ,LA,0.9129
VONN        ,CB,0.7025
VOON        ,MY,0.8803
VOONG       ,VM,0.8852
VOORA       ,SAS,1
VORA        ,SAS,0.9531
VORABOUTH   ,LA,0.9285
VORACHACK   ,LA,0.8982
VORACHAK    ,LA,0.9259
VORACHITH   ,LA,0.9188
VORARATH    ,LA,0.9997
VORASANE    ,LA,0.9342
VORAVONG    ,LA,0.9318
VORN        ,CB,0.849
VORNG       ,CB,0.9999
VORUGANTI   ,SAS,1
VOUN        ,CB,0.8947
VOUNG       ,LA,0.5158
VOVAN       ,VM,0.8397
VU          ,VM,0.9507
VUE         ,LA,0.712
VUN         ,CB,0.5454
VUNG        ,BM,0.9124
VUNGUYEN    ,VM,0.997
VUNNAM      ,SAS,1
VUONG       ,VM,0.9177
VUPPALA     ,SAS,1
VUPPALAPATI ,SAS,1
VURA        ,SAS,0.8449
VUTH        ,CB,0.8036
VUTUKURI    ,SAS,1
VUTUKURU    ,SAS,1
VUU         ,VM,0.9862
VUYYURU     ,SAS,1
VY          ,VM,0.812
VYAS        ,SAS,0.9172
VYTLA       ,SAS,1
WABE        ,RP,0.6857
WACHI       ,JA,0.998
WADA        ,JA,0.9464
WADEHRA     ,SAS,1
WADEKAR     ,SAS,1
WADHAWAN    ,SAS,0.9691
WADHERA     ,SAS,0.9639
WADHWA      ,SAS,0.9478
WADHWANI    ,SAS,0.8659
WADIA       ,SAS,0.8553
WADIWALA    ,SAS,1
WADOOD      ,SAS,0.6101
WADUD       ,SAS,0.9762
WAGAN       ,RP,0.7199
WAGAS       ,RP,1
WAGATSUMA   ,JA,0.9809
WAGE        ,RP,0.6055
WAGH        ,SAS,1
WAGHELA     ,SAS,0.9
WAGHMARE    ,SAS,1
WAGHRAY     ,SAS,1
WAGLE       ,SAS,0.5863
WAH         ,BM,0.519
WAHAJ       ,SAS,0.5526
WAHAL       ,SAS,0.9599
WAHED       ,SAS,0.55
WAHEDI      ,AF,0.8298
WAHEED      ,SAS,0.8583
WAHI        ,SAS,0.9244
WAHID       ,SAS,0.6057
WAHIDI      ,AF,0.6981
WAHJUDI     ,BIA,0.8269
WAHLA       ,SAS,0.9999
WAHYUDI     ,BIA,0.8942
WAHYUNI     ,BIA,0.9412
WAI         ,GCA,0.6303
WAIKAR      ,SAS,1
WAIZ        ,AF,0.5427
WAJAHAT     ,SAS,1
WAJE        ,RP,0.6905
WAJID       ,SAS,0.9429
WAJIMA      ,JA,1
WAKABAYASHI ,JA,0.9356
WAKAI       ,JA,0.8613
WAKAMATSU   ,JA,0.9671
WAKAMIYA    ,JA,0.9998
WAKAMOTO    ,JA,0.8377
WAKAO       ,JA,1
WAKASA      ,JA,0.9997
WAKASUGI    ,JA,1
WAKATSUKI   ,JA,0.9764
WAKAYAMA    ,JA,0.9713
WAKI        ,JA,0.9347
WAKIDA      ,JA,0.9136
WAKILI      ,AF,0.7692
WAKIMOTO    ,JA,0.9998
WAKISAKA    ,JA,1
WAKITA      ,JA,1
WAKIYAMA    ,JA,1
WAKUI       ,JA,1
WAKUMOTO    ,JA,0.7285
WALAVALKAR  ,SAS,1
WALEED      ,SAS,0.6147
WALIA       ,SAS,0.943
WALIANY     ,SAS,0.9995
WALIZADA    ,AF,1
WALVEKAR    ,SAS,1
WAN         ,GCA,0.8745
WANCHOO     ,SAS,1
WANG        ,GCA,0.9584
WANGCHEN    ,GCA,1
WANGDU      ,GCA,0.5955
WANGLEE     ,GCA,0.6184
WANGYAL     ,GCA,0.5278
WANI        ,SAS,0.6171
WANKHEDE    ,SAS,1
WAQAR       ,SAS,0.9733
WAQAS       ,SAS,0.9751
WAR         ,BM,0.5202
WARAICH     ,SAS,1
WARDAK      ,AF,0.8156
WARDHANA    ,BIA,0.8382
WARIS       ,SAS,0.8755
WARKE       ,SAS,0.6016
WARRAICH    ,SAS,0.9735
WARRIACH    ,SAS,1
WARRIER     ,SAS,1
WARSI       ,SAS,0.9317
WASEEM      ,SAS,0.9534
WASHIO      ,JA,1
WASI        ,SAS,0.8649
WASIM       ,SAS,0.9384
WASTI       ,SAS,0.9745
WAT         ,GCA,0.9418
WATABE      ,JA,0.9864
WATADA      ,JA,0.8456
WATAI       ,JA,0.7904
WATANABE    ,JA,0.9473
WATANUKI    ,JA,0.9997
WATARAI     ,JA,0.9999
WATARI      ,JA,0.9675
WATASE      ,JA,0.9764
WAUNG       ,GCA,0.8537
WAWORUNTU   ,BIA,0.9048
WAZIR       ,SAS,0.6458
WAZIRI      ,AF,0.7448
WE          ,XK,0.6635
WEERAKKODY  ,CE,1
WEERAKOON   ,CE,1
WEERASEKERA ,CE,1
WEERASINGHE ,CE,0.8289
WEERASOORIYA,CE,1
WEERASURIYA ,CE,0.8947
WEI         ,GCA,0.9578
WEN         ,GCA,0.964
WENCESLAO   ,RP,0.7595
WENG        ,GCA,0.9768
WEON        ,XK,1
WEY         ,GCA,0.5803
WHANG       ,XK,0.9033
WHIGAN      ,RP,0.9864
WI          ,XK,0.8819
WIBAWA      ,BIA,0.863
WIBISONO    ,BIA,0.9222
WIBOWO      ,BIA,0.8581
WICAKSONO   ,BIA,0.9273
WICKRAMANAYA,CE,1
WICKRAMARATN,CE,0.9444
WICKRAMASING,CE,0.905
WICKREMASING,CE,0.9268
WIDJAJA     ,BIA,0.8837
WIDJANARKO  ,BIA,0.9111
WIDJAYA     ,BIA,0.8706
WIDJOJO     ,BIA,0.8983
WIDODO      ,BIA,0.9301
WIE         ,XK,0.7927
WIG         ,SAS,0.6108
WIGUNA      ,BIA,0.8936
WIJANGCO    ,RP,1
WIJAYA      ,BIA,0.8942
WIJERATNE   ,CE,0.9278
WIJESEKERA  ,CE,0.9491
WIJESINGHE  ,CE,0.8629
WIJESURIYA  ,CE,1
WIJETUNGA   ,CE,1
WIJONO      ,BIA,0.8448
WILLKOM     ,RP,0.9743
WIN         ,BM,0.7981
WINARTO     ,BIA,0.8841
WINATA      ,BIA,0.8862
WINOTO      ,BIA,0.9123
WIRAWAN     ,BIA,0.9396
WISCO       ,RP,0.9952
WO          ,GCA,0.8768
WOHN        ,XK,0.8767
WON         ,XK,0.8982
WONG        ,GCA,0.7152
WONGCHAN    ,GCA,0.9151
WONGLEE     ,GCA,1
WONGSO      ,BIA,0.8378
WOU         ,GCA,0.7776
WU          ,GCA,0.956
WUCHEN      ,GCA,0.9048
WULIN       ,GCA,1
WUN         ,GCA,0.7705
WUNG        ,GCA,0.9124
WUNNAVA     ,SAS,1
WUU         ,GCA,1
WY          ,RP,0.8808
WYCOCO      ,RP,1
XA          ,VM,1
XAYACHACK   ,LA,0.8603
XAYACHAK    ,LA,0.6999
XAYADETH    ,LA,0.9332
XAYAPHET    ,LA,0.8837
XAYARATH    ,LA,0.9041
XAYASANE    ,LA,0.9428
XAYASITH    ,LA,0.8196
XAYASONE    ,LA,1
XAYASOUK    ,LA,0.8925
XAYAVONG    ,LA,0.8383
XAYAVONGSA  ,LA,0.9387
XAYKOSY     ,LA,0.9995
XAYPANYA    ,LA,0.8461
XAYSANA     ,LA,0.9479
XAYSONGKHAM ,LA,0.9423
XI          ,GCA,0.9764
XIA         ,GCA,0.9898
XIAN        ,GCA,0.9413
XIANG       ,GCA,0.9321
XIAO        ,GCA,0.9894
XIE         ,GCA,0.9849
XIN         ,GCA,0.9633
XING        ,GCA,0.9954
XIONG       ,LA,0.566
XIU         ,GCA,0.9726
XU          ,GCA,0.9788
XUAN        ,GCA,0.9444
XUE         ,GCA,0.9934
XUN         ,GCA,1
Y           ,VM,0.7896
YAACOB      ,MY,0.936
YABE        ,JA,0.9881
YABES       ,RP,0.9771
YABIKU      ,JA,0.7062
YABO        ,RP,0.7377
YABU        ,JA,1
YABUKI      ,JA,1
YABUMOTO    ,JA,0.9869
YABUSAKI    ,JA,0.9971
YABUT       ,RP,0.993
YABUTA      ,JA,0.9474
YABUUCHI    ,JA,1
YACAPIN     ,RP,0.9624
YADA        ,JA,0.6418
YADAGIRI    ,SAS,1
YADAO       ,RP,0.9882
YADAV       ,SAS,0.9132
YADAVA      ,SAS,1
YADAVALLI   ,SAS,1
YADDANAPUDI ,SAS,1
YADLAPALLI  ,SAS,1
YADLAPATI   ,SAS,1
YAE         ,XK,0.6232
YAEGASHI    ,JA,0.9655
YAFUSO      ,JA,0.5705
YAGAMI      ,JA,0.9999
YAGASAKI    ,JA,1
YAGI        ,JA,0.9515
YAGIN       ,RP,0.999
YAGINUMA    ,JA,0.9231
YAGISAWA    ,JA,1
YAGISHITA   ,JA,1
YAGNIK      ,SAS,1
YAGO        ,RP,0.8037
YAGUCHI     ,JA,1
YAGYU       ,JA,1
YAHAGI      ,JA,1
YAHARA      ,JA,0.9718
YAHATA      ,JA,1
YAHAYA      ,MY,0.5588
YAHIRO      ,JA,0.9987
YAJI        ,JA,0.7856
YAJIMA      ,JA,1
YAJNIK      ,SAS,0.96
YAKABE      ,JA,0.9999
YAKURA      ,JA,0.9962
YAKUSHIJI   ,JA,1
YALAMANCHI  ,SAS,1
YALAMANCHILI,SAS,1
YALAVARTHI  ,SAS,1
YALLA       ,SAS,1
YALLAPRAGADA,SAS,1
YALONG      ,RP,0.9999
YALUNG      ,RP,1
YAM         ,GCA,0.6149
YAMABE      ,JA,1
YAMACHIKA   ,JA,0.9325
YAMADA      ,JA,0.9412
YAMAGA      ,JA,1
YAMAGAMI    ,JA,1
YAMAGATA    ,JA,0.9536
YAMAGISHI   ,JA,0.9941
YAMAGIWA    ,JA,0.9998
YAMAGUCHI   ,JA,0.9564
YAMAJI      ,JA,1
YAMAKAMI    ,JA,1
YAMAKAWA    ,JA,0.9341
YAMAKI      ,JA,0.9809
YAMAKOSHI   ,JA,1
YAMAMI      ,JA,0.9927
YAMAMORI    ,JA,1
YAMAMOTO    ,JA,0.9359
YAMAMURA    ,JA,0.8978
YAMAMURO    ,JA,1
YAMANA      ,JA,0.9589
YAMANAKA    ,JA,0.9565
YAMANASHI   ,JA,1
YAMANE      ,JA,0.9016
YAMANISHI   ,JA,1
YAMANO      ,JA,0.9781
YAMANOHA    ,JA,0.7687
YAMANOI     ,JA,1
YAMANOUCHI  ,JA,1
YAMAO       ,JA,1
YAMAOKA     ,JA,0.9749
YAMASAKI    ,JA,0.8987
YAMASATO    ,JA,0.7701
YAMASE      ,JA,0.9202
YAMASHIRO   ,JA,0.7205
YAMASHITA   ,JA,0.9365
YAMAT       ,RP,1
YAMATANI    ,JA,1
YAMATE      ,JA,0.9617
YAMATO      ,JA,0.9999
YAMAUCHI    ,JA,0.9493
YAMAURA     ,JA,0.9397
YAMAWAKI    ,JA,0.9735
YAMAYA      ,JA,1
YAMAZAKI    ,JA,0.9771
YAMBAO      ,RP,0.9905
YAMBOT      ,RP,0.9999
YAMEEN      ,SAS,0.6103
YAMSON      ,RP,0.5238
YAMSUAN     ,RP,0.9362
YAMZON      ,RP,1
YAN         ,GCA,0.9223
YANAGA      ,JA,0.9325
YANAGAWA    ,JA,0.9689
YANAGI      ,JA,0.9508
YANAGIDA    ,JA,1
YANAGIHARA  ,JA,0.9943
YANAGIMOTO  ,JA,1
YANAGISAWA  ,JA,0.981
YANAGITA    ,JA,1
YANAI       ,JA,0.74
YANAKA      ,JA,1
YANAMADALA  ,SAS,1
YANAMANDRA  ,SAS,1
YANASE      ,JA,1
YANDALL     ,RP,0.5062
YANDOC      ,RP,1
YANE        ,JA,0.7218
YANEZA      ,RP,1
YANG        ,GCA,0.6047
YANGA       ,RP,0.8656
YANGCHEN    ,GCA,0.5556
YANGCO      ,RP,1
YANGO       ,RP,0.7763
YANIT       ,RP,1
YANN        ,CB,0.7355
YANO        ,JA,0.8981
YANOGACIO   ,RP,0.9999
YANOS       ,RP,0.9705
YANSON      ,RP,0.9924
YANTO       ,RP,0.6667
YANUARIA    ,RP,0.9995
YAO         ,GCA,0.8907
YAPA        ,CE,0.8491
YAPTANGCO   ,RP,0.9976
YAQOOB      ,SAS,0.6937
YAQUB       ,SAS,0.6176
YAQUBI      ,AF,0.9583
YARANON     ,RP,0.9988
YARLAGADDA  ,SAS,1
YARRA       ,SAS,0.5517
YARRAM      ,SAS,1
YASAKI      ,JA,0.9919
YASAY       ,RP,0.9801
YASHIKI     ,JA,0.9999
YASHIMA     ,JA,1
YASHIRO     ,JA,0.9833
YASINI      ,AF,0.6667
YASIR       ,SAS,0.8069
YASMEEN     ,SAS,1
YASMIN      ,SAS,0.9856
YASUDA      ,JA,0.9688
YASUE       ,JA,1
YASUHARA    ,JA,0.9422
YASUI       ,JA,0.9695
YASUKAWA    ,JA,0.9816
YASUKOCHI   ,JA,0.9662
YASUMOTO    ,JA,1
YASUMURA    ,JA,0.998
YASUNAGA    ,JA,0.9711
YASUOKA     ,JA,1
YASUTAKE    ,JA,0.9395
YASUTOMI    ,JA,1
YATA        ,JA,0.6774
YATABE      ,JA,0.8571
YATCO       ,RP,1
YATH        ,CB,0.787
YATO        ,JA,1
YATSU       ,JA,0.9995
YAU         ,GCA,0.8732
YAWATA      ,JA,0.8193
YAZAKI      ,JA,0.9789
YAZAWA      ,JA,0.9622
YBANEZ      ,RP,0.7691
YBAY        ,RP,1
YCO         ,RP,0.9999
YE          ,GCA,0.9472
YEA         ,XK,0.6176
YEAM        ,XK,0.5216
YEAN        ,CB,0.5514
YEAP        ,MY,0.7854
YEASMIN     ,SAS,0.9715
YECHURI     ,SAS,1
YEDAVALLI   ,SAS,0.9999
YEDDULA     ,SAS,1
YEDLA       ,SAS,1
YEE         ,GCA,0.6817
YEH         ,GCA,0.9296
YEI         ,GCA,0.516
YELAMANCHILI,SAS,1
YELESWARAPU ,SAS,1
YELISETTY   ,SAS,1
YELLA       ,SAS,1
YELLAPRAGADA,SAS,1
YELURI      ,SAS,1
YEM         ,CB,0.7403
YEN         ,GCA,0.8771
YENAMANDRA  ,SAS,1
YENDLURI    ,SAS,1
YENKO       ,RP,0.9996
YENNA       ,SAS,0.5701
YEOH        ,MY,0.8146
YEOM        ,XK,0.9915
YEON        ,XK,0.9871
YEONG       ,MY,0.65
YEOW        ,MY,0.6901
YEP         ,GCA,0.5731
YERNENI     ,SAS,1
YERRA       ,SAS,1
YERRAM      ,SAS,1
YERRAMILLI  ,SAS,1
YERRAMSETTI ,SAS,1
YERRAMSETTY ,SAS,1
YERRO       ,RP,1
YERUVA      ,SAS,1
YESMIN      ,SAS,1
YETURU      ,SAS,1
YEU         ,XK,0.5524
YEUM        ,XK,1
YEUN        ,XK,0.6292
YEUNG       ,GCA,0.9301
YI          ,XK,0.8208
YICK        ,GCA,0.8435
YIE         ,XK,0.5238
YIEH        ,GCA,0.8889
YIEN        ,GCA,0.5383
YIH         ,GCA,0.9538
YII         ,MY,0.7442
YIK         ,GCA,0.5481
YIM         ,XK,0.582
YIN         ,GCA,0.8351
YING        ,GCA,0.8951
YIP         ,GCA,0.7857
YIU         ,GCA,0.9251
YIV         ,CB,0.9999
YLAGAN      ,RP,1
YLANAN      ,RP,1
YLARDE      ,RP,1
YLAYA       ,RP,1
YN          ,VM,0.7776
YO          ,XK,0.6042
YODA        ,JA,0.9482
YOEUN       ,CB,0.7877
YOEUNG      ,CB,0.8409
YOGI        ,JA,0.6056
YOHANNAN    ,SAS,0.9758
YOINGCO     ,RP,1
YOK         ,CB,0.8
YOKO        ,JA,0.8493
YOKOCHI     ,JA,1
YOKOE       ,JA,1
YOKOGAWA    ,JA,0.9987
YOKOI       ,JA,1
YOKOKAWA    ,JA,1
YOKOMIZO    ,JA,0.9578
YOKONO      ,JA,0.9998
YOKOO       ,JA,0.981
YOKOTA      ,JA,0.965
YOKOTE      ,JA,0.9984
YOKOUCHI    ,JA,1
YOKOYAMA    ,JA,0.9648
YOKOZAWA    ,JA,1
YOLANGCO    ,RP,1
YOLO        ,RP,0.9766
YOM         ,XK,0.915
YOMOGIDA    ,JA,0.9608
YONAHA      ,JA,0.8965
YONASHIRO   ,JA,0.8738
YONATHAN    ,BIA,0.5704
YONE        ,JA,0.6201
YONEDA      ,JA,0.9903
YONEHARA    ,JA,0.9559
YONEKAWA    ,JA,1
YONEKURA    ,JA,0.9742
YONEMITSU   ,JA,0.9972
YONEMORI    ,JA,0.9056
YONEMOTO    ,JA,0.8907
YONEMURA    ,JA,0.9446
YONEOKA     ,JA,0.8814
YONETANI    ,JA,0.9995
YONEYAMA    ,JA,0.9598
YONEZAWA    ,JA,0.9837
YONN        ,CB,0.666
YONZON      ,RP,0.6897
YOO         ,XK,0.9688
YOOK        ,XK,0.9763
YOON        ,XK,0.9681
YOONG       ,MY,0.7273
YORITA      ,JA,0.9596
YORN        ,CB,0.7826
YORO        ,RP,0.8636
YOROZU      ,JA,1
YORT        ,CB,0.844
YOS         ,CB,0.7079
YOSHIDA     ,JA,0.9482
YOSHIE      ,JA,1
YOSHIHARA   ,JA,0.9837
YOSHIHASHI  ,JA,1
YOSHIHIRO   ,JA,0.9998
YOSHII      ,JA,1
YOSHIKANE   ,JA,0.9836
YOSHIKAWA   ,JA,0.96
YOSHIKI     ,JA,0.9999
YOSHIMATSU  ,JA,1
YOSHIMI     ,JA,0.9999
YOSHIMITSU  ,JA,0.9997
YOSHIMIZU   ,JA,1
YOSHIMORI   ,JA,0.9989
YOSHIMOTO   ,JA,0.9013
YOSHIMURA   ,JA,0.9454
YOSHINAGA   ,JA,0.905
YOSHINAKA   ,JA,0.9987
YOSHINARI   ,JA,1
YOSHINO     ,JA,0.9644
YOSHIOKA    ,JA,0.9393
YOSHITAKE   ,JA,1
YOSHITANI   ,JA,1
YOSHITOMI   ,JA,1
YOSHIURA    ,JA,1
YOSHIWARA   ,JA,0.977
YOSHIYAMA   ,JA,0.9248
YOSHIZAKI   ,JA,0.9793
YOSHIZAWA   ,JA,0.9863
YOSHIZUMI   ,JA,0.898
YOTSUYA     ,JA,0.9944
YOUK        ,XK,0.5245
YOUM        ,XK,0.9407
YOUN        ,XK,0.9458
YOUNAS      ,SAS,0.9776
YOUNUS      ,SAS,0.8111
YOUS        ,CB,0.7567
YOUSAF      ,SAS,0.9426
YOUSAFI     ,AF,0.7879
YOUSAFZAI   ,SAS,0.5417
YOUSOFI     ,AF,0.5143
YOUSUF      ,SAS,0.6459
YOUSUFI     ,AF,0.5795
YOUSUFZAI   ,AF,0.5146
YOZA        ,JA,0.6638
YPARRAGUIRRE,RP,0.5812
YPIL        ,RP,1
YPON        ,RP,1
YRAY        ,RP,0.9945
YSIP        ,RP,1
YSMAEL      ,RP,0.8632
YTURRALDE   ,RP,0.6487
YU          ,GCA,0.801
YUAN        ,GCA,0.968
YUASA       ,JA,1
YUDA        ,JA,0.8515
YUE         ,GCA,0.9158
YUEH        ,GCA,0.9474
YUEN        ,GCA,0.8907
YUGE        ,JA,1
YUH         ,XK,0.6695
YUHAN       ,XK,0.7069
YUHARA      ,JA,0.9286
YUI         ,JA,0.5469
YUJUICO     ,RP,0.9999
YUK         ,XK,0.6389
YUKAWA      ,JA,1
YUKI        ,JA,0.9496
YUKO        ,JA,0.9347
YULIANTO    ,BIA,0.881
YULO        ,RP,0.9506
YUM         ,XK,0.8492
YUMANG      ,RP,1
YUMOL       ,RP,1
YUMOTO      ,JA,1
YUMUL       ,RP,0.9935
YUN         ,XK,0.8554
YUNAS       ,SAS,0.697
YUNE        ,XK,0.9574
YUNG        ,GCA,0.8735
YUNUS       ,SAS,0.5592
YURA        ,JA,0.6671
YURI        ,JA,0.6923
YURONG      ,RP,0.774
YUSA        ,JA,0.9663
YUSAF       ,SAS,0.6479
YUSI        ,RP,0.9471
YUSOF       ,MY,0.9154
YUSOFF      ,MY,0.9466
YUSON       ,RP,0.9623
YUSUFI      ,AF,0.8482
YUSUFZAI    ,AF,0.5487
YUTANI      ,JA,0.8103
YUTH        ,CB,0.884
YUTUC       ,RP,1
YUVARAJ     ,SAS,0.9967
YUVIENCO    ,RP,1
YUWONO      ,BIA,0.8333
YUYAMA      ,JA,1
YUZAWA      ,JA,1
YUZON       ,RP,0.9712
ZA          ,BM,0.6765
ZABAL       ,RP,0.6527
ZABALLERO   ,RP,1
ZABARTE     ,RP,0.8964
ZABAT       ,RP,1
ZABIN       ,SAS,0.7007
ZABLAN      ,RP,0.9632
ZACHARIA    ,SAS,0.6142
ZACHARIAH   ,SAS,0.8763
ZADRAN      ,AF,0.726
ZAFAR       ,SAS,0.8985
ZAFARI      ,AF,0.5104
ZAFFAR      ,SAS,1
ZAFFER      ,SAS,0.782
ZAGALA      ,RP,0.8416
ZAGUIRRE    ,RP,1
ZAHAN       ,SAS,0.8962
ZAHARI      ,MY,0.8728
ZAHEER      ,SAS,0.9237
ZAHID       ,SAS,0.8752
ZAHIDI      ,SAS,0.5918
ZAHOOR      ,SAS,0.965
ZAIB        ,SAS,1
ZAIDE       ,RP,0.9639
ZAIDI       ,SAS,0.9086
ZAINAB      ,SAS,1
ZAINAL      ,MY,0.7254
ZAINALABIDI ,MY,0.9725
ZAINUDDIN   ,MY,0.5148
ZAITSU      ,JA,1
ZAKIR       ,SAS,0.7344
ZALA        ,SAS,0.8117
ZALAMEA     ,RP,0.6813
ZALAMEDA    ,RP,1
ZALAVADIA   ,SAS,1
ZALDARRIAGA ,RP,1
ZAM         ,BM,0.8703
ZAMAN       ,SAS,0.8602
ZAMAR       ,RP,0.7333
ZAMEER      ,SAS,0.7714
ZAMIN       ,SAS,0.5922
ZANG        ,GCA,0.8278
ZANO        ,RP,0.6521
ZANORIA     ,RP,1
ZANTUA      ,RP,1
ZAPANTA     ,RP,0.9817
ZAPORTEZA   ,RP,1
ZARA        ,RP,0.5604
ZAREEN      ,SAS,1
ZARENO      ,RP,1
ZARIN       ,SAS,0.5007
ZATHANG     ,BM,0.8971
ZAU         ,GCA,0.617
ZAVALLA     ,RP,0.7464
ZAVER       ,SAS,0.6943
ZAVERI      ,SAS,0.9818
ZAW         ,BM,0.8432
ZAYCO       ,RP,1
ZAZAI       ,AF,0.907
ZAZAY       ,AF,0.6562
ZAZI        ,AF,0.8145
ZEB         ,SAS,0.9702
ZEE         ,GCA,0.8524
ZEESHAN     ,SAS,0.9793
ZEHRA       ,SAS,1
ZEKRIA      ,AF,1
ZEL         ,BM,0.7419
ZEN         ,GCA,0.5382
ZENAROSA    ,RP,1
ZENG        ,GCA,0.9793
ZERIN       ,SAS,0.9699
ZERNA       ,RP,0.7867
ZERRUDO     ,RP,1
ZETA        ,RP,0.8906
ZHA         ,GCA,1
ZHAI        ,GCA,0.9774
ZHAN        ,GCA,0.9775
ZHANG       ,GCA,0.9867
ZHAO        ,GCA,0.9892
ZHE         ,GCA,0.7458
ZHEN        ,GCA,0.9919
ZHENG       ,GCA,0.987
ZHI         ,GCA,0.9586
ZHONG       ,GCA,0.9731
ZHOU        ,GCA,0.9859
ZHU         ,GCA,0.9896
ZHUANG      ,GCA,0.9789
ZHUGE       ,GCA,1
ZHUO        ,GCA,0.9902
ZI          ,BM,0.6164
ZIA         ,SAS,0.7219
ZIALCITA    ,RP,0.9114
ZIAUDDIN    ,SAS,0.9508
ZIKRIA      ,AF,0.6665
ZIN         ,BM,0.6479
ZING        ,BM,0.8862
ZIPAGAN     ,RP,1
ZITA        ,RP,0.6758
ZO          ,BM,0.5439
ZOHA        ,SAS,0.9937
ZOHRA       ,SAS,1
ZOLETA      ,RP,0.9366
ZONG        ,GCA,0.9717
ZOPE        ,SAS,1
ZORILLA     ,RP,0.5294
ZOSA        ,RP,0.914
ZOU         ,GCA,0.9933
ZOZOBRADO   ,RP,1
ZU          ,GCA,0.9072
ZUBAIR      ,SAS,0.8801
ZUBAIRI     ,SAS,0.9655
ZUBERI      ,SAS,0.8349
ZUBIRI      ,RP,0.5373
ZUKERAN     ,JA,0.6714
ZULFIQAR    ,SAS,0.9861
ZULKARNAIN  ,BIA,0.8364
ZULKIFLI    ,MY,0.8526
ZULUETA     ,RP,0.7968
ZUMEL       ,RP,0.9999
ZUNG        ,GCA,0.6167
ZUO         ,GCA,0.9313
ZURBANO     ,RP,0.7746
ZUSHI       ,JA,1
ZUTSHI      ,SAS,1
